{"type":"FeatureCollection","features":[{"type":"Feature","properties":{"provincia":"Azuay"},"geometry":{"type":"Polygon","coordinates":[[[-79.764,-3.062],[-79.758,-3.062],[-79.749,-3.052],[-79.75,-3.05],[-79.745,-3.045],[-79.746,-3.03],[-79.74,-3.03],[-79.734,-3.01],[-79.724,-3.015],[-79.712,-3.015],[-79.717,-3.004],[-79.716,-2.994],[-79.718,-2.991],[-79.722,-2.991],[-79.728,-2.986],[-79.726,-2.979],[-79.722,-2.979],[-79.708,-2.973],[-79.7,-2.977],[-79.698,-2.975],[-79.67,-2.971],[-79.66,-2.975],[-79.651,-2.989],[-79.646,-2.989],[-79.651,-2.947],[-79.654,-2.945],[-79.654,-2.941],[-79.648,-2.935],[-79.625,-2.921],[-79.623,-2.917],[-79.615,-2.915],[-79.611,-2.916],[-79.608,-2.912],[-79.599,-2.911],[-79.597,-2.902],[-79.586,-2.893],[-79.593,-2.889],[-79.594,-2.89],[-79.605,-2.881],[-79.609,-2.881],[-79.609,-2.878],[-79.615,-2.87],[-79.615,-2.859],[-79.617,-2.855],[-79.625,-2.854],[-79.626,-2.851],[-79.632,-2.85],[-79.645,-2.837],[-79.653,-2.821],[-79.658,-2.82],[-79.657,-2.818],[-79.647,-2.819],[-79.643,-2.816],[-79.637,-2.816],[-79.635,-2.812],[-79.632,-2.812],[-79.63,-2.806],[-79.626,-2.804],[-79.621,-2.797],[-79.609,-2.792],[-79.618,-2.776],[-79.622,-2.775],[-79.623,-2.772],[-79.621,-2.768],[-79.625,-2.764],[-79.625,-2.761],[-79.622,-2.76],[-79.622,-2.757],[-79.62,-2.756],[-79.621,-2.753],[-79.617,-2.751],[-79.61,-2.752],[-79.606,-2.749],[-79.601,-2.75],[-79.6,-2.745],[-79.597,-2.747],[-79.591,-2.747],[-79.589,-2.745],[-79.569,-2.746],[-79.562,-2.743],[-79.561,-2.731],[-79.557,-2.737],[-79.558,-2.74],[-79.555,-2.74],[-79.554,-2.738],[-79.551,-2.741],[-79.548,-2.739],[-79.543,-2.739],[-79.532,-2.733],[-79.531,-2.73],[-79.528,-2.73],[-79.517,-2.719],[-79.52,-2.709],[-79.528,-2.697],[-79.533,-2.694],[-79.537,-2.686],[-79.541,-2.683],[-79.533,-2.68],[-79.523,-2.667],[-79.519,-2.665],[-79.506,-2.646],[-79.499,-2.642],[-79.495,-2.629],[-79.497,-2.626],[-79.496,-2.624],[-79.487,-2.629],[-79.481,-2.635],[-79.479,-2.643],[-79.472,-2.65],[-79.472,-2.653],[-79.465,-2.654],[-79.454,-2.659],[-79.438,-2.656],[-79.439,-2.624],[-79.444,-2.602],[-79.447,-2.601],[-79.448,-2.597],[-79.43,-2.595],[-79.428,-2.602],[-79.414,-2.616],[-79.413,-2.622],[-79.406,-2.623],[-79.391,-2.631],[-79.381,-2.632],[-79.378,-2.634],[-79.38,-2.623],[-79.376,-2.616],[-79.376,-2.6],[-79.379,-2.594],[-79.377,-2.589],[-79.372,-2.591],[-79.368,-2.589],[-79.37,-2.586],[-79.369,-2.577],[-79.375,-2.56],[-79.373,-2.557],[-79.364,-2.573],[-79.355,-2.578],[-79.348,-2.578],[-79.34,-2.572],[-79.318,-2.574],[-79.316,-2.572],[-79.314,-2.573],[-79.311,-2.569],[-79.305,-2.571],[-79.304,-2.573],[-79.307,-2.581],[-79.309,-2.596],[-79.303,-2.621],[-79.295,-2.625],[-79.294,-2.63],[-79.283,-2.642],[-79.28,-2.651],[-79.277,-2.651],[-79.265,-2.661],[-79.26,-2.661],[-79.258,-2.663],[-79.259,-2.666],[-79.256,-2.669],[-79.248,-2.675],[-79.24,-2.678],[-79.239,-2.686],[-79.231,-2.696],[-79.229,-2.705],[-79.22,-2.713],[-79.215,-2.72],[-79.215,-2.723],[-79.206,-2.722],[-79.199,-2.719],[-79.198,-2.721],[-79.193,-2.721],[-79.186,-2.716],[-79.181,-2.715],[-79.178,-2.72],[-79.173,-2.719],[-79.169,-2.727],[-79.152,-2.734],[-79.146,-2.732],[-79.145,-2.73],[-79.144,-2.715],[-79.13,-2.715],[-79.127,-2.717],[-79.117,-2.717],[-79.115,-2.72],[-79.103,-2.722],[-79.088,-2.729],[-79.074,-2.733],[-79.071,-2.732],[-79.075,-2.729],[-79.076,-2.718],[-79.079,-2.715],[-79.08,-2.71],[-79.079,-2.704],[-79.074,-2.698],[-79.075,-2.696],[-79.044,-2.683],[-79.037,-2.677],[-79.034,-2.678],[-79.031,-2.684],[-79.022,-2.689],[-79.01,-2.71],[-79.011,-2.712],[-79.007,-2.717],[-79.004,-2.717],[-79.006,-2.721],[-79.005,-2.724],[-79.002,-2.726],[-78.991,-2.727],[-78.992,-2.73],[-78.989,-2.736],[-78.995,-2.744],[-78.995,-2.748],[-78.988,-2.749],[-78.977,-2.746],[-78.966,-2.756],[-78.966,-2.758],[-78.953,-2.768],[-78.948,-2.786],[-78.949,-2.788],[-78.946,-2.791],[-78.948,-2.819],[-78.945,-2.827],[-78.942,-2.829],[-78.924,-2.83],[-78.912,-2.836],[-78.9,-2.837],[-78.884,-2.835],[-78.881,-2.829],[-78.874,-2.824],[-78.875,-2.819],[-78.87,-2.82],[-78.869,-2.822],[-78.852,-2.824],[-78.844,-2.822],[-78.84,-2.818],[-78.83,-2.821],[-78.822,-2.826],[-78.819,-2.825],[-78.817,-2.823],[-78.823,-2.81],[-78.823,-2.798],[-78.817,-2.794],[-78.806,-2.781],[-78.795,-2.76],[-78.796,-2.752],[-78.793,-2.744],[-78.793,-2.734],[-78.799,-2.719],[-78.801,-2.719],[-78.8,-2.709],[-78.786,-2.699],[-78.786,-2.692],[-78.783,-2.687],[-78.778,-2.685],[-78.774,-2.675],[-78.77,-2.672],[-78.762,-2.67],[-78.75,-2.674],[-78.745,-2.677],[-78.732,-2.691],[-78.727,-2.689],[-78.723,-2.69],[-78.722,-2.688],[-78.717,-2.69],[-78.706,-2.687],[-78.697,-2.677],[-78.692,-2.679],[-78.69,-2.673],[-78.686,-2.67],[-78.67,-2.678],[-78.665,-2.676],[-78.665,-2.67],[-78.658,-2.655],[-78.637,-2.648],[-78.618,-2.629],[-78.617,-2.626],[-78.623,-2.617],[-78.625,-2.608],[-78.623,-2.596],[-78.62,-2.595],[-78.617,-2.59],[-78.603,-2.585],[-78.591,-2.577],[-78.581,-2.575],[-78.565,-2.554],[-78.562,-2.556],[-78.56,-2.555],[-78.556,-2.56],[-78.56,-2.567],[-78.56,-2.573],[-78.568,-2.592],[-78.565,-2.596],[-78.563,-2.607],[-78.555,-2.617],[-78.538,-2.626],[-78.531,-2.626],[-78.52,-2.589],[-78.506,-2.575],[-78.498,-2.572],[-78.481,-2.573],[-78.474,-2.577],[-78.472,-2.581],[-78.461,-2.591],[-78.444,-2.595],[-78.436,-2.6],[-78.435,-2.608],[-78.426,-2.62],[-78.424,-2.631],[-78.432,-2.636],[-78.438,-2.646],[-78.44,-2.645],[-78.441,-2.648],[-78.446,-2.651],[-78.471,-2.662],[-78.476,-2.663],[-78.484,-2.66],[-78.489,-2.661],[-78.499,-2.669],[-78.515,-2.678],[-78.515,-2.682],[-78.518,-2.687],[-78.531,-2.693],[-78.557,-2.696],[-78.57,-2.705],[-78.577,-2.706],[-78.578,-2.719],[-78.584,-2.726],[-78.593,-2.746],[-78.59,-2.749],[-78.592,-2.761],[-78.595,-2.764],[-78.6,-2.761],[-78.608,-2.777],[-78.617,-2.785],[-78.613,-2.787],[-78.608,-2.794],[-78.596,-2.818],[-78.588,-2.817],[-78.578,-2.827],[-78.578,-2.846],[-78.575,-2.849],[-78.583,-2.856],[-78.588,-2.858],[-78.599,-2.87],[-78.602,-2.874],[-78.602,-2.88],[-78.605,-2.885],[-78.611,-2.89],[-78.617,-2.9],[-78.632,-2.913],[-78.633,-2.916],[-78.628,-2.934],[-78.629,-2.937],[-78.632,-2.938],[-78.637,-2.954],[-78.631,-2.962],[-78.631,-2.969],[-78.638,-2.977],[-78.639,-2.982],[-78.653,-2.987],[-78.659,-2.992],[-78.657,-3.005],[-78.662,-3.007],[-78.665,-3.013],[-78.664,-3.018],[-78.675,-3.029],[-78.676,-3.036],[-78.674,-3.044],[-78.671,-3.048],[-78.673,-3.061],[-78.684,-3.07],[-78.684,-3.085],[-78.687,-3.105],[-78.704,-3.127],[-78.705,-3.123],[-78.715,-3.119],[-78.741,-3.126],[-78.751,-3.126],[-78.763,-3.132],[-78.772,-3.143],[-78.773,-3.147],[-78.77,-3.148],[-78.77,-3.155],[-78.772,-3.16],[-78.775,-3.161],[-78.783,-3.172],[-78.783,-3.182],[-78.789,-3.189],[-78.798,-3.195],[-78.819,-3.218],[-78.826,-3.23],[-78.832,-3.235],[-78.83,-3.239],[-78.835,-3.246],[-78.842,-3.244],[-78.848,-3.234],[-78.857,-3.23],[-78.866,-3.24],[-78.88,-3.25],[-78.891,-3.251],[-78.899,-3.255],[-78.903,-3.265],[-78.911,-3.272],[-78.93,-3.272],[-78.937,-3.276],[-78.935,-3.281],[-78.937,-3.284],[-78.934,-3.294],[-78.942,-3.3],[-78.949,-3.296],[-78.952,-3.297],[-78.954,-3.301],[-78.947,-3.313],[-78.946,-3.33],[-78.945,-3.333],[-78.942,-3.334],[-78.943,-3.342],[-78.957,-3.343],[-78.966,-3.35],[-78.972,-3.352],[-78.98,-3.35],[-78.982,-3.353],[-78.993,-3.356],[-78.994,-3.359],[-79.003,-3.362],[-79.012,-3.355],[-79.013,-3.367],[-79.029,-3.372],[-79.027,-3.377],[-79.028,-3.383],[-79.037,-3.389],[-79.041,-3.394],[-79.055,-3.42],[-79.069,-3.438],[-79.06,-3.44],[-79.055,-3.449],[-79.056,-3.455],[-79.041,-3.474],[-79.041,-3.478],[-79.046,-3.485],[-79.065,-3.5],[-79.07,-3.514],[-79.064,-3.521],[-79.06,-3.535],[-79.052,-3.55],[-79.051,-3.566],[-79.054,-3.571],[-79.052,-3.575],[-79.044,-3.578],[-79.044,-3.581],[-79.054,-3.584],[-79.055,-3.586],[-79.054,-3.596],[-79.058,-3.61],[-79.065,-3.612],[-79.068,-3.618],[-79.084,-3.626],[-79.097,-3.625],[-79.102,-3.628],[-79.105,-3.626],[-79.107,-3.62],[-79.106,-3.616],[-79.109,-3.612],[-79.115,-3.611],[-79.119,-3.601],[-79.129,-3.601],[-79.133,-3.598],[-79.135,-3.584],[-79.133,-3.581],[-79.137,-3.578],[-79.14,-3.568],[-79.14,-3.557],[-79.135,-3.551],[-79.136,-3.543],[-79.133,-3.541],[-79.138,-3.531],[-79.136,-3.528],[-79.142,-3.525],[-79.153,-3.512],[-79.155,-3.506],[-79.159,-3.504],[-79.156,-3.489],[-79.16,-3.48],[-79.159,-3.476],[-79.163,-3.47],[-79.167,-3.471],[-79.168,-3.468],[-79.17,-3.469],[-79.176,-3.467],[-79.177,-3.461],[-79.18,-3.457],[-79.181,-3.441],[-79.184,-3.439],[-79.189,-3.439],[-79.195,-3.446],[-79.207,-3.448],[-79.212,-3.454],[-79.218,-3.454],[-79.221,-3.46],[-79.228,-3.465],[-79.232,-3.462],[-79.243,-3.469],[-79.247,-3.468],[-79.254,-3.472],[-79.257,-3.476],[-79.266,-3.478],[-79.268,-3.476],[-79.271,-3.477],[-79.273,-3.474],[-79.274,-3.477],[-79.279,-3.476],[-79.279,-3.473],[-79.285,-3.467],[-79.289,-3.467],[-79.288,-3.462],[-79.29,-3.461],[-79.292,-3.453],[-79.296,-3.451],[-79.295,-3.449],[-79.298,-3.445],[-79.296,-3.443],[-79.302,-3.436],[-79.302,-3.43],[-79.304,-3.429],[-79.303,-3.418],[-79.301,-3.418],[-79.302,-3.413],[-79.299,-3.407],[-79.304,-3.405],[-79.308,-3.4],[-79.308,-3.395],[-79.305,-3.391],[-79.304,-3.383],[-79.301,-3.377],[-79.301,-3.364],[-79.305,-3.357],[-79.312,-3.355],[-79.312,-3.352],[-79.315,-3.354],[-79.322,-3.35],[-79.327,-3.35],[-79.333,-3.34],[-79.343,-3.343],[-79.35,-3.339],[-79.353,-3.343],[-79.372,-3.345],[-79.376,-3.35],[-79.379,-3.348],[-79.404,-3.345],[-79.407,-3.343],[-79.416,-3.344],[-79.418,-3.342],[-79.422,-3.342],[-79.429,-3.344],[-79.433,-3.342],[-79.435,-3.338],[-79.448,-3.335],[-79.451,-3.331],[-79.467,-3.328],[-79.471,-3.325],[-79.474,-3.319],[-79.482,-3.315],[-79.497,-3.315],[-79.511,-3.311],[-79.514,-3.308],[-79.54,-3.315],[-79.557,-3.314],[-79.563,-3.316],[-79.567,-3.314],[-79.571,-3.315],[-79.58,-3.325],[-79.596,-3.322],[-79.603,-3.326],[-79.608,-3.324],[-79.609,-3.328],[-79.615,-3.328],[-79.616,-3.325],[-79.621,-3.324],[-79.625,-3.326],[-79.629,-3.319],[-79.632,-3.319],[-79.632,-3.321],[-79.637,-3.324],[-79.649,-3.326],[-79.655,-3.326],[-79.66,-3.322],[-79.665,-3.323],[-79.646,-3.301],[-79.642,-3.294],[-79.636,-3.264],[-79.639,-3.261],[-79.639,-3.255],[-79.629,-3.233],[-79.622,-3.227],[-79.606,-3.22],[-79.599,-3.212],[-79.602,-3.192],[-79.598,-3.181],[-79.603,-3.173],[-79.602,-3.17],[-79.608,-3.163],[-79.607,-3.16],[-79.616,-3.154],[-79.62,-3.149],[-79.628,-3.147],[-79.633,-3.142],[-79.634,-3.138],[-79.645,-3.131],[-79.659,-3.128],[-79.681,-3.117],[-79.686,-3.108],[-79.692,-3.105],[-79.703,-3.105],[-79.721,-3.097],[-79.731,-3.097],[-79.739,-3.092],[-79.755,-3.077],[-79.756,-3.071],[-79.762,-3.069],[-79.764,-3.062]]]}},{"type":"Feature","properties":{"provincia":"Bolívar"},"geometry":{"type":"Polygon","coordinates":[[[-79.287,-1.207],[-79.277,-1.205],[-79.264,-1.209],[-79.26,-1.206],[-79.256,-1.206],[-79.254,-1.203],[-79.249,-1.203],[-79.247,-1.2],[-79.243,-1.2],[-79.239,-1.197],[-79.232,-1.188],[-79.227,-1.187],[-79.221,-1.175],[-79.218,-1.174],[-79.215,-1.175],[-79.194,-1.171],[-79.183,-1.172],[-79.177,-1.167],[-79.177,-1.164],[-79.169,-1.161],[-79.157,-1.162],[-79.144,-1.155],[-79.133,-1.163],[-79.123,-1.153],[-79.121,-1.152],[-79.112,-1.156],[-79.107,-1.15],[-79.096,-1.152],[-79.095,-1.154],[-79.089,-1.156],[-79.082,-1.162],[-79.082,-1.164],[-79.08,-1.164],[-79.079,-1.169],[-79.075,-1.171],[-79.072,-1.177],[-79.066,-1.182],[-79.062,-1.182],[-79.057,-1.187],[-79.049,-1.188],[-79.048,-1.195],[-79.042,-1.198],[-79.041,-1.196],[-79.035,-1.198],[-79.027,-1.208],[-79.014,-1.214],[-78.999,-1.217],[-78.996,-1.216],[-78.992,-1.219],[-78.989,-1.217],[-78.989,-1.219],[-78.986,-1.22],[-78.983,-1.215],[-78.98,-1.217],[-78.974,-1.212],[-78.971,-1.213],[-78.964,-1.211],[-78.961,-1.216],[-78.958,-1.216],[-78.952,-1.211],[-78.947,-1.211],[-78.949,-1.206],[-78.944,-1.204],[-78.942,-1.198],[-78.938,-1.196],[-78.934,-1.187],[-78.926,-1.183],[-78.917,-1.184],[-78.909,-1.19],[-78.877,-1.197],[-78.869,-1.192],[-78.869,-1.187],[-78.866,-1.187],[-78.863,-1.192],[-78.872,-1.2],[-78.874,-1.204],[-78.885,-1.212],[-78.893,-1.222],[-78.891,-1.232],[-78.894,-1.24],[-78.889,-1.254],[-78.882,-1.259],[-78.886,-1.26],[-78.887,-1.262],[-78.887,-1.268],[-78.894,-1.281],[-78.893,-1.284],[-78.905,-1.301],[-78.905,-1.305],[-78.914,-1.308],[-78.915,-1.313],[-78.913,-1.315],[-78.913,-1.319],[-78.918,-1.327],[-78.933,-1.337],[-78.935,-1.352],[-78.938,-1.355],[-78.938,-1.36],[-78.928,-1.373],[-78.927,-1.377],[-78.931,-1.384],[-78.925,-1.393],[-78.927,-1.398],[-78.931,-1.4],[-78.922,-1.409],[-78.918,-1.409],[-78.914,-1.42],[-78.91,-1.423],[-78.908,-1.433],[-78.891,-1.452],[-78.886,-1.461],[-78.879,-1.463],[-78.885,-1.465],[-78.877,-1.496],[-78.87,-1.505],[-78.877,-1.524],[-78.876,-1.53],[-78.88,-1.533],[-78.883,-1.539],[-78.885,-1.554],[-78.896,-1.587],[-78.897,-1.6],[-78.89,-1.601],[-78.879,-1.61],[-78.874,-1.61],[-78.873,-1.612],[-78.868,-1.612],[-78.852,-1.618],[-78.852,-1.64],[-78.844,-1.657],[-78.846,-1.67],[-78.849,-1.672],[-78.857,-1.672],[-78.861,-1.677],[-78.862,-1.68],[-78.86,-1.684],[-78.86,-1.691],[-78.866,-1.707],[-78.866,-1.718],[-78.87,-1.72],[-78.873,-1.719],[-78.883,-1.752],[-78.895,-1.748],[-78.902,-1.753],[-78.906,-1.76],[-78.912,-1.762],[-78.929,-1.76],[-78.935,-1.756],[-78.938,-1.757],[-78.95,-1.754],[-78.982,-1.754],[-78.986,-1.756],[-78.989,-1.762],[-78.996,-1.765],[-79,-1.771],[-79.012,-1.774],[-79.013,-1.777],[-79.011,-1.779],[-79.012,-1.782],[-79.009,-1.791],[-79.01,-1.8],[-79.008,-1.802],[-79.012,-1.82],[-79.011,-1.831],[-79.015,-1.841],[-79.015,-1.848],[-79.02,-1.849],[-79.023,-1.859],[-79.018,-1.863],[-79.018,-1.869],[-79.016,-1.871],[-79.017,-1.874],[-79.013,-1.879],[-79.015,-1.888],[-79.008,-1.903],[-79.008,-1.908],[-79.01,-1.91],[-79.008,-1.915],[-79.007,-1.933],[-79.009,-1.936],[-79.009,-1.947],[-79.012,-1.949],[-79.017,-1.96],[-79.015,-1.965],[-79.013,-1.965],[-79.017,-1.988],[-79.016,-1.995],[-79.02,-2.003],[-79.027,-2.01],[-79.03,-2.035],[-79.036,-2.047],[-79.036,-2.061],[-79.033,-2.066],[-79.03,-2.067],[-79.03,-2.069],[-79.026,-2.07],[-79.023,-2.077],[-79.026,-2.094],[-79.028,-2.095],[-79.026,-2.101],[-79.037,-2.127],[-79.04,-2.128],[-79.043,-2.134],[-79.049,-2.14],[-79.052,-2.15],[-79.057,-2.151],[-79.062,-2.155],[-79.086,-2.183],[-79.099,-2.189],[-79.102,-2.193],[-79.107,-2.195],[-79.109,-2.201],[-79.117,-2.203],[-79.129,-2.203],[-79.117,-2.183],[-79.14,-2.183],[-79.134,-2.177],[-79.126,-2.163],[-79.112,-2.153],[-79.102,-2.134],[-79.108,-2.134],[-79.12,-2.14],[-79.123,-2.136],[-79.12,-2.13],[-79.117,-2.128],[-79.118,-2.123],[-79.116,-2.118],[-79.118,-2.116],[-79.122,-2.117],[-79.128,-2.114],[-79.136,-2.121],[-79.161,-2.121],[-79.167,-2.131],[-79.169,-2.141],[-79.178,-2.146],[-79.183,-2.143],[-79.187,-2.143],[-79.194,-2.132],[-79.205,-2.133],[-79.204,-2.129],[-79.207,-2.123],[-79.204,-2.11],[-79.217,-2.098],[-79.223,-2.089],[-79.223,-2.085],[-79.214,-2.088],[-79.201,-2.077],[-79.21,-2.075],[-79.209,-2.069],[-79.213,-2.065],[-79.214,-2.059],[-79.229,-2.041],[-79.226,-2.039],[-79.224,-2.03],[-79.226,-2.026],[-79.246,-2.01],[-79.249,-1.985],[-79.262,-1.962],[-79.259,-1.947],[-79.257,-1.945],[-79.26,-1.939],[-79.25,-1.924],[-79.249,-1.911],[-79.242,-1.893],[-79.245,-1.887],[-79.242,-1.872],[-79.246,-1.858],[-79.241,-1.858],[-79.238,-1.852],[-79.23,-1.85],[-79.232,-1.845],[-79.231,-1.842],[-79.233,-1.838],[-79.236,-1.837],[-79.237,-1.828],[-79.238,-1.829],[-79.244,-1.826],[-79.252,-1.816],[-79.25,-1.814],[-79.247,-1.815],[-79.239,-1.804],[-79.245,-1.798],[-79.247,-1.794],[-79.246,-1.791],[-79.249,-1.787],[-79.246,-1.779],[-79.247,-1.772],[-79.23,-1.76],[-79.21,-1.749],[-79.209,-1.746],[-79.216,-1.74],[-79.216,-1.738],[-79.223,-1.737],[-79.228,-1.74],[-79.233,-1.737],[-79.235,-1.732],[-79.241,-1.729],[-79.242,-1.725],[-79.246,-1.726],[-79.253,-1.718],[-79.262,-1.712],[-79.269,-1.697],[-79.253,-1.691],[-79.251,-1.681],[-79.252,-1.678],[-79.278,-1.666],[-79.285,-1.666],[-79.287,-1.669],[-79.29,-1.669],[-79.291,-1.665],[-79.288,-1.661],[-79.289,-1.651],[-79.321,-1.66],[-79.322,-1.646],[-79.345,-1.646],[-79.355,-1.638],[-79.353,-1.633],[-79.35,-1.634],[-79.344,-1.63],[-79.341,-1.632],[-79.333,-1.628],[-79.318,-1.627],[-79.317,-1.621],[-79.299,-1.599],[-79.282,-1.609],[-79.277,-1.61],[-79.271,-1.603],[-79.271,-1.589],[-79.258,-1.573],[-79.249,-1.565],[-79.246,-1.549],[-79.247,-1.542],[-79.253,-1.54],[-79.263,-1.54],[-79.265,-1.536],[-79.273,-1.531],[-79.277,-1.532],[-79.289,-1.527],[-79.302,-1.531],[-79.31,-1.527],[-79.309,-1.519],[-79.312,-1.516],[-79.317,-1.516],[-79.321,-1.511],[-79.315,-1.492],[-79.322,-1.487],[-79.327,-1.479],[-79.327,-1.463],[-79.33,-1.461],[-79.338,-1.461],[-79.342,-1.464],[-79.346,-1.471],[-79.349,-1.471],[-79.35,-1.467],[-79.357,-1.462],[-79.361,-1.455],[-79.36,-1.447],[-79.358,-1.448],[-79.359,-1.45],[-79.355,-1.451],[-79.356,-1.454],[-79.349,-1.456],[-79.345,-1.455],[-79.339,-1.45],[-79.321,-1.442],[-79.32,-1.439],[-79.317,-1.438],[-79.318,-1.436],[-79.316,-1.434],[-79.31,-1.432],[-79.307,-1.428],[-79.31,-1.427],[-79.314,-1.412],[-79.322,-1.395],[-79.31,-1.391],[-79.294,-1.396],[-79.287,-1.393],[-79.281,-1.386],[-79.28,-1.381],[-79.283,-1.369],[-79.281,-1.356],[-79.278,-1.355],[-79.268,-1.338],[-79.267,-1.33],[-79.28,-1.326],[-79.292,-1.332],[-79.31,-1.323],[-79.316,-1.324],[-79.323,-1.321],[-79.32,-1.313],[-79.327,-1.305],[-79.328,-1.3],[-79.337,-1.293],[-79.347,-1.295],[-79.351,-1.3],[-79.354,-1.3],[-79.355,-1.303],[-79.357,-1.303],[-79.36,-1.312],[-79.363,-1.315],[-79.361,-1.319],[-79.363,-1.325],[-79.37,-1.327],[-79.371,-1.329],[-79.374,-1.324],[-79.378,-1.324],[-79.379,-1.327],[-79.382,-1.327],[-79.391,-1.324],[-79.392,-1.322],[-79.39,-1.32],[-79.392,-1.316],[-79.389,-1.314],[-79.388,-1.31],[-79.385,-1.307],[-79.378,-1.307],[-79.376,-1.309],[-79.374,-1.302],[-79.371,-1.3],[-79.372,-1.298],[-79.365,-1.294],[-79.361,-1.277],[-79.362,-1.273],[-79.358,-1.273],[-79.355,-1.265],[-79.356,-1.26],[-79.35,-1.256],[-79.347,-1.249],[-79.347,-1.239],[-79.344,-1.231],[-79.339,-1.231],[-79.332,-1.228],[-79.332,-1.226],[-79.325,-1.223],[-79.325,-1.22],[-79.322,-1.217],[-79.311,-1.212],[-79.309,-1.209],[-79.3,-1.21],[-79.287,-1.207]]]}},{"type":"Feature","properties":{"provincia":"Carchi"},"geometry":{"type":"Polygon","coordinates":[[[-78.51,1.189],[-78.505,1.197],[-78.502,1.195],[-78.497,1.198],[-78.493,1.197],[-78.492,1.195],[-78.495,1.192],[-78.491,1.187],[-78.488,1.186],[-78.478,1.193],[-78.469,1.188],[-78.47,1.182],[-78.468,1.18],[-78.463,1.181],[-78.463,1.176],[-78.457,1.178],[-78.456,1.176],[-78.453,1.178],[-78.451,1.184],[-78.442,1.184],[-78.441,1.191],[-78.439,1.194],[-78.437,1.193],[-78.437,1.191],[-78.432,1.19],[-78.429,1.187],[-78.428,1.18],[-78.425,1.179],[-78.425,1.177],[-78.428,1.175],[-78.426,1.172],[-78.427,1.17],[-78.433,1.171],[-78.432,1.168],[-78.435,1.159],[-78.438,1.159],[-78.433,1.151],[-78.433,1.144],[-78.428,1.139],[-78.418,1.138],[-78.415,1.14],[-78.417,1.149],[-78.425,1.152],[-78.425,1.154],[-78.42,1.156],[-78.419,1.159],[-78.407,1.16],[-78.403,1.158],[-78.402,1.153],[-78.395,1.153],[-78.387,1.159],[-78.382,1.16],[-78.383,1.163],[-78.379,1.172],[-78.368,1.176],[-78.365,1.174],[-78.362,1.177],[-78.36,1.175],[-78.357,1.177],[-78.356,1.182],[-78.354,1.18],[-78.351,1.182],[-78.342,1.183],[-78.341,1.179],[-78.338,1.179],[-78.337,1.183],[-78.329,1.184],[-78.327,1.186],[-78.328,1.19],[-78.325,1.196],[-78.323,1.196],[-78.322,1.192],[-78.318,1.195],[-78.312,1.191],[-78.31,1.187],[-78.311,1.183],[-78.303,1.176],[-78.305,1.174],[-78.304,1.172],[-78.296,1.172],[-78.294,1.168],[-78.296,1.163],[-78.295,1.158],[-78.297,1.157],[-78.297,1.151],[-78.299,1.149],[-78.293,1.146],[-78.29,1.135],[-78.291,1.133],[-78.287,1.129],[-78.289,1.127],[-78.282,1.12],[-78.28,1.12],[-78.28,1.115],[-78.283,1.113],[-78.282,1.111],[-78.276,1.109],[-78.273,1.114],[-78.265,1.112],[-78.263,1.108],[-78.268,1.105],[-78.265,1.1],[-78.262,1.1],[-78.259,1.097],[-78.255,1.098],[-78.253,1.102],[-78.251,1.1],[-78.253,1.093],[-78.256,1.09],[-78.255,1.087],[-78.253,1.089],[-78.251,1.088],[-78.25,1.084],[-78.252,1.083],[-78.253,1.078],[-78.256,1.081],[-78.263,1.082],[-78.268,1.077],[-78.278,1.072],[-78.28,1.069],[-78.277,1.061],[-78.282,1.058],[-78.282,1.056],[-78.276,1.053],[-78.267,1.044],[-78.258,1.04],[-78.257,1.037],[-78.253,1.037],[-78.253,1.032],[-78.25,1.028],[-78.244,1.029],[-78.237,1.024],[-78.238,1.018],[-78.235,1.018],[-78.235,1.015],[-78.21,1.005],[-78.202,0.997],[-78.202,0.991],[-78.195,0.985],[-78.196,0.977],[-78.192,0.97],[-78.194,0.968],[-78.191,0.961],[-78.197,0.954],[-78.199,0.954],[-78.2,0.951],[-78.198,0.95],[-78.197,0.945],[-78.194,0.946],[-78.186,0.938],[-78.182,0.938],[-78.18,0.936],[-78.178,0.937],[-78.16,0.926],[-78.155,0.925],[-78.145,0.926],[-78.143,0.931],[-78.134,0.935],[-78.121,0.936],[-78.108,0.929],[-78.105,0.911],[-78.1,0.909],[-78.099,0.905],[-78.092,0.902],[-78.092,0.9],[-78.088,0.897],[-78.079,0.898],[-78.067,0.895],[-78.066,0.89],[-78.062,0.888],[-78.053,0.889],[-78.043,0.881],[-78.034,0.88],[-78.027,0.877],[-78.025,0.874],[-78.022,0.875],[-78.02,0.871],[-78.013,0.869],[-78.01,0.864],[-78.002,0.859],[-77.999,0.861],[-77.996,0.858],[-77.989,0.856],[-77.985,0.853],[-77.977,0.837],[-77.973,0.834],[-77.965,0.832],[-77.964,0.825],[-77.961,0.823],[-77.954,0.824],[-77.936,0.816],[-77.927,0.817],[-77.921,0.813],[-77.911,0.811],[-77.893,0.811],[-77.865,0.801],[-77.862,0.803],[-77.844,0.802],[-77.835,0.804],[-77.834,0.806],[-77.819,0.808],[-77.816,0.815],[-77.813,0.816],[-77.814,0.82],[-77.812,0.82],[-77.807,0.827],[-77.804,0.828],[-77.805,0.83],[-77.798,0.83],[-77.798,0.833],[-77.789,0.836],[-77.784,0.834],[-77.774,0.841],[-77.769,0.839],[-77.763,0.842],[-77.762,0.84],[-77.75,0.836],[-77.748,0.833],[-77.737,0.837],[-77.726,0.847],[-77.723,0.846],[-77.721,0.85],[-77.717,0.849],[-77.713,0.851],[-77.706,0.845],[-77.707,0.843],[-77.694,0.837],[-77.693,0.833],[-77.685,0.828],[-77.685,0.825],[-77.683,0.826],[-77.677,0.823],[-77.673,0.824],[-77.669,0.818],[-77.665,0.817],[-77.664,0.81],[-77.669,0.804],[-77.674,0.802],[-77.675,0.798],[-77.677,0.797],[-77.677,0.791],[-77.663,0.789],[-77.671,0.78],[-77.675,0.78],[-77.683,0.776],[-77.686,0.77],[-77.691,0.766],[-77.691,0.76],[-77.695,0.756],[-77.693,0.755],[-77.693,0.751],[-77.696,0.749],[-77.698,0.742],[-77.697,0.74],[-77.691,0.741],[-77.675,0.737],[-77.674,0.722],[-77.666,0.705],[-77.658,0.704],[-77.652,0.706],[-77.646,0.703],[-77.639,0.703],[-77.637,0.699],[-77.63,0.696],[-77.625,0.696],[-77.608,0.686],[-77.602,0.675],[-77.593,0.673],[-77.589,0.674],[-77.588,0.669],[-77.581,0.666],[-77.577,0.66],[-77.569,0.658],[-77.566,0.653],[-77.556,0.649],[-77.529,0.653],[-77.526,0.643],[-77.532,0.642],[-77.536,0.638],[-77.55,0.636],[-77.553,0.631],[-77.559,0.628],[-77.562,0.63],[-77.563,0.627],[-77.569,0.632],[-77.571,0.63],[-77.584,0.633],[-77.593,0.629],[-77.602,0.636],[-77.618,0.642],[-77.632,0.639],[-77.637,0.636],[-77.655,0.647],[-77.668,0.645],[-77.673,0.649],[-77.686,0.641],[-77.69,0.626],[-77.689,0.619],[-77.685,0.616],[-77.678,0.616],[-77.671,0.613],[-77.656,0.604],[-77.663,0.595],[-77.679,0.562],[-77.711,0.547],[-77.72,0.533],[-77.725,0.535],[-77.728,0.534],[-77.732,0.523],[-77.736,0.522],[-77.741,0.513],[-77.752,0.505],[-77.756,0.496],[-77.754,0.492],[-77.761,0.48],[-77.771,0.474],[-77.774,0.47],[-77.772,0.465],[-77.78,0.461],[-77.782,0.454],[-77.787,0.448],[-77.792,0.446],[-77.795,0.441],[-77.794,0.436],[-77.807,0.426],[-77.805,0.42],[-77.807,0.414],[-77.812,0.409],[-77.813,0.404],[-77.803,0.398],[-77.796,0.382],[-77.798,0.377],[-77.797,0.368],[-77.807,0.363],[-77.813,0.357],[-77.814,0.362],[-77.817,0.364],[-77.823,0.36],[-77.826,0.361],[-77.837,0.357],[-77.849,0.362],[-77.859,0.371],[-77.863,0.376],[-77.863,0.38],[-77.866,0.382],[-77.873,0.38],[-77.88,0.386],[-77.897,0.39],[-77.907,0.399],[-77.923,0.401],[-77.925,0.406],[-77.93,0.408],[-77.931,0.417],[-77.946,0.431],[-77.952,0.434],[-77.961,0.432],[-77.963,0.435],[-77.968,0.436],[-77.973,0.442],[-77.988,0.445],[-77.994,0.451],[-78.001,0.467],[-78.006,0.469],[-78.008,0.472],[-78.014,0.474],[-78.021,0.471],[-78.026,0.471],[-78.027,0.473],[-78.029,0.472],[-78.031,0.474],[-78.038,0.474],[-78.041,0.472],[-78.051,0.473],[-78.053,0.475],[-78.071,0.474],[-78.077,0.478],[-78.088,0.479],[-78.095,0.483],[-78.097,0.486],[-78.097,0.491],[-78.1,0.49],[-78.101,0.495],[-78.105,0.496],[-78.105,0.503],[-78.111,0.511],[-78.113,0.517],[-78.112,0.521],[-78.116,0.523],[-78.118,0.521],[-78.121,0.522],[-78.123,0.526],[-78.128,0.527],[-78.127,0.542],[-78.13,0.542],[-78.131,0.549],[-78.126,0.56],[-78.125,0.571],[-78.129,0.577],[-78.139,0.581],[-78.142,0.591],[-78.137,0.595],[-78.14,0.601],[-78.139,0.605],[-78.133,0.61],[-78.134,0.615],[-78.141,0.625],[-78.145,0.627],[-78.152,0.626],[-78.161,0.641],[-78.161,0.645],[-78.167,0.654],[-78.168,0.659],[-78.173,0.664],[-78.182,0.665],[-78.187,0.67],[-78.191,0.682],[-78.198,0.686],[-78.198,0.691],[-78.2,0.691],[-78.201,0.695],[-78.201,0.702],[-78.205,0.705],[-78.204,0.718],[-78.21,0.72],[-78.211,0.723],[-78.216,0.726],[-78.218,0.731],[-78.226,0.734],[-78.226,0.736],[-78.235,0.746],[-78.239,0.744],[-78.247,0.748],[-78.257,0.762],[-78.26,0.762],[-78.268,0.768],[-78.265,0.773],[-78.266,0.779],[-78.271,0.785],[-78.274,0.786],[-78.275,0.783],[-78.279,0.784],[-78.288,0.793],[-78.297,0.795],[-78.301,0.792],[-78.304,0.797],[-78.309,0.799],[-78.311,0.805],[-78.314,0.805],[-78.318,0.81],[-78.317,0.812],[-78.331,0.822],[-78.335,0.823],[-78.337,0.821],[-78.339,0.824],[-78.343,0.822],[-78.345,0.818],[-78.353,0.816],[-78.355,0.819],[-78.36,0.818],[-78.362,0.821],[-78.361,0.824],[-78.363,0.823],[-78.364,0.826],[-78.371,0.828],[-78.374,0.826],[-78.382,0.83],[-78.386,0.825],[-78.389,0.829],[-78.408,0.842],[-78.409,0.845],[-78.416,0.849],[-78.417,0.847],[-78.419,0.85],[-78.417,0.852],[-78.423,0.854],[-78.422,0.856],[-78.427,0.86],[-78.428,0.864],[-78.432,0.865],[-78.431,0.868],[-78.437,0.871],[-78.435,0.873],[-78.437,0.874],[-78.442,0.872],[-78.441,0.875],[-78.449,0.876],[-78.451,0.874],[-78.454,0.879],[-78.458,0.879],[-78.46,0.885],[-78.486,0.886],[-78.492,0.891],[-78.495,0.891],[-78.519,0.917],[-78.529,0.92],[-78.533,0.925],[-78.532,0.928],[-78.53,0.927],[-78.53,0.929],[-78.547,0.942],[-78.544,0.944],[-78.547,0.954],[-78.546,0.956],[-78.543,0.955],[-78.535,0.976],[-78.539,0.99],[-78.537,0.993],[-78.545,1.005],[-78.545,1.007],[-78.542,1.007],[-78.542,1.009],[-78.548,1.011],[-78.546,1.017],[-78.549,1.02],[-78.545,1.023],[-78.546,1.027],[-78.543,1.028],[-78.548,1.03],[-78.546,1.035],[-78.542,1.038],[-78.542,1.043],[-78.544,1.045],[-78.537,1.053],[-78.527,1.058],[-78.523,1.058],[-78.525,1.062],[-78.521,1.066],[-78.522,1.069],[-78.52,1.068],[-78.507,1.071],[-78.504,1.072],[-78.504,1.075],[-78.499,1.076],[-78.502,1.079],[-78.502,1.086],[-78.5,1.087],[-78.5,1.09],[-78.508,1.095],[-78.503,1.104],[-78.505,1.106],[-78.507,1.105],[-78.507,1.108],[-78.505,1.117],[-78.506,1.121],[-78.503,1.128],[-78.504,1.131],[-78.501,1.134],[-78.504,1.145],[-78.507,1.145],[-78.509,1.151],[-78.506,1.152],[-78.507,1.161],[-78.511,1.157],[-78.513,1.158],[-78.511,1.169],[-78.513,1.17],[-78.504,1.176],[-78.504,1.179],[-78.5,1.177],[-78.497,1.179],[-78.498,1.182],[-78.496,1.184],[-78.502,1.187],[-78.508,1.183],[-78.51,1.189]]]}},{"type":"Feature","properties":{"provincia":"Cañar"},"geometry":{"type":"Polygon","coordinates":[[[-79.359,-2.363],[-79.359,-2.367],[-79.356,-2.366],[-79.353,-2.368],[-79.354,-2.372],[-79.352,-2.372],[-79.351,-2.368],[-79.345,-2.37],[-79.343,-2.373],[-79.341,-2.372],[-79.339,-2.377],[-79.336,-2.374],[-79.332,-2.384],[-79.324,-2.388],[-79.326,-2.39],[-79.323,-2.391],[-79.323,-2.394],[-79.318,-2.396],[-79.316,-2.395],[-79.303,-2.404],[-79.302,-2.415],[-79.294,-2.427],[-79.292,-2.448],[-79.289,-2.455],[-79.293,-2.465],[-79.284,-2.467],[-79.267,-2.46],[-79.261,-2.46],[-79.254,-2.445],[-79.241,-2.436],[-79.242,-2.434],[-79.24,-2.429],[-79.228,-2.413],[-79.195,-2.383],[-79.196,-2.38],[-79.209,-2.37],[-79.207,-2.368],[-79.207,-2.356],[-79.21,-2.347],[-79.199,-2.335],[-79.198,-2.329],[-79.207,-2.311],[-79.201,-2.312],[-79.195,-2.31],[-79.178,-2.303],[-79.174,-2.299],[-79.174,-2.287],[-79.168,-2.273],[-79.162,-2.268],[-79.15,-2.248],[-79.148,-2.239],[-79.143,-2.232],[-79.143,-2.227],[-79.135,-2.216],[-79.134,-2.237],[-79.129,-2.244],[-79.115,-2.248],[-79.112,-2.251],[-79.1,-2.255],[-79.093,-2.266],[-79.091,-2.283],[-79.089,-2.286],[-79.087,-2.286],[-79.083,-2.292],[-79.071,-2.292],[-79.067,-2.298],[-79.068,-2.3],[-79.064,-2.299],[-79.062,-2.302],[-79.066,-2.306],[-79.063,-2.315],[-79.059,-2.315],[-79.054,-2.322],[-79.051,-2.323],[-79.052,-2.33],[-79.046,-2.332],[-79.045,-2.339],[-79.04,-2.343],[-79.029,-2.359],[-79.028,-2.363],[-79.026,-2.362],[-79.019,-2.365],[-79.014,-2.369],[-79.01,-2.376],[-79.006,-2.378],[-78.993,-2.376],[-78.977,-2.378],[-78.974,-2.38],[-78.977,-2.384],[-78.975,-2.392],[-78.957,-2.397],[-78.951,-2.401],[-78.925,-2.408],[-78.92,-2.414],[-78.917,-2.413],[-78.911,-2.419],[-78.892,-2.403],[-78.885,-2.393],[-78.86,-2.395],[-78.855,-2.39],[-78.85,-2.397],[-78.843,-2.398],[-78.834,-2.387],[-78.821,-2.378],[-78.818,-2.379],[-78.812,-2.377],[-78.81,-2.383],[-78.807,-2.385],[-78.795,-2.383],[-78.791,-2.386],[-78.796,-2.405],[-78.797,-2.419],[-78.786,-2.425],[-78.786,-2.432],[-78.782,-2.437],[-78.778,-2.437],[-78.773,-2.43],[-78.755,-2.432],[-78.749,-2.435],[-78.749,-2.437],[-78.727,-2.429],[-78.716,-2.427],[-78.714,-2.428],[-78.713,-2.432],[-78.719,-2.437],[-78.699,-2.446],[-78.697,-2.449],[-78.681,-2.452],[-78.675,-2.451],[-78.671,-2.453],[-78.664,-2.451],[-78.661,-2.454],[-78.665,-2.458],[-78.667,-2.467],[-78.658,-2.482],[-78.653,-2.495],[-78.642,-2.504],[-78.63,-2.506],[-78.625,-2.513],[-78.608,-2.527],[-78.604,-2.538],[-78.6,-2.54],[-78.587,-2.539],[-78.574,-2.542],[-78.568,-2.557],[-78.572,-2.565],[-78.581,-2.575],[-78.591,-2.577],[-78.603,-2.585],[-78.617,-2.59],[-78.62,-2.595],[-78.623,-2.596],[-78.625,-2.608],[-78.623,-2.617],[-78.617,-2.626],[-78.618,-2.629],[-78.637,-2.648],[-78.658,-2.655],[-78.665,-2.67],[-78.665,-2.676],[-78.67,-2.678],[-78.686,-2.67],[-78.69,-2.673],[-78.692,-2.679],[-78.697,-2.677],[-78.706,-2.687],[-78.717,-2.69],[-78.722,-2.688],[-78.723,-2.69],[-78.727,-2.689],[-78.732,-2.691],[-78.745,-2.677],[-78.75,-2.674],[-78.762,-2.67],[-78.77,-2.672],[-78.774,-2.675],[-78.778,-2.685],[-78.783,-2.687],[-78.786,-2.692],[-78.786,-2.699],[-78.8,-2.709],[-78.801,-2.719],[-78.799,-2.719],[-78.793,-2.734],[-78.793,-2.744],[-78.796,-2.752],[-78.795,-2.76],[-78.806,-2.781],[-78.817,-2.794],[-78.823,-2.798],[-78.823,-2.81],[-78.817,-2.823],[-78.819,-2.825],[-78.822,-2.826],[-78.83,-2.821],[-78.84,-2.818],[-78.844,-2.822],[-78.852,-2.824],[-78.869,-2.822],[-78.87,-2.82],[-78.875,-2.819],[-78.874,-2.824],[-78.881,-2.829],[-78.884,-2.835],[-78.9,-2.837],[-78.916,-2.835],[-78.924,-2.83],[-78.942,-2.829],[-78.945,-2.827],[-78.948,-2.819],[-78.946,-2.791],[-78.949,-2.788],[-78.948,-2.786],[-78.953,-2.768],[-78.966,-2.758],[-78.966,-2.756],[-78.977,-2.746],[-78.988,-2.749],[-78.995,-2.748],[-78.995,-2.744],[-78.989,-2.736],[-78.992,-2.73],[-78.991,-2.727],[-79.002,-2.726],[-79.005,-2.724],[-79.006,-2.721],[-79.004,-2.717],[-79.007,-2.717],[-79.011,-2.712],[-79.01,-2.71],[-79.022,-2.689],[-79.031,-2.684],[-79.034,-2.678],[-79.037,-2.677],[-79.044,-2.683],[-79.075,-2.696],[-79.074,-2.698],[-79.079,-2.704],[-79.08,-2.71],[-79.079,-2.715],[-79.076,-2.718],[-79.075,-2.729],[-79.071,-2.732],[-79.074,-2.733],[-79.088,-2.729],[-79.103,-2.722],[-79.115,-2.72],[-79.117,-2.717],[-79.127,-2.717],[-79.13,-2.715],[-79.144,-2.715],[-79.145,-2.73],[-79.146,-2.732],[-79.152,-2.734],[-79.169,-2.727],[-79.173,-2.719],[-79.178,-2.72],[-79.181,-2.715],[-79.186,-2.716],[-79.193,-2.721],[-79.198,-2.721],[-79.199,-2.719],[-79.206,-2.722],[-79.215,-2.723],[-79.215,-2.72],[-79.22,-2.713],[-79.229,-2.705],[-79.231,-2.696],[-79.239,-2.686],[-79.24,-2.678],[-79.248,-2.675],[-79.256,-2.669],[-79.259,-2.666],[-79.258,-2.663],[-79.26,-2.661],[-79.265,-2.661],[-79.277,-2.651],[-79.28,-2.651],[-79.283,-2.642],[-79.294,-2.63],[-79.295,-2.625],[-79.303,-2.621],[-79.309,-2.596],[-79.307,-2.581],[-79.304,-2.573],[-79.305,-2.571],[-79.311,-2.569],[-79.314,-2.573],[-79.316,-2.572],[-79.318,-2.574],[-79.34,-2.572],[-79.348,-2.578],[-79.355,-2.578],[-79.364,-2.573],[-79.373,-2.557],[-79.377,-2.539],[-79.381,-2.532],[-79.38,-2.527],[-79.383,-2.517],[-79.39,-2.504],[-79.391,-2.498],[-79.427,-2.498],[-79.428,-2.502],[-79.432,-2.502],[-79.434,-2.504],[-79.436,-2.503],[-79.437,-2.505],[-79.443,-2.501],[-79.451,-2.503],[-79.452,-2.5],[-79.463,-2.502],[-79.474,-2.511],[-79.475,-2.515],[-79.479,-2.515],[-79.483,-2.518],[-79.482,-2.524],[-79.488,-2.526],[-79.49,-2.528],[-79.489,-2.53],[-79.492,-2.531],[-79.495,-2.529],[-79.498,-2.533],[-79.501,-2.526],[-79.512,-2.525],[-79.516,-2.527],[-79.519,-2.524],[-79.52,-2.522],[-79.516,-2.519],[-79.528,-2.499],[-79.514,-2.489],[-79.512,-2.485],[-79.477,-2.465],[-79.42,-2.38],[-79.431,-2.379],[-79.435,-2.372],[-79.431,-2.36],[-79.421,-2.36],[-79.416,-2.336],[-79.413,-2.336],[-79.411,-2.338],[-79.412,-2.34],[-79.401,-2.343],[-79.402,-2.346],[-79.398,-2.351],[-79.399,-2.354],[-79.394,-2.359],[-79.386,-2.357],[-79.382,-2.358],[-79.381,-2.36],[-79.377,-2.36],[-79.375,-2.358],[-79.373,-2.361],[-79.368,-2.36],[-79.364,-2.363],[-79.359,-2.363]]]}},{"type":"Feature","properties":{"provincia":"Chimborazo"},"geometry":{"type":"Polygon","coordinates":[[[-79.129,-2.203],[-79.109,-2.201],[-79.107,-2.195],[-79.102,-2.193],[-79.099,-2.189],[-79.086,-2.183],[-79.062,-2.155],[-79.057,-2.151],[-79.052,-2.15],[-79.049,-2.14],[-79.043,-2.134],[-79.04,-2.128],[-79.037,-2.127],[-79.027,-2.105],[-79.026,-2.101],[-79.028,-2.095],[-79.026,-2.094],[-79.023,-2.077],[-79.026,-2.07],[-79.03,-2.069],[-79.03,-2.067],[-79.033,-2.066],[-79.036,-2.061],[-79.036,-2.047],[-79.03,-2.035],[-79.027,-2.01],[-79.02,-2.003],[-79.016,-1.995],[-79.017,-1.988],[-79.013,-1.965],[-79.015,-1.965],[-79.017,-1.96],[-79.012,-1.949],[-79.009,-1.947],[-79.009,-1.936],[-79.007,-1.933],[-79.008,-1.915],[-79.01,-1.91],[-79.008,-1.908],[-79.008,-1.903],[-79.015,-1.888],[-79.013,-1.879],[-79.017,-1.874],[-79.016,-1.871],[-79.018,-1.869],[-79.018,-1.863],[-79.023,-1.859],[-79.02,-1.849],[-79.015,-1.848],[-79.015,-1.841],[-79.011,-1.831],[-79.012,-1.82],[-79.008,-1.802],[-79.01,-1.8],[-79.009,-1.791],[-79.012,-1.782],[-79.011,-1.779],[-79.013,-1.777],[-79.012,-1.774],[-79,-1.771],[-78.996,-1.765],[-78.989,-1.762],[-78.986,-1.756],[-78.982,-1.754],[-78.95,-1.754],[-78.938,-1.757],[-78.935,-1.756],[-78.929,-1.76],[-78.912,-1.762],[-78.906,-1.76],[-78.902,-1.753],[-78.895,-1.748],[-78.883,-1.752],[-78.873,-1.719],[-78.87,-1.72],[-78.866,-1.718],[-78.866,-1.707],[-78.86,-1.691],[-78.86,-1.684],[-78.862,-1.68],[-78.861,-1.677],[-78.857,-1.672],[-78.849,-1.672],[-78.846,-1.67],[-78.844,-1.657],[-78.852,-1.64],[-78.852,-1.618],[-78.868,-1.612],[-78.873,-1.612],[-78.874,-1.61],[-78.879,-1.61],[-78.89,-1.601],[-78.897,-1.6],[-78.896,-1.587],[-78.885,-1.554],[-78.883,-1.539],[-78.88,-1.533],[-78.876,-1.53],[-78.877,-1.524],[-78.87,-1.505],[-78.877,-1.496],[-78.884,-1.464],[-78.878,-1.463],[-78.856,-1.471],[-78.851,-1.47],[-78.846,-1.465],[-78.836,-1.464],[-78.833,-1.457],[-78.83,-1.455],[-78.825,-1.453],[-78.821,-1.454],[-78.814,-1.45],[-78.81,-1.451],[-78.806,-1.443],[-78.796,-1.442],[-78.777,-1.43],[-78.771,-1.43],[-78.769,-1.435],[-78.746,-1.452],[-78.741,-1.454],[-78.738,-1.453],[-78.726,-1.47],[-78.721,-1.481],[-78.708,-1.494],[-78.7,-1.497],[-78.685,-1.497],[-78.677,-1.495],[-78.67,-1.497],[-78.667,-1.5],[-78.659,-1.497],[-78.651,-1.499],[-78.636,-1.493],[-78.631,-1.506],[-78.628,-1.508],[-78.623,-1.508],[-78.616,-1.503],[-78.616,-1.5],[-78.608,-1.495],[-78.606,-1.49],[-78.587,-1.491],[-78.582,-1.486],[-78.564,-1.476],[-78.547,-1.475],[-78.538,-1.481],[-78.535,-1.481],[-78.528,-1.47],[-78.513,-1.472],[-78.511,-1.461],[-78.509,-1.46],[-78.508,-1.449],[-78.504,-1.443],[-78.506,-1.441],[-78.505,-1.438],[-78.499,-1.434],[-78.497,-1.435],[-78.497,-1.441],[-78.492,-1.446],[-78.474,-1.457],[-78.443,-1.471],[-78.424,-1.486],[-78.412,-1.488],[-78.406,-1.485],[-78.399,-1.489],[-78.392,-1.489],[-78.387,-1.494],[-78.383,-1.492],[-78.378,-1.494],[-78.374,-1.493],[-78.373,-1.496],[-78.363,-1.498],[-78.365,-1.503],[-78.363,-1.514],[-78.359,-1.517],[-78.359,-1.522],[-78.364,-1.523],[-78.365,-1.533],[-78.377,-1.536],[-78.377,-1.541],[-78.374,-1.544],[-78.376,-1.559],[-78.372,-1.566],[-78.373,-1.572],[-78.371,-1.576],[-78.372,-1.582],[-78.377,-1.585],[-78.374,-1.591],[-78.373,-1.599],[-78.368,-1.606],[-78.364,-1.607],[-78.367,-1.614],[-78.364,-1.631],[-78.366,-1.634],[-78.364,-1.645],[-78.371,-1.653],[-78.372,-1.657],[-78.377,-1.654],[-78.383,-1.655],[-78.411,-1.665],[-78.409,-1.675],[-78.412,-1.682],[-78.418,-1.685],[-78.43,-1.684],[-78.433,-1.686],[-78.436,-1.697],[-78.443,-1.705],[-78.446,-1.716],[-78.452,-1.718],[-78.454,-1.723],[-78.451,-1.73],[-78.452,-1.732],[-78.459,-1.74],[-78.461,-1.749],[-78.467,-1.753],[-78.46,-1.761],[-78.448,-1.761],[-78.442,-1.769],[-78.436,-1.795],[-78.424,-1.8],[-78.42,-1.805],[-78.422,-1.812],[-78.42,-1.821],[-78.421,-1.828],[-78.414,-1.836],[-78.414,-1.84],[-78.41,-1.845],[-78.402,-1.846],[-78.398,-1.851],[-78.404,-1.867],[-78.401,-1.87],[-78.401,-1.873],[-78.404,-1.878],[-78.414,-1.881],[-78.42,-1.885],[-78.419,-1.898],[-78.425,-1.9],[-78.431,-1.899],[-78.433,-1.909],[-78.444,-1.912],[-78.454,-1.917],[-78.458,-1.921],[-78.457,-1.93],[-78.461,-1.937],[-78.461,-1.945],[-78.464,-1.95],[-78.474,-1.951],[-78.476,-1.953],[-78.482,-1.952],[-78.489,-1.958],[-78.485,-1.992],[-78.478,-2.001],[-78.465,-1.997],[-78.463,-1.994],[-78.459,-1.993],[-78.451,-2.004],[-78.445,-2.006],[-78.442,-2.013],[-78.447,-2.017],[-78.449,-2.023],[-78.448,-2.027],[-78.451,-2.03],[-78.453,-2.045],[-78.448,-2.051],[-78.455,-2.063],[-78.448,-2.066],[-78.447,-2.072],[-78.443,-2.072],[-78.439,-2.076],[-78.44,-2.083],[-78.442,-2.084],[-78.438,-2.087],[-78.437,-2.093],[-78.438,-2.096],[-78.443,-2.098],[-78.446,-2.102],[-78.447,-2.112],[-78.45,-2.117],[-78.456,-2.119],[-78.47,-2.118],[-78.471,-2.122],[-78.479,-2.122],[-78.48,-2.128],[-78.483,-2.13],[-78.488,-2.126],[-78.49,-2.121],[-78.492,-2.121],[-78.496,-2.125],[-78.507,-2.127],[-78.512,-2.131],[-78.515,-2.138],[-78.514,-2.147],[-78.517,-2.155],[-78.504,-2.157],[-78.504,-2.173],[-78.499,-2.196],[-78.5,-2.206],[-78.49,-2.214],[-78.488,-2.218],[-78.489,-2.222],[-78.5,-2.232],[-78.502,-2.243],[-78.506,-2.249],[-78.509,-2.249],[-78.516,-2.24],[-78.529,-2.243],[-78.533,-2.242],[-78.535,-2.239],[-78.54,-2.239],[-78.541,-2.241],[-78.538,-2.248],[-78.538,-2.265],[-78.541,-2.271],[-78.536,-2.279],[-78.547,-2.291],[-78.545,-2.301],[-78.55,-2.302],[-78.55,-2.305],[-78.556,-2.307],[-78.563,-2.308],[-78.566,-2.305],[-78.575,-2.306],[-78.586,-2.311],[-78.588,-2.318],[-78.585,-2.321],[-78.584,-2.326],[-78.579,-2.331],[-78.577,-2.331],[-78.574,-2.326],[-78.565,-2.326],[-78.562,-2.327],[-78.555,-2.335],[-78.541,-2.336],[-78.525,-2.356],[-78.519,-2.354],[-78.504,-2.36],[-78.491,-2.362],[-78.484,-2.366],[-78.488,-2.383],[-78.485,-2.387],[-78.486,-2.398],[-78.484,-2.409],[-78.481,-2.415],[-78.478,-2.417],[-78.466,-2.415],[-78.462,-2.42],[-78.463,-2.424],[-78.476,-2.428],[-78.485,-2.438],[-78.486,-2.449],[-78.482,-2.454],[-78.493,-2.488],[-78.492,-2.491],[-78.498,-2.503],[-78.498,-2.507],[-78.502,-2.512],[-78.507,-2.531],[-78.512,-2.542],[-78.527,-2.556],[-78.529,-2.563],[-78.539,-2.567],[-78.547,-2.559],[-78.553,-2.558],[-78.556,-2.56],[-78.56,-2.555],[-78.562,-2.556],[-78.565,-2.554],[-78.568,-2.557],[-78.574,-2.542],[-78.587,-2.539],[-78.6,-2.54],[-78.604,-2.538],[-78.608,-2.527],[-78.625,-2.513],[-78.63,-2.506],[-78.642,-2.504],[-78.653,-2.495],[-78.658,-2.482],[-78.667,-2.467],[-78.665,-2.458],[-78.661,-2.454],[-78.664,-2.451],[-78.671,-2.453],[-78.675,-2.451],[-78.681,-2.452],[-78.697,-2.449],[-78.699,-2.446],[-78.719,-2.437],[-78.713,-2.432],[-78.714,-2.428],[-78.716,-2.427],[-78.727,-2.429],[-78.749,-2.437],[-78.749,-2.435],[-78.755,-2.432],[-78.773,-2.43],[-78.778,-2.437],[-78.782,-2.437],[-78.786,-2.432],[-78.786,-2.425],[-78.797,-2.419],[-78.796,-2.405],[-78.791,-2.386],[-78.795,-2.383],[-78.807,-2.385],[-78.81,-2.383],[-78.812,-2.377],[-78.818,-2.379],[-78.821,-2.378],[-78.834,-2.387],[-78.843,-2.398],[-78.85,-2.397],[-78.855,-2.39],[-78.86,-2.395],[-78.885,-2.393],[-78.892,-2.403],[-78.911,-2.419],[-78.917,-2.413],[-78.92,-2.414],[-78.925,-2.408],[-78.951,-2.401],[-78.957,-2.397],[-78.975,-2.392],[-78.977,-2.384],[-78.974,-2.38],[-78.977,-2.378],[-78.984,-2.376],[-79.006,-2.378],[-79.01,-2.376],[-79.014,-2.369],[-79.019,-2.365],[-79.026,-2.362],[-79.028,-2.363],[-79.029,-2.359],[-79.04,-2.343],[-79.045,-2.339],[-79.046,-2.332],[-79.052,-2.33],[-79.051,-2.323],[-79.054,-2.322],[-79.059,-2.315],[-79.063,-2.315],[-79.066,-2.306],[-79.062,-2.302],[-79.064,-2.299],[-79.068,-2.3],[-79.067,-2.298],[-79.071,-2.292],[-79.083,-2.292],[-79.087,-2.286],[-79.089,-2.286],[-79.091,-2.283],[-79.093,-2.266],[-79.1,-2.255],[-79.112,-2.251],[-79.115,-2.248],[-79.129,-2.244],[-79.134,-2.237],[-79.135,-2.216],[-79.137,-2.212],[-79.146,-2.213],[-79.151,-2.211],[-79.163,-2.215],[-79.169,-2.214],[-79.174,-2.216],[-79.18,-2.213],[-79.2,-2.215],[-79.207,-2.212],[-79.214,-2.213],[-79.224,-2.21],[-79.244,-2.218],[-79.254,-2.219],[-79.253,-2.211],[-79.25,-2.212],[-79.248,-2.196],[-79.23,-2.198],[-79.224,-2.196],[-79.217,-2.198],[-79.204,-2.195],[-79.201,-2.196],[-79.195,-2.191],[-79.164,-2.204],[-79.157,-2.204],[-79.154,-2.202],[-79.129,-2.203]]]}},{"type":"Feature","properties":{"provincia":"Cotopaxi"},"geometry":{"type":"Polygon","coordinates":[[[-79.082,-0.565],[-79.02,-0.577],[-79.01,-0.572],[-79.01,-0.563],[-78.997,-0.547],[-78.989,-0.544],[-78.984,-0.528],[-78.984,-0.516],[-78.987,-0.504],[-78.983,-0.47],[-78.984,-0.465],[-78.986,-0.465],[-78.987,-0.462],[-78.981,-0.457],[-78.981,-0.451],[-78.993,-0.446],[-79.019,-0.442],[-79.02,-0.44],[-79.016,-0.426],[-79.011,-0.418],[-79.005,-0.416],[-78.998,-0.417],[-78.984,-0.409],[-78.977,-0.41],[-78.968,-0.406],[-78.965,-0.397],[-78.955,-0.386],[-78.951,-0.375],[-78.945,-0.37],[-78.938,-0.368],[-78.933,-0.362],[-78.935,-0.347],[-78.938,-0.344],[-78.941,-0.331],[-78.934,-0.334],[-78.934,-0.336],[-78.926,-0.337],[-78.923,-0.34],[-78.92,-0.34],[-78.916,-0.344],[-78.915,-0.341],[-78.913,-0.344],[-78.914,-0.354],[-78.907,-0.359],[-78.907,-0.361],[-78.912,-0.366],[-78.916,-0.367],[-78.916,-0.372],[-78.9,-0.385],[-78.899,-0.392],[-78.889,-0.409],[-78.889,-0.411],[-78.893,-0.411],[-78.893,-0.413],[-78.89,-0.415],[-78.885,-0.413],[-78.882,-0.416],[-78.88,-0.413],[-78.878,-0.417],[-78.875,-0.414],[-78.873,-0.418],[-78.871,-0.417],[-78.871,-0.427],[-78.869,-0.427],[-78.869,-0.43],[-78.866,-0.429],[-78.862,-0.434],[-78.864,-0.441],[-78.862,-0.442],[-78.862,-0.448],[-78.858,-0.457],[-78.857,-0.465],[-78.845,-0.471],[-78.839,-0.478],[-78.837,-0.494],[-78.833,-0.5],[-78.836,-0.505],[-78.834,-0.507],[-78.834,-0.521],[-78.832,-0.525],[-78.811,-0.537],[-78.807,-0.537],[-78.804,-0.54],[-78.795,-0.543],[-78.79,-0.543],[-78.786,-0.54],[-78.782,-0.541],[-78.779,-0.538],[-78.77,-0.546],[-78.766,-0.545],[-78.755,-0.548],[-78.751,-0.55],[-78.749,-0.554],[-78.745,-0.554],[-78.744,-0.557],[-78.734,-0.56],[-78.73,-0.572],[-78.731,-0.582],[-78.729,-0.589],[-78.731,-0.597],[-78.735,-0.599],[-78.739,-0.622],[-78.734,-0.629],[-78.735,-0.634],[-78.72,-0.65],[-78.716,-0.663],[-78.698,-0.658],[-78.694,-0.658],[-78.691,-0.662],[-78.684,-0.66],[-78.676,-0.663],[-78.668,-0.661],[-78.663,-0.662],[-78.653,-0.651],[-78.652,-0.643],[-78.646,-0.641],[-78.642,-0.637],[-78.645,-0.626],[-78.618,-0.608],[-78.617,-0.601],[-78.611,-0.597],[-78.61,-0.6],[-78.599,-0.608],[-78.593,-0.608],[-78.591,-0.611],[-78.587,-0.61],[-78.581,-0.616],[-78.573,-0.613],[-78.57,-0.614],[-78.554,-0.606],[-78.545,-0.608],[-78.525,-0.603],[-78.511,-0.593],[-78.497,-0.595],[-78.489,-0.601],[-78.487,-0.607],[-78.49,-0.616],[-78.493,-0.619],[-78.496,-0.638],[-78.462,-0.658],[-78.456,-0.67],[-78.446,-0.676],[-78.438,-0.689],[-78.427,-0.699],[-78.406,-0.726],[-78.405,-0.732],[-78.395,-0.743],[-78.393,-0.76],[-78.4,-0.764],[-78.401,-0.771],[-78.395,-0.783],[-78.388,-0.811],[-78.381,-0.817],[-78.383,-0.817],[-78.389,-0.824],[-78.387,-0.83],[-78.383,-0.833],[-78.383,-0.838],[-78.394,-0.838],[-78.399,-0.842],[-78.383,-0.86],[-78.395,-0.869],[-78.403,-0.87],[-78.42,-0.878],[-78.427,-0.886],[-78.427,-0.89],[-78.411,-0.924],[-78.414,-0.927],[-78.41,-0.935],[-78.411,-0.943],[-78.402,-0.958],[-78.406,-0.975],[-78.405,-0.989],[-78.411,-0.988],[-78.414,-0.992],[-78.412,-0.996],[-78.408,-0.998],[-78.406,-1.004],[-78.408,-1.008],[-78.408,-1.015],[-78.415,-1.024],[-78.421,-1.024],[-78.422,-1.026],[-78.42,-1.03],[-78.433,-1.04],[-78.435,-1.043],[-78.434,-1.046],[-78.443,-1.049],[-78.447,-1.048],[-78.447,-1.061],[-78.449,-1.064],[-78.453,-1.065],[-78.455,-1.072],[-78.459,-1.073],[-78.46,-1.077],[-78.456,-1.081],[-78.467,-1.088],[-78.469,-1.086],[-78.483,-1.093],[-78.498,-1.093],[-78.5,-1.095],[-78.506,-1.086],[-78.509,-1.086],[-78.512,-1.079],[-78.516,-1.079],[-78.516,-1.073],[-78.522,-1.069],[-78.523,-1.059],[-78.526,-1.058],[-78.528,-1.061],[-78.559,-1.059],[-78.57,-1.064],[-78.576,-1.072],[-78.575,-1.076],[-78.573,-1.074],[-78.565,-1.077],[-78.566,-1.079],[-78.563,-1.085],[-78.57,-1.097],[-78.566,-1.105],[-78.568,-1.11],[-78.567,-1.115],[-78.569,-1.116],[-78.566,-1.12],[-78.568,-1.121],[-78.57,-1.116],[-78.572,-1.119],[-78.569,-1.127],[-78.58,-1.125],[-78.582,-1.12],[-78.589,-1.12],[-78.591,-1.114],[-78.609,-1.115],[-78.611,-1.11],[-78.613,-1.11],[-78.618,-1.12],[-78.633,-1.131],[-78.641,-1.131],[-78.646,-1.136],[-78.652,-1.138],[-78.665,-1.154],[-78.668,-1.155],[-78.673,-1.15],[-78.674,-1.145],[-78.686,-1.147],[-78.689,-1.151],[-78.711,-1.148],[-78.724,-1.149],[-78.729,-1.143],[-78.745,-1.132],[-78.751,-1.136],[-78.759,-1.136],[-78.772,-1.14],[-78.779,-1.146],[-78.783,-1.147],[-78.79,-1.143],[-78.799,-1.145],[-78.81,-1.158],[-78.817,-1.158],[-78.832,-1.166],[-78.833,-1.174],[-78.843,-1.18],[-78.849,-1.181],[-78.856,-1.174],[-78.859,-1.174],[-78.861,-1.176],[-78.861,-1.182],[-78.866,-1.185],[-78.866,-1.187],[-78.869,-1.187],[-78.869,-1.192],[-78.877,-1.197],[-78.909,-1.19],[-78.917,-1.184],[-78.926,-1.183],[-78.934,-1.187],[-78.938,-1.196],[-78.942,-1.198],[-78.944,-1.204],[-78.949,-1.206],[-78.947,-1.211],[-78.952,-1.211],[-78.958,-1.216],[-78.961,-1.216],[-78.964,-1.211],[-78.971,-1.213],[-78.974,-1.212],[-78.98,-1.217],[-78.983,-1.215],[-78.986,-1.22],[-78.989,-1.219],[-78.989,-1.217],[-78.992,-1.219],[-78.996,-1.216],[-78.999,-1.217],[-79.014,-1.214],[-79.03,-1.206],[-79.031,-1.202],[-79.035,-1.198],[-79.041,-1.196],[-79.042,-1.198],[-79.048,-1.195],[-79.049,-1.188],[-79.057,-1.187],[-79.062,-1.182],[-79.066,-1.182],[-79.072,-1.177],[-79.075,-1.171],[-79.079,-1.169],[-79.08,-1.164],[-79.082,-1.164],[-79.082,-1.162],[-79.089,-1.156],[-79.095,-1.154],[-79.096,-1.152],[-79.107,-1.15],[-79.112,-1.156],[-79.121,-1.152],[-79.123,-1.153],[-79.133,-1.163],[-79.144,-1.155],[-79.157,-1.162],[-79.169,-1.161],[-79.177,-1.164],[-79.177,-1.167],[-79.183,-1.172],[-79.194,-1.171],[-79.215,-1.175],[-79.218,-1.174],[-79.221,-1.175],[-79.227,-1.187],[-79.232,-1.188],[-79.239,-1.197],[-79.243,-1.2],[-79.247,-1.2],[-79.249,-1.203],[-79.254,-1.203],[-79.256,-1.206],[-79.26,-1.206],[-79.264,-1.209],[-79.277,-1.205],[-79.287,-1.207],[-79.287,-1.17],[-79.289,-1.17],[-79.296,-1.163],[-79.298,-1.159],[-79.312,-1.153],[-79.314,-1.147],[-79.323,-1.134],[-79.333,-1.132],[-79.336,-1.133],[-79.339,-1.124],[-79.335,-1.121],[-79.337,-1.119],[-79.331,-1.115],[-79.333,-1.11],[-79.331,-1.108],[-79.327,-1.109],[-79.327,-1.102],[-79.321,-1.097],[-79.323,-1.093],[-79.32,-1.087],[-79.321,-1.076],[-79.318,-1.077],[-79.318,-1.073],[-79.314,-1.071],[-79.314,-1.066],[-79.308,-1.062],[-79.308,-1.054],[-79.314,-1.046],[-79.313,-1.037],[-79.309,-1.033],[-79.306,-1.021],[-79.294,-1.01],[-79.292,-1.004],[-79.293,-0.987],[-79.299,-0.988],[-79.301,-0.993],[-79.308,-0.993],[-79.32,-0.997],[-79.309,-0.989],[-79.311,-0.974],[-79.309,-0.965],[-79.316,-0.959],[-79.31,-0.949],[-79.307,-0.949],[-79.305,-0.928],[-79.299,-0.929],[-79.299,-0.923],[-79.297,-0.922],[-79.296,-0.917],[-79.292,-0.917],[-79.291,-0.913],[-79.287,-0.912],[-79.287,-0.892],[-79.263,-0.88],[-79.249,-0.881],[-79.249,-0.879],[-79.244,-0.878],[-79.241,-0.875],[-79.24,-0.857],[-79.236,-0.837],[-79.233,-0.833],[-79.229,-0.836],[-79.224,-0.835],[-79.224,-0.832],[-79.227,-0.83],[-79.224,-0.828],[-79.223,-0.817],[-79.219,-0.809],[-79.216,-0.81],[-79.206,-0.805],[-79.202,-0.807],[-79.195,-0.806],[-79.186,-0.798],[-79.183,-0.777],[-79.187,-0.764],[-79.18,-0.762],[-79.177,-0.759],[-79.176,-0.76],[-79.172,-0.75],[-79.161,-0.743],[-79.156,-0.742],[-79.15,-0.722],[-79.139,-0.712],[-79.138,-0.689],[-79.134,-0.679],[-79.134,-0.674],[-79.131,-0.671],[-79.133,-0.664],[-79.132,-0.657],[-79.119,-0.631],[-79.107,-0.619],[-79.105,-0.613],[-79.098,-0.604],[-79.087,-0.573],[-79.082,-0.565]]]}},{"type":"Feature","properties":{"provincia":"El Oro"},"geometry":{"type":"MultiPolygon","coordinates":[[[[-80.209,-3.44],[-80.211,-3.439],[-80.211,-3.436],[-80.207,-3.435],[-80.205,-3.438],[-80.206,-3.44],[-80.209,-3.44]]],[[[-80.186,-3.439],[-80.194,-3.438],[-80.195,-3.435],[-80.187,-3.433],[-80.184,-3.435],[-80.186,-3.439]]],[[[-80.222,-3.432],[-80.228,-3.427],[-80.223,-3.426],[-80.216,-3.43],[-80.209,-3.431],[-80.21,-3.433],[-80.219,-3.434],[-80.222,-3.432]]],[[[-80.169,-3.431],[-80.165,-3.432],[-80.169,-3.433],[-80.169,-3.431]]],[[[-80.043,-3.427],[-80.046,-3.429],[-80.046,-3.426],[-80.043,-3.427]]],[[[-80.16,-3.425],[-80.155,-3.426],[-80.154,-3.431],[-80.162,-3.431],[-80.163,-3.428],[-80.16,-3.425]]],[[[-80.439,-3.175],[-80.44,-3.174],[-80.437,-3.171],[-80.434,-3.17],[-80.434,-3.173],[-80.439,-3.175]]],[[[-80.001,-3.254],[-79.999,-3.253],[-80.001,-3.248],[-80,-3.241],[-79.999,-3.239],[-79.996,-3.241],[-79.994,-3.239],[-80,-3.237],[-79.996,-3.229],[-79.997,-3.228],[-79.994,-3.225],[-79.992,-3.226],[-79.988,-3.22],[-79.976,-3.217],[-79.978,-3.214],[-79.977,-3.21],[-79.971,-3.202],[-79.966,-3.198],[-79.952,-3.192],[-79.954,-3.191],[-79.95,-3.183],[-79.938,-3.18],[-79.942,-3.176],[-79.943,-3.172],[-79.937,-3.161],[-79.932,-3.161],[-79.931,-3.158],[-79.916,-3.165],[-79.917,-3.163],[-79.913,-3.163],[-79.911,-3.165],[-79.909,-3.163],[-79.904,-3.148],[-79.905,-3.143],[-79.899,-3.123],[-79.901,-3.117],[-79.899,-3.115],[-79.899,-3.111],[-79.901,-3.108],[-79.895,-3.085],[-79.893,-3.053],[-79.891,-3.056],[-79.892,-3.076],[-79.878,-3.074],[-79.873,-3.078],[-79.875,-3.072],[-79.881,-3.068],[-79.878,-3.064],[-79.871,-3.06],[-79.864,-3.049],[-79.856,-3.051],[-79.855,-3.048],[-79.851,-3.049],[-79.85,-3.047],[-79.847,-3.048],[-79.847,-3.051],[-79.843,-3.055],[-79.839,-3.053],[-79.837,-3.055],[-79.833,-3.051],[-79.828,-3.055],[-79.825,-3.055],[-79.822,-3.05],[-79.815,-3.05],[-79.776,-3.064],[-79.765,-3.061],[-79.762,-3.069],[-79.756,-3.071],[-79.755,-3.077],[-79.739,-3.092],[-79.731,-3.097],[-79.721,-3.097],[-79.703,-3.105],[-79.696,-3.104],[-79.686,-3.108],[-79.681,-3.117],[-79.659,-3.128],[-79.645,-3.131],[-79.634,-3.138],[-79.633,-3.142],[-79.628,-3.147],[-79.62,-3.149],[-79.616,-3.154],[-79.607,-3.16],[-79.608,-3.163],[-79.602,-3.17],[-79.603,-3.173],[-79.598,-3.181],[-79.602,-3.192],[-79.599,-3.212],[-79.606,-3.22],[-79.622,-3.227],[-79.629,-3.233],[-79.639,-3.255],[-79.639,-3.261],[-79.636,-3.264],[-79.642,-3.294],[-79.646,-3.301],[-79.665,-3.323],[-79.66,-3.322],[-79.655,-3.326],[-79.649,-3.326],[-79.637,-3.324],[-79.632,-3.321],[-79.632,-3.319],[-79.629,-3.319],[-79.625,-3.326],[-79.621,-3.324],[-79.616,-3.325],[-79.615,-3.328],[-79.609,-3.328],[-79.608,-3.324],[-79.603,-3.326],[-79.596,-3.322],[-79.58,-3.325],[-79.571,-3.315],[-79.567,-3.314],[-79.563,-3.316],[-79.557,-3.314],[-79.54,-3.315],[-79.514,-3.308],[-79.511,-3.311],[-79.497,-3.315],[-79.482,-3.315],[-79.474,-3.319],[-79.471,-3.325],[-79.467,-3.328],[-79.461,-3.33],[-79.463,-3.332],[-79.461,-3.346],[-79.464,-3.355],[-79.467,-3.356],[-79.469,-3.361],[-79.465,-3.362],[-79.462,-3.367],[-79.463,-3.38],[-79.461,-3.389],[-79.459,-3.395],[-79.448,-3.409],[-79.449,-3.42],[-79.442,-3.439],[-79.429,-3.442],[-79.427,-3.445],[-79.427,-3.455],[-79.433,-3.464],[-79.445,-3.472],[-79.447,-3.48],[-79.457,-3.492],[-79.458,-3.497],[-79.469,-3.503],[-79.48,-3.512],[-79.482,-3.516],[-79.475,-3.525],[-79.475,-3.53],[-79.483,-3.542],[-79.481,-3.547],[-79.482,-3.563],[-79.477,-3.57],[-79.48,-3.573],[-79.48,-3.581],[-79.483,-3.589],[-79.49,-3.593],[-79.497,-3.605],[-79.497,-3.61],[-79.494,-3.621],[-79.489,-3.629],[-79.489,-3.637],[-79.485,-3.638],[-79.479,-3.634],[-79.478,-3.628],[-79.471,-3.621],[-79.447,-3.605],[-79.446,-3.597],[-79.434,-3.586],[-79.431,-3.581],[-79.428,-3.58],[-79.423,-3.582],[-79.422,-3.591],[-79.414,-3.609],[-79.391,-3.613],[-79.389,-3.622],[-79.38,-3.629],[-79.37,-3.641],[-79.37,-3.647],[-79.368,-3.648],[-79.365,-3.659],[-79.372,-3.677],[-79.373,-3.686],[-79.382,-3.702],[-79.41,-3.719],[-79.415,-3.724],[-79.404,-3.751],[-79.403,-3.76],[-79.405,-3.783],[-79.41,-3.791],[-79.417,-3.789],[-79.424,-3.792],[-79.428,-3.795],[-79.43,-3.801],[-79.444,-3.813],[-79.446,-3.811],[-79.449,-3.813],[-79.456,-3.812],[-79.457,-3.81],[-79.464,-3.808],[-79.471,-3.803],[-79.488,-3.803],[-79.492,-3.801],[-79.494,-3.796],[-79.499,-3.791],[-79.501,-3.79],[-79.509,-3.794],[-79.511,-3.79],[-79.517,-3.788],[-79.521,-3.791],[-79.533,-3.793],[-79.537,-3.797],[-79.546,-3.799],[-79.549,-3.798],[-79.551,-3.802],[-79.555,-3.801],[-79.559,-3.803],[-79.568,-3.8],[-79.573,-3.796],[-79.576,-3.797],[-79.576,-3.794],[-79.584,-3.791],[-79.597,-3.774],[-79.597,-3.77],[-79.601,-3.768],[-79.602,-3.762],[-79.606,-3.758],[-79.605,-3.754],[-79.61,-3.751],[-79.612,-3.752],[-79.619,-3.75],[-79.625,-3.754],[-79.627,-3.758],[-79.63,-3.757],[-79.633,-3.763],[-79.645,-3.767],[-79.647,-3.771],[-79.657,-3.774],[-79.662,-3.77],[-79.671,-3.773],[-79.673,-3.778],[-79.681,-3.779],[-79.686,-3.788],[-79.685,-3.793],[-79.687,-3.795],[-79.685,-3.797],[-79.69,-3.802],[-79.693,-3.802],[-79.699,-3.813],[-79.702,-3.814],[-79.705,-3.822],[-79.714,-3.829],[-79.725,-3.833],[-79.727,-3.831],[-79.734,-3.835],[-79.738,-3.835],[-79.742,-3.832],[-79.746,-3.832],[-79.751,-3.835],[-79.76,-3.835],[-79.761,-3.838],[-79.765,-3.839],[-79.777,-3.838],[-79.787,-3.845],[-79.8,-3.846],[-79.802,-3.841],[-79.808,-3.836],[-79.818,-3.841],[-79.822,-3.841],[-79.83,-3.838],[-79.832,-3.834],[-79.853,-3.825],[-79.86,-3.824],[-79.862,-3.821],[-79.866,-3.823],[-79.872,-3.821],[-79.876,-3.826],[-79.885,-3.824],[-79.887,-3.826],[-79.891,-3.826],[-79.893,-3.83],[-79.894,-3.827],[-79.903,-3.829],[-79.904,-3.827],[-79.907,-3.829],[-79.912,-3.827],[-79.911,-3.824],[-79.915,-3.824],[-79.914,-3.827],[-79.917,-3.828],[-79.92,-3.826],[-79.922,-3.828],[-79.925,-3.826],[-79.931,-3.826],[-79.932,-3.83],[-79.936,-3.833],[-79.953,-3.829],[-79.961,-3.833],[-79.967,-3.833],[-79.968,-3.838],[-79.976,-3.839],[-79.981,-3.843],[-79.986,-3.843],[-79.993,-3.848],[-79.998,-3.856],[-80.007,-3.859],[-80.011,-3.867],[-80.02,-3.867],[-80.027,-3.872],[-80.035,-3.874],[-80.039,-3.872],[-80.049,-3.875],[-80.056,-3.881],[-80.061,-3.88],[-80.063,-3.882],[-80.071,-3.879],[-80.079,-3.884],[-80.094,-3.884],[-80.102,-3.887],[-80.104,-3.884],[-80.107,-3.885],[-80.107,-3.89],[-80.11,-3.889],[-80.111,-3.885],[-80.122,-3.885],[-80.132,-3.89],[-80.136,-3.889],[-80.159,-3.872],[-80.16,-3.869],[-80.157,-3.863],[-80.16,-3.86],[-80.155,-3.858],[-80.154,-3.849],[-80.161,-3.842],[-80.161,-3.831],[-80.163,-3.827],[-80.16,-3.824],[-80.162,-3.819],[-80.161,-3.811],[-80.159,-3.809],[-80.162,-3.804],[-80.16,-3.803],[-80.172,-3.791],[-80.176,-3.793],[-80.182,-3.785],[-80.182,-3.78],[-80.185,-3.778],[-80.185,-3.775],[-80.193,-3.775],[-80.193,-3.771],[-80.189,-3.763],[-80.192,-3.759],[-80.192,-3.754],[-80.189,-3.754],[-80.189,-3.752],[-80.192,-3.749],[-80.188,-3.748],[-80.183,-3.751],[-80.188,-3.743],[-80.18,-3.741],[-80.184,-3.736],[-80.18,-3.736],[-80.183,-3.731],[-80.18,-3.728],[-80.186,-3.721],[-80.185,-3.716],[-80.194,-3.709],[-80.194,-3.705],[-80.196,-3.703],[-80.195,-3.701],[-80.2,-3.689],[-80.192,-3.677],[-80.192,-3.668],[-80.187,-3.664],[-80.189,-3.659],[-80.186,-3.652],[-80.187,-3.632],[-80.19,-3.626],[-80.199,-3.62],[-80.191,-3.613],[-80.191,-3.601],[-80.192,-3.597],[-80.197,-3.595],[-80.199,-3.592],[-80.209,-3.594],[-80.214,-3.588],[-80.215,-3.58],[-80.219,-3.575],[-80.211,-3.567],[-80.212,-3.56],[-80.209,-3.553],[-80.205,-3.553],[-80.208,-3.55],[-80.208,-3.544],[-80.211,-3.539],[-80.21,-3.537],[-80.208,-3.538],[-80.207,-3.535],[-80.211,-3.531],[-80.21,-3.529],[-80.212,-3.526],[-80.216,-3.525],[-80.215,-3.522],[-80.211,-3.52],[-80.215,-3.517],[-80.215,-3.514],[-80.218,-3.511],[-80.215,-3.505],[-80.216,-3.5],[-80.219,-3.499],[-80.224,-3.502],[-80.229,-3.502],[-80.233,-3.489],[-80.237,-3.486],[-80.24,-3.489],[-80.241,-3.486],[-80.245,-3.488],[-80.246,-3.486],[-80.243,-3.481],[-80.245,-3.478],[-80.24,-3.477],[-80.24,-3.471],[-80.243,-3.467],[-80.24,-3.464],[-80.241,-3.462],[-80.232,-3.452],[-80.222,-3.446],[-80.222,-3.44],[-80.219,-3.442],[-80.211,-3.44],[-80.203,-3.442],[-80.202,-3.444],[-80.2,-3.442],[-80.198,-3.445],[-80.192,-3.442],[-80.183,-3.443],[-80.17,-3.438],[-80.167,-3.433],[-80.164,-3.432],[-80.153,-3.434],[-80.123,-3.422],[-80.121,-3.423],[-80.124,-3.429],[-80.128,-3.432],[-80.132,-3.432],[-80.132,-3.437],[-80.135,-3.44],[-80.128,-3.445],[-80.127,-3.443],[-80.131,-3.442],[-80.132,-3.439],[-80.131,-3.437],[-80.127,-3.437],[-80.128,-3.434],[-80.126,-3.432],[-80.122,-3.432],[-80.123,-3.427],[-80.12,-3.423],[-80.115,-3.421],[-80.115,-3.423],[-80.096,-3.425],[-80.091,-3.423],[-80.07,-3.421],[-80.063,-3.417],[-80.06,-3.409],[-80.052,-3.418],[-80.054,-3.422],[-80.051,-3.424],[-80.048,-3.423],[-80.045,-3.43],[-80.042,-3.428],[-80.046,-3.425],[-80.046,-3.419],[-80.049,-3.423],[-80.053,-3.422],[-80.051,-3.418],[-80.06,-3.406],[-80.058,-3.396],[-80.048,-3.397],[-80.044,-3.393],[-80.041,-3.394],[-80.036,-3.399],[-80.035,-3.405],[-80.028,-3.408],[-80.027,-3.413],[-80.024,-3.413],[-80.021,-3.408],[-80.019,-3.413],[-80.016,-3.413],[-80.015,-3.416],[-80.011,-3.416],[-80.009,-3.413],[-80.013,-3.411],[-80.011,-3.405],[-80.006,-3.408],[-80.002,-3.407],[-79.996,-3.413],[-79.994,-3.407],[-79.999,-3.404],[-80,-3.406],[-80.006,-3.404],[-80.003,-3.398],[-79.994,-3.389],[-80.004,-3.379],[-80.007,-3.372],[-80.016,-3.372],[-80.02,-3.363],[-80.009,-3.365],[-80.008,-3.37],[-80.005,-3.372],[-80.001,-3.369],[-79.992,-3.367],[-79.983,-3.377],[-79.986,-3.379],[-79.985,-3.385],[-79.98,-3.387],[-79.979,-3.386],[-79.986,-3.383],[-79.985,-3.38],[-79.982,-3.38],[-79.982,-3.372],[-79.991,-3.366],[-80.006,-3.37],[-80.009,-3.363],[-80.014,-3.364],[-80.034,-3.348],[-80.032,-3.345],[-80.029,-3.313],[-80.022,-3.313],[-80.013,-3.317],[-80.008,-3.322],[-80.008,-3.333],[-80.004,-3.335],[-80.006,-3.342],[-80.003,-3.343],[-80.003,-3.346],[-79.999,-3.347],[-80.005,-3.34],[-80.003,-3.335],[-80.007,-3.332],[-80.007,-3.322],[-80.011,-3.316],[-80.017,-3.314],[-80.022,-3.309],[-80.023,-3.302],[-80.018,-3.295],[-80.016,-3.295],[-80.01,-3.305],[-80.001,-3.309],[-79.998,-3.305],[-80.002,-3.304],[-80.005,-3.306],[-80.01,-3.303],[-80.013,-3.295],[-80.009,-3.286],[-80.002,-3.285],[-79.999,-3.28],[-79.996,-3.282],[-79.994,-3.288],[-79.992,-3.288],[-79.988,-3.286],[-79.988,-3.281],[-79.985,-3.281],[-79.987,-3.279],[-79.984,-3.274],[-79.981,-3.273],[-79.982,-3.277],[-79.979,-3.277],[-79.977,-3.274],[-79.974,-3.276],[-79.974,-3.272],[-79.977,-3.272],[-79.979,-3.276],[-79.982,-3.276],[-79.981,-3.273],[-79.985,-3.274],[-79.987,-3.28],[-79.99,-3.282],[-79.989,-3.285],[-79.992,-3.286],[-79.998,-3.28],[-80,-3.28],[-80.004,-3.285],[-80.009,-3.285],[-80.005,-3.275],[-80.002,-3.273],[-80.004,-3.271],[-80.001,-3.262],[-80.001,-3.254]]],[[[-80.131,-3.421],[-80.147,-3.431],[-80.154,-3.431],[-80.154,-3.427],[-80.142,-3.419],[-80.131,-3.421]]],[[[-80.015,-3.415],[-80.015,-3.412],[-80.011,-3.413],[-80.013,-3.416],[-80.015,-3.415]]],[[[-80.233,-3.404],[-80.234,-3.413],[-80.236,-3.413],[-80.249,-3.391],[-80.232,-3.399],[-80.233,-3.404]]],[[[-80.059,-3.273],[-80.051,-3.252],[-80.049,-3.239],[-80.04,-3.219],[-80.03,-3.21],[-80.026,-3.211],[-80.026,-3.22],[-80.028,-3.219],[-80.024,-3.221],[-80.025,-3.226],[-80.023,-3.229],[-80.025,-3.229],[-80.023,-3.231],[-80.023,-3.239],[-80.02,-3.245],[-80.017,-3.247],[-80.018,-3.249],[-80.011,-3.262],[-80.013,-3.266],[-80.027,-3.281],[-80.032,-3.278],[-80.037,-3.279],[-80.042,-3.277],[-80.045,-3.277],[-80.053,-3.282],[-80.057,-3.279],[-80.061,-3.279],[-80.062,-3.287],[-80.067,-3.287],[-80.059,-3.273]]],[[[-79.999,-3.388],[-79.998,-3.389],[-80.003,-3.396],[-80.008,-3.392],[-80.008,-3.395],[-80.011,-3.397],[-80.011,-3.404],[-80.014,-3.41],[-80.019,-3.411],[-80.018,-3.406],[-80.021,-3.407],[-80.024,-3.412],[-80.027,-3.412],[-80.026,-3.408],[-80.028,-3.406],[-80.033,-3.405],[-80.034,-3.402],[-80.031,-3.4],[-80.033,-3.397],[-80.037,-3.397],[-80.043,-3.392],[-80.05,-3.396],[-80.057,-3.394],[-80.058,-3.391],[-80.055,-3.384],[-80.034,-3.371],[-80.028,-3.359],[-80.025,-3.358],[-80.018,-3.372],[-80.016,-3.374],[-80.009,-3.374],[-80.003,-3.385],[-79.999,-3.388]]],[[[-80.252,-3.39],[-80.251,-3.394],[-80.256,-3.395],[-80.261,-3.389],[-80.26,-3.386],[-80.256,-3.386],[-80.252,-3.39]]],[[[-80.106,-3.378],[-80.107,-3.382],[-80.103,-3.385],[-80.101,-3.385],[-80.1,-3.382],[-80.104,-3.384],[-80.107,-3.382],[-80.102,-3.379],[-80.103,-3.376],[-80.095,-3.375],[-80.093,-3.378],[-80.083,-3.381],[-80.085,-3.386],[-80.093,-3.391],[-80.094,-3.394],[-80.089,-3.399],[-80.09,-3.401],[-80.088,-3.403],[-80.084,-3.402],[-80.075,-3.395],[-80.068,-3.396],[-80.066,-3.399],[-80.068,-3.414],[-80.07,-3.417],[-80.088,-3.417],[-80.097,-3.41],[-80.104,-3.408],[-80.111,-3.395],[-80.111,-3.386],[-80.113,-3.385],[-80.117,-3.386],[-80.122,-3.383],[-80.129,-3.388],[-80.121,-3.384],[-80.117,-3.387],[-80.113,-3.386],[-80.112,-3.394],[-80.108,-3.402],[-80.109,-3.407],[-80.134,-3.408],[-80.143,-3.411],[-80.154,-3.418],[-80.158,-3.418],[-80.165,-3.406],[-80.178,-3.395],[-80.183,-3.393],[-80.189,-3.394],[-80.192,-3.389],[-80.192,-3.384],[-80.184,-3.382],[-80.183,-3.379],[-80.187,-3.377],[-80.187,-3.374],[-80.173,-3.364],[-80.171,-3.368],[-80.16,-3.373],[-80.158,-3.37],[-80.151,-3.367],[-80.145,-3.37],[-80.144,-3.377],[-80.141,-3.379],[-80.136,-3.378],[-80.134,-3.374],[-80.128,-3.376],[-80.128,-3.37],[-80.133,-3.366],[-80.132,-3.364],[-80.127,-3.365],[-80.125,-3.361],[-80.128,-3.358],[-80.125,-3.347],[-80.121,-3.347],[-80.118,-3.343],[-80.117,-3.346],[-80.11,-3.346],[-80.109,-3.35],[-80.102,-3.344],[-80.101,-3.338],[-80.097,-3.339],[-80.099,-3.344],[-80.098,-3.349],[-80.093,-3.357],[-80.093,-3.362],[-80.09,-3.368],[-80.096,-3.366],[-80.1,-3.368],[-80.101,-3.37],[-80.098,-3.375],[-80.104,-3.376],[-80.103,-3.379],[-80.106,-3.378]]],[[[-80.268,-3.374],[-80.266,-3.375],[-80.265,-3.381],[-80.269,-3.381],[-80.272,-3.378],[-80.272,-3.374],[-80.268,-3.374]]],[[[-80.264,-3.379],[-80.263,-3.378],[-80.26,-3.381],[-80.261,-3.382],[-80.264,-3.379]]],[[[-80.246,-3.333],[-80.239,-3.332],[-80.236,-3.336],[-80.244,-3.344],[-80.244,-3.349],[-80.24,-3.354],[-80.24,-3.357],[-80.229,-3.366],[-80.228,-3.37],[-80.221,-3.373],[-80.216,-3.373],[-80.202,-3.404],[-80.196,-3.406],[-80.188,-3.399],[-80.184,-3.397],[-80.181,-3.398],[-80.174,-3.406],[-80.167,-3.409],[-80.165,-3.417],[-80.182,-3.421],[-80.187,-3.413],[-80.191,-3.413],[-80.218,-3.42],[-80.227,-3.42],[-80.229,-3.418],[-80.232,-3.414],[-80.231,-3.407],[-80.229,-3.405],[-80.23,-3.395],[-80.238,-3.392],[-80.248,-3.383],[-80.254,-3.375],[-80.256,-3.363],[-80.261,-3.36],[-80.264,-3.355],[-80.264,-3.351],[-80.256,-3.342],[-80.252,-3.334],[-80.248,-3.332],[-80.246,-3.333]]],[[[-80.259,-3.377],[-80.264,-3.374],[-80.267,-3.368],[-80.264,-3.364],[-80.261,-3.367],[-80.259,-3.377]]],[[[-80.267,-3.325],[-80.271,-3.328],[-80.273,-3.333],[-80.273,-3.342],[-80.28,-3.345],[-80.284,-3.35],[-80.284,-3.355],[-80.275,-3.371],[-80.273,-3.381],[-80.261,-3.385],[-80.261,-3.391],[-80.259,-3.394],[-80.251,-3.394],[-80.245,-3.407],[-80.239,-3.415],[-80.253,-3.405],[-80.272,-3.404],[-80.283,-3.406],[-80.294,-3.397],[-80.296,-3.387],[-80.298,-3.39],[-80.293,-3.403],[-80.296,-3.402],[-80.304,-3.38],[-80.306,-3.382],[-80.31,-3.382],[-80.31,-3.385],[-80.311,-3.384],[-80.311,-3.382],[-80.305,-3.378],[-80.295,-3.365],[-80.272,-3.326],[-80.27,-3.324],[-80.267,-3.325]]],[[[-80.1,-3.37],[-80.088,-3.37],[-80.087,-3.364],[-80.09,-3.356],[-80.089,-3.352],[-80.087,-3.351],[-80.082,-3.355],[-80.073,-3.355],[-80.082,-3.353],[-80.087,-3.349],[-80.094,-3.35],[-80.092,-3.344],[-80.093,-3.335],[-80.075,-3.33],[-80.07,-3.333],[-80.067,-3.331],[-80.063,-3.332],[-80.059,-3.337],[-80.053,-3.335],[-80.052,-3.339],[-80.05,-3.34],[-80.047,-3.339],[-80.046,-3.335],[-80.039,-3.339],[-80.04,-3.349],[-80.033,-3.362],[-80.039,-3.369],[-80.057,-3.38],[-80.062,-3.386],[-80.065,-3.397],[-80.072,-3.394],[-80.08,-3.397],[-80.083,-3.401],[-80.087,-3.401],[-80.092,-3.392],[-80.084,-3.387],[-80.082,-3.381],[-80.084,-3.378],[-80.093,-3.377],[-80.094,-3.374],[-80.1,-3.37]]],[[[-80.216,-3.337],[-80.21,-3.338],[-80.211,-3.342],[-80.209,-3.345],[-80.205,-3.341],[-80.195,-3.342],[-80.192,-3.34],[-80.181,-3.344],[-80.177,-3.34],[-80.166,-3.342],[-80.166,-3.346],[-80.168,-3.347],[-80.173,-3.36],[-80.177,-3.366],[-80.185,-3.37],[-80.188,-3.376],[-80.183,-3.381],[-80.185,-3.382],[-80.188,-3.38],[-80.188,-3.384],[-80.19,-3.382],[-80.192,-3.384],[-80.192,-3.39],[-80.189,-3.394],[-80.195,-3.401],[-80.198,-3.4],[-80.206,-3.372],[-80.22,-3.356],[-80.222,-3.344],[-80.216,-3.337]]],[[[-80.227,-3.357],[-80.217,-3.372],[-80.221,-3.373],[-80.229,-3.369],[-80.228,-3.366],[-80.239,-3.358],[-80.244,-3.346],[-80.236,-3.341],[-80.227,-3.357]]],[[[-80.158,-3.338],[-80.142,-3.334],[-80.134,-3.335],[-80.131,-3.338],[-80.123,-3.333],[-80.12,-3.333],[-80.12,-3.341],[-80.128,-3.348],[-80.131,-3.357],[-80.129,-3.359],[-80.129,-3.363],[-80.134,-3.363],[-80.135,-3.366],[-80.129,-3.374],[-80.135,-3.373],[-80.141,-3.377],[-80.141,-3.37],[-80.148,-3.366],[-80.153,-3.365],[-80.162,-3.369],[-80.171,-3.363],[-80.163,-3.347],[-80.161,-3.339],[-80.158,-3.338]]],[[[-80.106,-3.346],[-80.107,-3.349],[-80.11,-3.349],[-80.109,-3.345],[-80.116,-3.345],[-80.119,-3.341],[-80.118,-3.338],[-80.109,-3.333],[-80.1,-3.331],[-80.097,-3.337],[-80.102,-3.338],[-80.104,-3.34],[-80.103,-3.344],[-80.106,-3.346]]],[[[-80.111,-3.326],[-80.089,-3.307],[-80.086,-3.307],[-80.08,-3.302],[-80.073,-3.291],[-80.064,-3.29],[-80.061,-3.288],[-80.06,-3.281],[-80.058,-3.28],[-80.052,-3.283],[-80.041,-3.278],[-80.037,-3.281],[-80.031,-3.28],[-80.028,-3.283],[-80.036,-3.308],[-80.039,-3.338],[-80.045,-3.334],[-80.047,-3.338],[-80.051,-3.339],[-80.052,-3.334],[-80.055,-3.334],[-80.058,-3.337],[-80.067,-3.33],[-80.071,-3.331],[-80.076,-3.329],[-80.093,-3.333],[-80.096,-3.329],[-80.105,-3.327],[-80.11,-3.328],[-80.111,-3.326]]]]}},{"type":"Feature","properties":{"provincia":"Esmeraldas"},"geometry":{"type":"MultiPolygon","coordinates":[[[[-78.956,1.228],[-78.95,1.227],[-78.95,1.223],[-78.957,1.223],[-78.956,1.228]]],[[[-80.055,0.416],[-80.061,0.421],[-80.062,0.432],[-80.059,0.448],[-80.057,0.452],[-80.054,0.453],[-80.053,0.451],[-80.058,0.446],[-80.053,0.434],[-80.053,0.424],[-80.046,0.419],[-80.055,0.416]]],[[[-79.97,0.283],[-79.976,0.288],[-79.969,0.288],[-79.967,0.286],[-79.97,0.283]]],[[[-79.977,0.288],[-79.975,0.284],[-79.982,0.287],[-79.984,0.291],[-79.98,0.292],[-79.977,0.288]]],[[[-80.001,0.364],[-80.002,0.362],[-80.019,0.371],[-80.025,0.377],[-80.033,0.391],[-80.041,0.397],[-80.038,0.398],[-80.039,0.403],[-80.041,0.399],[-80.044,0.403],[-80.038,0.404],[-80.024,0.398],[-80.009,0.395],[-79.996,0.389],[-79.994,0.387],[-79.994,0.373],[-79.997,0.367],[-80.001,0.364]]],[[[-80.05,0.397],[-80.052,0.395],[-80.052,0.391],[-80.048,0.384],[-80.046,0.386],[-80.043,0.385],[-80.044,0.381],[-80.046,0.38],[-80.048,0.381],[-80.053,0.393],[-80.05,0.397]]],[[[-80.053,0.823],[-80.05,0.826],[-80.049,0.818],[-80.019,0.818],[-80.013,0.821],[-80.01,0.818],[-80.003,0.819],[-79.999,0.817],[-79.989,0.817],[-79.98,0.818],[-79.952,0.827],[-79.934,0.84],[-79.917,0.857],[-79.915,0.855],[-79.905,0.853],[-79.882,0.871],[-79.877,0.869],[-79.877,0.865],[-79.868,0.864],[-79.841,0.879],[-79.84,0.877],[-79.835,0.878],[-79.837,0.879],[-79.837,0.877],[-79.839,0.877],[-79.838,0.88],[-79.81,0.894],[-79.796,0.906],[-79.785,0.921],[-79.761,0.942],[-79.752,0.954],[-79.744,0.961],[-79.732,0.967],[-79.727,0.966],[-79.709,0.968],[-79.649,0.997],[-79.646,0.995],[-79.617,0.992],[-79.612,0.986],[-79.608,0.985],[-79.593,0.985],[-79.579,0.988],[-79.559,0.996],[-79.557,0.994],[-79.553,0.994],[-79.425,1.071],[-79.417,1.073],[-79.412,1.077],[-79.396,1.083],[-79.393,1.083],[-79.391,1.077],[-79.387,1.073],[-79.376,1.07],[-79.355,1.069],[-79.323,1.075],[-79.304,1.082],[-79.295,1.078],[-79.289,1.078],[-79.259,1.087],[-79.257,1.084],[-79.257,1.077],[-79.25,1.073],[-79.246,1.073],[-79.215,1.083],[-79.208,1.083],[-79.189,1.09],[-79.187,1.089],[-79.181,1.092],[-79.176,1.091],[-79.171,1.093],[-79.163,1.097],[-79.13,1.121],[-79.103,1.152],[-79.094,1.165],[-79.089,1.168],[-79.089,1.172],[-79.064,1.21],[-79.051,1.221],[-79.045,1.236],[-79.047,1.241],[-79.032,1.247],[-79.005,1.272],[-79.001,1.271],[-78.996,1.265],[-78.994,1.256],[-78.982,1.251],[-78.977,1.242],[-78.96,1.227],[-78.96,1.224],[-78.957,1.221],[-78.949,1.223],[-78.946,1.226],[-78.928,1.225],[-78.927,1.228],[-78.93,1.228],[-78.929,1.231],[-78.941,1.244],[-78.948,1.244],[-78.957,1.249],[-78.963,1.254],[-78.97,1.269],[-78.978,1.272],[-78.983,1.271],[-78.983,1.276],[-78.977,1.297],[-78.962,1.32],[-78.936,1.343],[-78.936,1.339],[-78.933,1.337],[-78.933,1.335],[-78.936,1.329],[-78.942,1.327],[-78.946,1.319],[-78.944,1.31],[-78.944,1.319],[-78.942,1.323],[-78.933,1.33],[-78.929,1.347],[-78.93,1.349],[-78.926,1.352],[-78.908,1.376],[-78.906,1.377],[-78.903,1.373],[-78.896,1.371],[-78.899,1.364],[-78.902,1.367],[-78.905,1.366],[-78.904,1.364],[-78.902,1.367],[-78.9,1.364],[-78.897,1.364],[-78.897,1.36],[-78.898,1.358],[-78.905,1.359],[-78.906,1.357],[-78.901,1.349],[-78.904,1.346],[-78.907,1.346],[-78.907,1.342],[-78.912,1.334],[-78.909,1.334],[-78.91,1.337],[-78.906,1.342],[-78.906,1.345],[-78.901,1.347],[-78.904,1.357],[-78.892,1.356],[-78.896,1.346],[-78.896,1.341],[-78.904,1.335],[-78.901,1.328],[-78.903,1.322],[-78.907,1.314],[-78.911,1.311],[-78.908,1.309],[-78.909,1.312],[-78.905,1.313],[-78.906,1.31],[-78.904,1.304],[-78.9,1.303],[-78.898,1.3],[-78.896,1.301],[-78.895,1.305],[-78.891,1.307],[-78.892,1.312],[-78.895,1.314],[-78.891,1.319],[-78.889,1.318],[-78.888,1.313],[-78.885,1.312],[-78.882,1.304],[-78.872,1.296],[-78.851,1.301],[-78.844,1.296],[-78.845,1.293],[-78.843,1.292],[-78.836,1.292],[-78.831,1.289],[-78.821,1.29],[-78.82,1.292],[-78.807,1.288],[-78.809,1.292],[-78.813,1.294],[-78.813,1.296],[-78.806,1.302],[-78.797,1.302],[-78.797,1.3],[-78.794,1.298],[-78.79,1.299],[-78.785,1.293],[-78.788,1.301],[-78.784,1.3],[-78.782,1.302],[-78.785,1.314],[-78.787,1.311],[-78.785,1.31],[-78.787,1.306],[-78.784,1.304],[-78.786,1.303],[-78.789,1.305],[-78.79,1.302],[-78.793,1.302],[-78.792,1.304],[-78.796,1.304],[-78.795,1.307],[-78.798,1.309],[-78.798,1.307],[-78.801,1.307],[-78.803,1.312],[-78.801,1.313],[-78.799,1.32],[-78.802,1.323],[-78.805,1.323],[-78.803,1.316],[-78.807,1.306],[-78.817,1.299],[-78.828,1.296],[-78.83,1.297],[-78.832,1.301],[-78.831,1.307],[-78.826,1.302],[-78.824,1.314],[-78.819,1.317],[-78.828,1.315],[-78.825,1.322],[-78.828,1.329],[-78.833,1.332],[-78.83,1.337],[-78.832,1.339],[-78.846,1.339],[-78.844,1.348],[-78.848,1.355],[-78.839,1.364],[-78.834,1.373],[-78.829,1.375],[-78.826,1.379],[-78.822,1.377],[-78.818,1.371],[-78.816,1.366],[-78.82,1.364],[-78.815,1.365],[-78.82,1.375],[-78.826,1.38],[-78.826,1.386],[-78.83,1.386],[-78.832,1.379],[-78.834,1.378],[-78.838,1.383],[-78.84,1.387],[-78.837,1.394],[-78.839,1.4],[-78.838,1.405],[-78.836,1.407],[-78.831,1.403],[-78.829,1.405],[-78.827,1.403],[-78.812,1.403],[-78.808,1.41],[-78.81,1.417],[-78.809,1.42],[-78.805,1.426],[-78.803,1.426],[-78.802,1.423],[-78.804,1.421],[-78.804,1.416],[-78.798,1.408],[-78.795,1.409],[-78.793,1.404],[-78.784,1.404],[-78.781,1.392],[-78.783,1.391],[-78.781,1.389],[-78.765,1.389],[-78.762,1.392],[-78.756,1.392],[-78.753,1.39],[-78.747,1.379],[-78.743,1.376],[-78.741,1.377],[-78.731,1.368],[-78.72,1.369],[-78.715,1.361],[-78.714,1.362],[-78.71,1.359],[-78.706,1.35],[-78.704,1.35],[-78.702,1.339],[-78.695,1.334],[-78.694,1.33],[-78.69,1.331],[-78.69,1.334],[-78.685,1.333],[-78.674,1.323],[-78.671,1.323],[-78.672,1.321],[-78.664,1.32],[-78.662,1.318],[-78.663,1.314],[-78.654,1.298],[-78.653,1.292],[-78.646,1.289],[-78.649,1.283],[-78.649,1.278],[-78.643,1.269],[-78.639,1.266],[-78.635,1.268],[-78.63,1.264],[-78.633,1.262],[-78.627,1.261],[-78.626,1.255],[-78.622,1.25],[-78.615,1.246],[-78.609,1.248],[-78.609,1.252],[-78.607,1.253],[-78.604,1.25],[-78.553,1.251],[-78.551,1.249],[-78.551,1.244],[-78.549,1.243],[-78.546,1.245],[-78.543,1.243],[-78.544,1.24],[-78.541,1.236],[-78.547,1.23],[-78.547,1.227],[-78.545,1.226],[-78.539,1.229],[-78.537,1.226],[-78.528,1.221],[-78.521,1.221],[-78.521,1.213],[-78.515,1.214],[-78.514,1.212],[-78.516,1.206],[-78.511,1.202],[-78.517,1.188],[-78.51,1.189],[-78.508,1.183],[-78.502,1.187],[-78.496,1.184],[-78.498,1.182],[-78.497,1.179],[-78.5,1.177],[-78.504,1.179],[-78.504,1.176],[-78.513,1.17],[-78.511,1.169],[-78.513,1.158],[-78.511,1.157],[-78.507,1.161],[-78.506,1.152],[-78.509,1.151],[-78.507,1.145],[-78.504,1.145],[-78.501,1.134],[-78.504,1.131],[-78.503,1.128],[-78.506,1.121],[-78.505,1.117],[-78.507,1.108],[-78.507,1.105],[-78.505,1.106],[-78.503,1.104],[-78.508,1.095],[-78.5,1.09],[-78.5,1.087],[-78.502,1.086],[-78.502,1.079],[-78.499,1.076],[-78.504,1.075],[-78.504,1.072],[-78.507,1.071],[-78.52,1.068],[-78.522,1.069],[-78.521,1.066],[-78.525,1.062],[-78.523,1.058],[-78.527,1.058],[-78.537,1.053],[-78.544,1.045],[-78.542,1.043],[-78.542,1.038],[-78.546,1.035],[-78.548,1.03],[-78.543,1.028],[-78.546,1.027],[-78.545,1.023],[-78.549,1.02],[-78.546,1.017],[-78.548,1.011],[-78.542,1.009],[-78.542,1.007],[-78.545,1.007],[-78.545,1.005],[-78.537,0.993],[-78.539,0.99],[-78.535,0.976],[-78.543,0.955],[-78.546,0.956],[-78.547,0.954],[-78.544,0.944],[-78.547,0.942],[-78.53,0.929],[-78.53,0.927],[-78.532,0.928],[-78.533,0.925],[-78.529,0.92],[-78.519,0.917],[-78.495,0.891],[-78.492,0.891],[-78.486,0.886],[-78.46,0.885],[-78.458,0.879],[-78.454,0.879],[-78.451,0.863],[-78.453,0.858],[-78.451,0.849],[-78.454,0.841],[-78.447,0.834],[-78.445,0.827],[-78.45,0.824],[-78.442,0.818],[-78.442,0.804],[-78.444,0.804],[-78.445,0.801],[-78.451,0.796],[-78.449,0.794],[-78.45,0.79],[-78.456,0.787],[-78.462,0.778],[-78.466,0.778],[-78.467,0.774],[-78.477,0.773],[-78.494,0.767],[-78.496,0.77],[-78.499,0.769],[-78.505,0.775],[-78.512,0.776],[-78.517,0.772],[-78.531,0.772],[-78.534,0.771],[-78.534,0.769],[-78.532,0.763],[-78.521,0.759],[-78.514,0.745],[-78.508,0.716],[-78.502,0.711],[-78.49,0.714],[-78.484,0.709],[-78.48,0.679],[-78.472,0.655],[-78.465,0.648],[-78.462,0.642],[-78.462,0.631],[-78.433,0.61],[-78.43,0.605],[-78.427,0.585],[-78.431,0.571],[-78.437,0.566],[-78.453,0.539],[-78.466,0.538],[-78.467,0.535],[-78.494,0.547],[-78.513,0.532],[-78.524,0.528],[-78.536,0.527],[-78.544,0.52],[-78.549,0.519],[-78.555,0.512],[-78.556,0.503],[-78.56,0.492],[-78.559,0.487],[-78.563,0.479],[-78.566,0.476],[-78.571,0.475],[-78.579,0.467],[-78.59,0.464],[-78.607,0.446],[-78.607,0.435],[-78.615,0.428],[-78.613,0.42],[-78.616,0.412],[-78.64,0.397],[-78.649,0.383],[-78.656,0.378],[-78.662,0.378],[-78.674,0.372],[-78.69,0.377],[-78.7,0.384],[-78.703,0.394],[-78.719,0.403],[-78.747,0.401],[-78.772,0.413],[-78.783,0.405],[-78.802,0.41],[-78.812,0.407],[-78.828,0.381],[-78.834,0.379],[-78.849,0.376],[-78.861,0.371],[-78.875,0.373],[-78.88,0.37],[-78.905,0.368],[-78.916,0.364],[-78.949,0.365],[-78.958,0.363],[-78.973,0.352],[-79.018,0.311],[-79.027,0.307],[-79.036,0.307],[-79.04,0.305],[-79.052,0.311],[-79.059,0.318],[-79.063,0.326],[-79.071,0.333],[-79.076,0.332],[-79.083,0.334],[-79.085,0.332],[-79.092,0.336],[-79.103,0.333],[-79.11,0.336],[-79.122,0.336],[-79.127,0.338],[-79.129,0.341],[-79.132,0.34],[-79.137,0.343],[-79.137,0.341],[-79.14,0.343],[-79.145,0.342],[-79.16,0.348],[-79.167,0.348],[-79.174,0.344],[-79.176,0.348],[-79.179,0.346],[-79.182,0.347],[-79.183,0.345],[-79.186,0.345],[-79.188,0.341],[-79.193,0.34],[-79.195,0.342],[-79.2,0.342],[-79.201,0.344],[-79.212,0.346],[-79.22,0.341],[-79.23,0.341],[-79.233,0.339],[-79.239,0.343],[-79.246,0.34],[-79.26,0.341],[-79.273,0.337],[-79.276,0.331],[-79.281,0.337],[-79.286,0.334],[-79.292,0.338],[-79.295,0.269],[-79.301,0.267],[-79.302,0.265],[-79.298,0.261],[-79.305,0.263],[-79.309,0.261],[-79.313,0.263],[-79.319,0.255],[-79.326,0.255],[-79.327,0.252],[-79.331,0.253],[-79.334,0.25],[-79.341,0.248],[-79.342,0.25],[-79.345,0.247],[-79.352,0.246],[-79.362,0.249],[-79.364,0.244],[-79.36,0.232],[-79.352,0.226],[-79.349,0.217],[-79.35,0.215],[-79.346,0.208],[-79.34,0.206],[-79.33,0.206],[-79.323,0.196],[-79.315,0.194],[-79.312,0.188],[-79.304,0.18],[-79.305,0.172],[-79.31,0.161],[-79.313,0.158],[-79.321,0.158],[-79.324,0.156],[-79.327,0.146],[-79.329,0.145],[-79.33,0.139],[-79.327,0.132],[-79.331,0.115],[-79.338,0.109],[-79.345,0.099],[-79.355,0.076],[-79.355,0.067],[-79.362,0.062],[-79.358,0.076],[-79.366,0.075],[-79.376,0.079],[-79.406,0.082],[-79.409,0.075],[-79.414,0.074],[-79.417,0.075],[-79.417,0.078],[-79.421,0.08],[-79.429,0.089],[-79.435,0.09],[-79.438,0.093],[-79.441,0.093],[-79.44,0.095],[-79.446,0.097],[-79.451,0.096],[-79.456,0.1],[-79.457,0.095],[-79.462,0.097],[-79.474,0.097],[-79.481,0.091],[-79.482,0.083],[-79.493,0.086],[-79.5,0.086],[-79.502,0.084],[-79.504,0.085],[-79.506,0.094],[-79.509,0.095],[-79.507,0.099],[-79.511,0.101],[-79.519,0.101],[-79.521,0.103],[-79.529,0.102],[-79.533,0.104],[-79.536,0.109],[-79.541,0.11],[-79.552,0.11],[-79.559,0.106],[-79.559,0.112],[-79.569,0.115],[-79.574,0.12],[-79.577,0.121],[-79.583,0.118],[-79.586,0.12],[-79.6,0.122],[-79.601,0.13],[-79.604,0.133],[-79.608,0.132],[-79.609,0.13],[-79.612,0.136],[-79.617,0.133],[-79.618,0.135],[-79.615,0.139],[-79.618,0.142],[-79.618,0.145],[-79.623,0.147],[-79.623,0.15],[-79.626,0.153],[-79.625,0.155],[-79.628,0.158],[-79.637,0.155],[-79.641,0.156],[-79.643,0.153],[-79.649,0.154],[-79.651,0.144],[-79.658,0.156],[-79.654,0.157],[-79.652,0.161],[-79.657,0.161],[-79.658,0.163],[-79.655,0.165],[-79.655,0.168],[-79.659,0.17],[-79.656,0.174],[-79.657,0.176],[-79.661,0.176],[-79.663,0.179],[-79.666,0.18],[-79.668,0.175],[-79.671,0.175],[-79.673,0.171],[-79.676,0.171],[-79.678,0.166],[-79.682,0.166],[-79.683,0.169],[-79.686,0.169],[-79.686,0.171],[-79.69,0.169],[-79.695,0.171],[-79.694,0.173],[-79.696,0.178],[-79.701,0.18],[-79.699,0.181],[-79.7,0.183],[-79.708,0.182],[-79.711,0.184],[-79.71,0.193],[-79.706,0.196],[-79.708,0.201],[-79.706,0.203],[-79.706,0.213],[-79.695,0.221],[-79.69,0.217],[-79.685,0.218],[-79.687,0.227],[-79.686,0.231],[-79.684,0.231],[-79.679,0.242],[-79.676,0.244],[-79.672,0.251],[-79.672,0.255],[-79.682,0.269],[-79.69,0.276],[-79.696,0.278],[-79.709,0.273],[-79.728,0.272],[-79.728,0.283],[-79.72,0.289],[-79.718,0.294],[-79.72,0.302],[-79.716,0.306],[-79.721,0.32],[-79.721,0.326],[-79.706,0.341],[-79.719,0.365],[-79.731,0.373],[-79.759,0.374],[-79.765,0.372],[-79.773,0.346],[-79.781,0.336],[-79.792,0.336],[-79.797,0.334],[-79.82,0.319],[-79.833,0.326],[-79.859,0.318],[-79.87,0.319],[-79.873,0.317],[-79.88,0.323],[-79.883,0.323],[-79.886,0.322],[-79.888,0.317],[-79.905,0.315],[-79.903,0.312],[-79.895,0.313],[-79.894,0.303],[-79.895,0.301],[-79.901,0.3],[-79.9,0.297],[-79.904,0.298],[-79.901,0.292],[-79.903,0.289],[-79.907,0.288],[-79.906,0.294],[-79.908,0.295],[-79.909,0.284],[-79.906,0.283],[-79.904,0.277],[-79.906,0.275],[-79.908,0.277],[-79.909,0.272],[-79.911,0.271],[-79.919,0.276],[-79.926,0.268],[-79.927,0.264],[-79.921,0.259],[-79.922,0.256],[-79.93,0.254],[-79.934,0.255],[-79.946,0.268],[-79.949,0.269],[-79.955,0.266],[-79.963,0.273],[-79.971,0.275],[-79.974,0.279],[-79.972,0.284],[-79.967,0.284],[-79.967,0.288],[-79.973,0.288],[-79.974,0.29],[-79.977,0.288],[-79.979,0.292],[-79.985,0.293],[-79.984,0.31],[-79.985,0.326],[-79.987,0.33],[-79.983,0.337],[-79.984,0.339],[-79.981,0.35],[-79.98,0.366],[-79.987,0.39],[-79.999,0.404],[-80.015,0.406],[-80.019,0.411],[-80.021,0.411],[-80.023,0.416],[-80.033,0.427],[-80.04,0.432],[-80.039,0.435],[-80.044,0.439],[-80.047,0.449],[-80.048,0.459],[-80.054,0.468],[-80.046,0.489],[-80.048,0.49],[-80.047,0.493],[-80.042,0.495],[-80.039,0.503],[-80.037,0.502],[-80.032,0.508],[-80.027,0.506],[-80.024,0.507],[-80.018,0.514],[-80.013,0.527],[-80.009,0.548],[-80.006,0.551],[-80.01,0.557],[-80.005,0.568],[-80.015,0.578],[-80.026,0.602],[-80.046,0.634],[-80.061,0.644],[-80.062,0.648],[-80.067,0.652],[-80.073,0.654],[-80.082,0.651],[-80.082,0.648],[-80.087,0.648],[-80.1,0.679],[-80.103,0.694],[-80.102,0.698],[-80.099,0.7],[-80.095,0.715],[-80.095,0.721],[-80.1,0.739],[-80.1,0.752],[-80.098,0.755],[-80.097,0.765],[-80.093,0.769],[-80.092,0.776],[-80.091,0.775],[-80.082,0.786],[-80.08,0.793],[-80.074,0.797],[-80.053,0.823]]],[[[-78.865,1.385],[-78.866,1.38],[-78.869,1.378],[-78.868,1.375],[-78.87,1.375],[-78.871,1.379],[-78.868,1.382],[-78.867,1.387],[-78.869,1.393],[-78.876,1.401],[-78.871,1.407],[-78.865,1.406],[-78.863,1.403],[-78.859,1.404],[-78.859,1.398],[-78.864,1.394],[-78.86,1.388],[-78.86,1.384],[-78.865,1.385]]],[[[-78.86,1.384],[-78.859,1.387],[-78.863,1.395],[-78.86,1.395],[-78.858,1.404],[-78.862,1.405],[-78.86,1.41],[-78.863,1.413],[-78.854,1.425],[-78.856,1.429],[-78.855,1.431],[-78.852,1.428],[-78.849,1.43],[-78.843,1.415],[-78.839,1.412],[-78.843,1.4],[-78.842,1.393],[-78.846,1.38],[-78.868,1.375],[-78.869,1.377],[-78.866,1.38],[-78.866,1.384],[-78.86,1.384]]],[[[-78.871,1.414],[-78.87,1.409],[-78.877,1.403],[-78.869,1.389],[-78.869,1.385],[-78.873,1.381],[-78.88,1.381],[-78.884,1.378],[-78.886,1.38],[-78.888,1.395],[-78.889,1.397],[-78.893,1.398],[-78.887,1.404],[-78.884,1.411],[-78.881,1.428],[-78.883,1.447],[-78.88,1.452],[-78.877,1.453],[-78.868,1.451],[-78.849,1.439],[-78.85,1.436],[-78.855,1.434],[-78.855,1.432],[-78.851,1.432],[-78.851,1.429],[-78.857,1.431],[-78.857,1.428],[-78.855,1.427],[-78.864,1.414],[-78.864,1.412],[-78.861,1.41],[-78.867,1.408],[-78.87,1.41],[-78.871,1.414]]],[[[-78.821,1.42],[-78.819,1.422],[-78.819,1.427],[-78.811,1.427],[-78.818,1.409],[-78.818,1.412],[-78.823,1.417],[-78.821,1.42]]],[[[-78.828,1.416],[-78.829,1.41],[-78.831,1.41],[-78.84,1.417],[-78.845,1.43],[-78.839,1.434],[-78.836,1.432],[-78.826,1.434],[-78.823,1.433],[-78.828,1.416]]],[[[-78.902,1.304],[-78.905,1.309],[-78.903,1.312],[-78.904,1.318],[-78.898,1.327],[-78.902,1.331],[-78.902,1.334],[-78.895,1.339],[-78.893,1.344],[-78.89,1.344],[-78.887,1.318],[-78.885,1.315],[-78.887,1.314],[-78.89,1.32],[-78.893,1.319],[-78.896,1.315],[-78.892,1.312],[-78.891,1.308],[-78.898,1.3],[-78.9,1.304],[-78.902,1.304]]],[[[-78.829,1.327],[-78.83,1.326],[-78.827,1.321],[-78.829,1.316],[-78.828,1.311],[-78.836,1.31],[-78.837,1.312],[-78.84,1.307],[-78.84,1.303],[-78.843,1.306],[-78.854,1.307],[-78.855,1.311],[-78.861,1.311],[-78.862,1.313],[-78.859,1.321],[-78.862,1.312],[-78.86,1.31],[-78.856,1.31],[-78.856,1.308],[-78.869,1.309],[-78.879,1.315],[-78.877,1.318],[-78.876,1.332],[-78.877,1.344],[-78.872,1.354],[-78.86,1.367],[-78.839,1.373],[-78.85,1.354],[-78.85,1.35],[-78.846,1.346],[-78.848,1.337],[-78.845,1.336],[-78.835,1.338],[-78.835,1.335],[-78.837,1.334],[-78.829,1.327]]]]}},{"type":"Feature","properties":{"provincia":"Galápagos"},"geometry":{"type":"MultiPolygon","coordinates":[[[[-89.682,-1.347],[-89.676,-1.349],[-89.671,-1.348],[-89.67,-1.345],[-89.663,-1.346],[-89.661,-1.353],[-89.651,-1.356],[-89.645,-1.36],[-89.641,-1.367],[-89.637,-1.365],[-89.632,-1.368],[-89.631,-1.376],[-89.627,-1.376],[-89.627,-1.379],[-89.625,-1.38],[-89.627,-1.385],[-89.62,-1.388],[-89.621,-1.391],[-89.618,-1.393],[-89.62,-1.395],[-89.624,-1.393],[-89.626,-1.394],[-89.629,-1.4],[-89.626,-1.405],[-89.631,-1.411],[-89.635,-1.41],[-89.637,-1.412],[-89.638,-1.408],[-89.641,-1.406],[-89.646,-1.408],[-89.649,-1.406],[-89.654,-1.407],[-89.662,-1.404],[-89.669,-1.406],[-89.679,-1.401],[-89.687,-1.403],[-89.69,-1.395],[-89.704,-1.396],[-89.706,-1.392],[-89.711,-1.392],[-89.724,-1.383],[-89.733,-1.381],[-89.739,-1.374],[-89.744,-1.375],[-89.745,-1.37],[-89.739,-1.37],[-89.733,-1.36],[-89.725,-1.359],[-89.716,-1.352],[-89.704,-1.352],[-89.7,-1.348],[-89.695,-1.348],[-89.693,-1.346],[-89.691,-1.349],[-89.686,-1.35],[-89.682,-1.347]]],[[[-89.646,-1.343],[-89.644,-1.339],[-89.639,-1.344],[-89.648,-1.348],[-89.649,-1.347],[-89.646,-1.343]]],[[[-90.298,-1.331],[-90.293,-1.329],[-90.29,-1.33],[-90.294,-1.338],[-90.297,-1.339],[-90.301,-1.336],[-90.3,-1.332],[-90.298,-1.331]]],[[[-90.339,-1.313],[-90.341,-1.311],[-90.34,-1.306],[-90.335,-1.305],[-90.34,-1.31],[-90.339,-1.313]]],[[[-90.361,-1.232],[-90.363,-1.234],[-90.364,-1.231],[-90.362,-1.23],[-90.361,-1.232]]],[[[-90.511,-1.316],[-90.506,-1.311],[-90.5,-1.298],[-90.495,-1.296],[-90.496,-1.287],[-90.49,-1.282],[-90.489,-1.279],[-90.488,-1.266],[-90.49,-1.26],[-90.488,-1.257],[-90.488,-1.252],[-90.485,-1.247],[-90.482,-1.248],[-90.479,-1.232],[-90.468,-1.23],[-90.465,-1.232],[-90.464,-1.238],[-90.455,-1.239],[-90.441,-1.231],[-90.438,-1.227],[-90.428,-1.225],[-90.427,-1.22],[-90.421,-1.222],[-90.42,-1.225],[-90.423,-1.227],[-90.421,-1.233],[-90.403,-1.239],[-90.394,-1.246],[-90.39,-1.245],[-90.382,-1.249],[-90.381,-1.248],[-90.372,-1.256],[-90.371,-1.26],[-90.359,-1.263],[-90.353,-1.276],[-90.357,-1.278],[-90.361,-1.287],[-90.361,-1.293],[-90.365,-1.296],[-90.364,-1.3],[-90.367,-1.3],[-90.377,-1.311],[-90.38,-1.311],[-90.381,-1.313],[-90.379,-1.315],[-90.387,-1.333],[-90.398,-1.34],[-90.399,-1.344],[-90.407,-1.344],[-90.426,-1.358],[-90.434,-1.36],[-90.444,-1.358],[-90.455,-1.36],[-90.474,-1.346],[-90.485,-1.343],[-90.489,-1.345],[-90.49,-1.342],[-90.498,-1.338],[-90.499,-1.331],[-90.507,-1.327],[-90.511,-1.316]]],[[[-90.372,-0.426],[-90.375,-0.422],[-90.371,-0.419],[-90.369,-0.421],[-90.37,-0.425],[-90.372,-0.426]]],[[[-90.705,-0.427],[-90.708,-0.427],[-90.711,-0.424],[-90.714,-0.426],[-90.719,-0.421],[-90.72,-0.417],[-90.72,-0.412],[-90.712,-0.406],[-90.712,-0.402],[-90.709,-0.399],[-90.705,-0.404],[-90.701,-0.405],[-90.697,-0.411],[-90.7,-0.42],[-90.706,-0.422],[-90.705,-0.427]]],[[[-90.281,-0.398],[-90.292,-0.401],[-90.293,-0.394],[-90.291,-0.391],[-90.286,-0.389],[-90.28,-0.389],[-90.276,-0.391],[-90.277,-0.397],[-90.281,-0.398]]],[[[-90.962,-0.388],[-90.962,-0.383],[-90.96,-0.384],[-90.962,-0.388]]],[[[-89.974,0.31],[-89.977,0.314],[-89.977,0.327],[-89.972,0.335],[-89.972,0.338],[-89.963,0.341],[-89.961,0.344],[-89.955,0.347],[-89.949,0.347],[-89.94,0.341],[-89.934,0.324],[-89.935,0.317],[-89.944,0.3],[-89.95,0.298],[-89.956,0.3],[-89.954,0.303],[-89.946,0.306],[-89.945,0.316],[-89.948,0.318],[-89.953,0.316],[-89.956,0.317],[-89.962,0.311],[-89.96,0.305],[-89.963,0.304],[-89.968,0.305],[-89.974,0.31]]],[[[-90.728,0.592],[-90.725,0.578],[-90.719,0.566],[-90.72,0.556],[-90.718,0.555],[-90.723,0.54],[-90.726,0.54],[-90.732,0.545],[-90.739,0.545],[-90.742,0.541],[-90.751,0.546],[-90.753,0.544],[-90.76,0.545],[-90.771,0.552],[-90.774,0.551],[-90.78,0.554],[-90.784,0.562],[-90.782,0.566],[-90.785,0.578],[-90.783,0.58],[-90.784,0.586],[-90.785,0.59],[-90.789,0.593],[-90.788,0.596],[-90.79,0.6],[-90.79,0.605],[-90.787,0.612],[-90.788,0.627],[-90.783,0.633],[-90.784,0.637],[-90.781,0.642],[-90.779,0.644],[-90.766,0.639],[-90.763,0.64],[-90.758,0.633],[-90.756,0.625],[-90.752,0.621],[-90.748,0.621],[-90.738,0.605],[-90.73,0.599],[-90.728,0.592]]],[[[-90.436,0.361],[-90.419,0.346],[-90.419,0.343],[-90.401,0.322],[-90.407,0.312],[-90.408,0.307],[-90.418,0.296],[-90.429,0.29],[-90.454,0.284],[-90.471,0.277],[-90.482,0.277],[-90.503,0.288],[-90.508,0.295],[-90.507,0.298],[-90.51,0.301],[-90.517,0.303],[-90.521,0.302],[-90.524,0.306],[-90.531,0.308],[-90.54,0.314],[-90.538,0.321],[-90.542,0.332],[-90.541,0.336],[-90.543,0.345],[-90.54,0.354],[-90.529,0.369],[-90.515,0.374],[-90.508,0.38],[-90.488,0.387],[-90.478,0.387],[-90.475,0.384],[-90.472,0.386],[-90.461,0.385],[-90.452,0.377],[-90.446,0.366],[-90.439,0.365],[-90.436,0.361]]],[[[-91.824,1.374],[-91.824,1.376],[-91.818,1.379],[-91.821,1.391],[-91.817,1.394],[-91.817,1.387],[-91.811,1.383],[-91.811,1.381],[-91.814,1.376],[-91.824,1.374]]],[[[-91.82,1.397],[-91.823,1.397],[-91.823,1.399],[-91.82,1.397]]],[[[-92,1.674],[-92.006,1.676],[-92.008,1.679],[-92.005,1.681],[-91.999,1.68],[-91.998,1.675],[-92,1.674]]],[[[-91.379,-0.384],[-91.379,-0.391],[-91.377,-0.391],[-91.377,-0.395],[-91.382,-0.399],[-91.386,-0.41],[-91.385,-0.419],[-91.388,-0.425],[-91.392,-0.426],[-91.394,-0.432],[-91.394,-0.435],[-91.39,-0.436],[-91.387,-0.452],[-91.388,-0.456],[-91.391,-0.457],[-91.394,-0.463],[-91.398,-0.465],[-91.399,-0.471],[-91.401,-0.471],[-91.402,-0.475],[-91.408,-0.477],[-91.417,-0.484],[-91.418,-0.488],[-91.424,-0.49],[-91.425,-0.493],[-91.43,-0.495],[-91.444,-0.494],[-91.464,-0.5],[-91.492,-0.502],[-91.495,-0.506],[-91.508,-0.506],[-91.519,-0.503],[-91.521,-0.499],[-91.533,-0.499],[-91.539,-0.494],[-91.547,-0.492],[-91.55,-0.493],[-91.552,-0.491],[-91.574,-0.49],[-91.583,-0.487],[-91.601,-0.486],[-91.603,-0.482],[-91.609,-0.481],[-91.612,-0.478],[-91.613,-0.472],[-91.611,-0.47],[-91.614,-0.463],[-91.626,-0.451],[-91.631,-0.432],[-91.637,-0.421],[-91.64,-0.419],[-91.642,-0.413],[-91.647,-0.408],[-91.652,-0.39],[-91.651,-0.36],[-91.653,-0.34],[-91.657,-0.336],[-91.661,-0.323],[-91.661,-0.313],[-91.656,-0.305],[-91.645,-0.301],[-91.628,-0.301],[-91.621,-0.298],[-91.615,-0.299],[-91.604,-0.297],[-91.592,-0.299],[-91.553,-0.296],[-91.533,-0.285],[-91.53,-0.286],[-91.508,-0.283],[-91.493,-0.27],[-91.489,-0.269],[-91.488,-0.266],[-91.475,-0.263],[-91.454,-0.263],[-91.447,-0.265],[-91.445,-0.27],[-91.44,-0.275],[-91.427,-0.277],[-91.425,-0.282],[-91.42,-0.286],[-91.409,-0.291],[-91.406,-0.297],[-91.407,-0.302],[-91.403,-0.305],[-91.403,-0.309],[-91.4,-0.31],[-91.393,-0.323],[-91.395,-0.33],[-91.388,-0.333],[-91.385,-0.339],[-91.388,-0.346],[-91.383,-0.346],[-91.381,-0.35],[-91.38,-0.368],[-91.382,-0.372],[-91.382,-0.379],[-91.38,-0.38],[-91.379,-0.384]]],[[[-90.586,-0.37],[-90.584,-0.368],[-90.581,-0.37],[-90.583,-0.372],[-90.586,-0.372],[-90.586,-0.37]]],[[[-90.557,-0.344],[-90.561,-0.344],[-90.559,-0.342],[-90.557,-0.344]]],[[[-90.552,-0.281],[-90.542,-0.281],[-90.54,-0.283],[-90.547,-0.289],[-90.554,-0.286],[-90.558,-0.289],[-90.559,-0.287],[-90.552,-0.281]]],[[[-90.565,-0.353],[-90.568,-0.351],[-90.567,-0.348],[-90.564,-0.35],[-90.565,-0.353]]],[[[-90.576,-0.261],[-90.573,-0.269],[-90.574,-0.28],[-90.565,-0.285],[-90.566,-0.29],[-90.562,-0.294],[-90.56,-0.293],[-90.557,-0.297],[-90.551,-0.3],[-90.548,-0.306],[-90.546,-0.319],[-90.553,-0.322],[-90.559,-0.322],[-90.569,-0.331],[-90.567,-0.336],[-90.571,-0.338],[-90.57,-0.341],[-90.573,-0.344],[-90.574,-0.349],[-90.576,-0.349],[-90.579,-0.365],[-90.587,-0.367],[-90.588,-0.371],[-90.599,-0.375],[-90.613,-0.373],[-90.615,-0.37],[-90.62,-0.37],[-90.622,-0.368],[-90.631,-0.37],[-90.638,-0.365],[-90.649,-0.363],[-90.654,-0.364],[-90.657,-0.356],[-90.662,-0.358],[-90.665,-0.354],[-90.668,-0.354],[-90.67,-0.347],[-90.674,-0.349],[-90.675,-0.354],[-90.684,-0.352],[-90.689,-0.353],[-90.69,-0.357],[-90.694,-0.356],[-90.695,-0.358],[-90.699,-0.354],[-90.707,-0.354],[-90.707,-0.357],[-90.711,-0.359],[-90.72,-0.359],[-90.724,-0.355],[-90.727,-0.358],[-90.73,-0.358],[-90.732,-0.361],[-90.736,-0.359],[-90.743,-0.36],[-90.748,-0.354],[-90.75,-0.355],[-90.756,-0.353],[-90.759,-0.351],[-90.759,-0.349],[-90.762,-0.349],[-90.771,-0.335],[-90.775,-0.335],[-90.775,-0.337],[-90.78,-0.339],[-90.785,-0.338],[-90.785,-0.334],[-90.789,-0.331],[-90.788,-0.328],[-90.795,-0.328],[-90.802,-0.335],[-90.806,-0.335],[-90.81,-0.331],[-90.815,-0.332],[-90.821,-0.327],[-90.821,-0.329],[-90.827,-0.329],[-90.831,-0.332],[-90.833,-0.327],[-90.833,-0.297],[-90.838,-0.293],[-90.845,-0.291],[-90.843,-0.282],[-90.846,-0.281],[-90.848,-0.275],[-90.852,-0.275],[-90.852,-0.273],[-90.855,-0.272],[-90.856,-0.275],[-90.858,-0.275],[-90.87,-0.27],[-90.871,-0.267],[-90.87,-0.262],[-90.867,-0.259],[-90.869,-0.251],[-90.868,-0.245],[-90.861,-0.241],[-90.86,-0.243],[-90.854,-0.242],[-90.854,-0.239],[-90.85,-0.236],[-90.85,-0.232],[-90.847,-0.232],[-90.845,-0.222],[-90.834,-0.213],[-90.829,-0.202],[-90.834,-0.194],[-90.834,-0.185],[-90.838,-0.178],[-90.833,-0.173],[-90.827,-0.172],[-90.825,-0.167],[-90.821,-0.165],[-90.821,-0.162],[-90.813,-0.154],[-90.808,-0.154],[-90.806,-0.151],[-90.79,-0.147],[-90.78,-0.147],[-90.779,-0.149],[-90.767,-0.152],[-90.749,-0.151],[-90.739,-0.165],[-90.728,-0.167],[-90.719,-0.171],[-90.704,-0.172],[-90.701,-0.175],[-90.699,-0.182],[-90.7,-0.184],[-90.697,-0.188],[-90.692,-0.189],[-90.683,-0.187],[-90.677,-0.19],[-90.674,-0.196],[-90.668,-0.197],[-90.662,-0.195],[-90.653,-0.198],[-90.648,-0.196],[-90.645,-0.198],[-90.645,-0.204],[-90.643,-0.203],[-90.635,-0.206],[-90.632,-0.21],[-90.627,-0.207],[-90.623,-0.208],[-90.623,-0.211],[-90.621,-0.211],[-90.621,-0.213],[-90.617,-0.216],[-90.604,-0.219],[-90.605,-0.224],[-90.6,-0.224],[-90.598,-0.228],[-90.588,-0.232],[-90.589,-0.236],[-90.586,-0.236],[-90.586,-0.238],[-90.583,-0.239],[-90.58,-0.248],[-90.581,-0.251],[-90.576,-0.258],[-90.576,-0.261]]],[[[-90.649,-0.63],[-90.655,-0.63],[-90.657,-0.634],[-90.666,-0.632],[-90.673,-0.625],[-90.678,-0.625],[-90.685,-0.622],[-90.684,-0.618],[-90.686,-0.617],[-90.688,-0.601],[-90.682,-0.592],[-90.679,-0.592],[-90.677,-0.589],[-90.671,-0.587],[-90.657,-0.592],[-90.655,-0.6],[-90.648,-0.603],[-90.645,-0.607],[-90.642,-0.619],[-90.646,-0.621],[-90.649,-0.63]]],[[[-90.537,-0.563],[-90.539,-0.558],[-90.534,-0.56],[-90.537,-0.563]]],[[[-90.299,-0.476],[-90.295,-0.468],[-90.295,-0.465],[-90.298,-0.462],[-90.295,-0.457],[-90.296,-0.455],[-90.281,-0.442],[-90.283,-0.435],[-90.287,-0.437],[-90.29,-0.436],[-90.29,-0.432],[-90.284,-0.427],[-90.289,-0.417],[-90.293,-0.416],[-90.294,-0.414],[-90.288,-0.415],[-90.276,-0.411],[-90.274,-0.413],[-90.275,-0.417],[-90.272,-0.42],[-90.272,-0.424],[-90.261,-0.439],[-90.258,-0.445],[-90.26,-0.447],[-90.252,-0.454],[-90.248,-0.465],[-90.271,-0.482],[-90.293,-0.484],[-90.296,-0.478],[-90.299,-0.476]]],[[[-90.864,-1.012],[-90.862,-1.016],[-90.863,-1.021],[-90.867,-1.013],[-90.873,-1.01],[-90.879,-1.012],[-90.882,-1.015],[-90.883,-1.02],[-90.885,-1.02],[-90.882,-1.012],[-90.877,-1.008],[-90.874,-1.007],[-90.866,-1.009],[-90.864,-1.012]]],[[[-90.06,-0.799],[-90.045,-0.8],[-90.042,-0.801],[-90.039,-0.806],[-90.033,-0.807],[-90.035,-0.809],[-90.031,-0.813],[-90.03,-0.818],[-90.032,-0.823],[-90.028,-0.826],[-90.032,-0.838],[-90.045,-0.838],[-90.047,-0.84],[-90.054,-0.837],[-90.056,-0.839],[-90.08,-0.83],[-90.088,-0.829],[-90.091,-0.826],[-90.091,-0.818],[-90.083,-0.81],[-90.089,-0.8],[-90.06,-0.799]]],[[[-90.803,-0.85],[-90.801,-0.846],[-90.796,-0.848],[-90.796,-0.85],[-90.799,-0.851],[-90.803,-0.85]]],[[[-90.81,-0.85],[-90.814,-0.85],[-90.811,-0.846],[-90.809,-0.847],[-90.81,-0.85]]],[[[-90.779,-0.865],[-90.78,-0.868],[-90.782,-0.868],[-90.782,-0.862],[-90.777,-0.86],[-90.774,-0.86],[-90.772,-0.863],[-90.774,-0.867],[-90.777,-0.864],[-90.779,-0.865]]],[[[-89.345,-0.821],[-89.348,-0.82],[-89.351,-0.822],[-89.353,-0.827],[-89.359,-0.827],[-89.363,-0.842],[-89.362,-0.854],[-89.364,-0.854],[-89.368,-0.862],[-89.375,-0.87],[-89.379,-0.88],[-89.385,-0.884],[-89.39,-0.893],[-89.394,-0.896],[-89.399,-0.914],[-89.41,-0.923],[-89.428,-0.926],[-89.432,-0.933],[-89.436,-0.933],[-89.437,-0.935],[-89.441,-0.933],[-89.45,-0.938],[-89.462,-0.939],[-89.465,-0.937],[-89.474,-0.937],[-89.479,-0.939],[-89.489,-0.939],[-89.492,-0.942],[-89.495,-0.941],[-89.501,-0.943],[-89.508,-0.949],[-89.511,-0.949],[-89.522,-0.956],[-89.532,-0.954],[-89.536,-0.955],[-89.538,-0.954],[-89.537,-0.951],[-89.552,-0.952],[-89.553,-0.95],[-89.557,-0.953],[-89.561,-0.952],[-89.562,-0.949],[-89.572,-0.948],[-89.572,-0.946],[-89.578,-0.942],[-89.583,-0.943],[-89.584,-0.941],[-89.587,-0.942],[-89.588,-0.939],[-89.593,-0.939],[-89.596,-0.936],[-89.604,-0.936],[-89.615,-0.924],[-89.627,-0.92],[-89.628,-0.917],[-89.626,-0.91],[-89.621,-0.901],[-89.618,-0.9],[-89.614,-0.902],[-89.61,-0.9],[-89.61,-0.895],[-89.613,-0.893],[-89.611,-0.888],[-89.607,-0.888],[-89.606,-0.884],[-89.594,-0.88],[-89.594,-0.877],[-89.582,-0.873],[-89.581,-0.87],[-89.571,-0.864],[-89.571,-0.86],[-89.557,-0.856],[-89.556,-0.851],[-89.55,-0.848],[-89.545,-0.848],[-89.542,-0.845],[-89.541,-0.841],[-89.539,-0.84],[-89.541,-0.835],[-89.537,-0.83],[-89.542,-0.829],[-89.541,-0.822],[-89.543,-0.821],[-89.541,-0.818],[-89.54,-0.819],[-89.537,-0.817],[-89.535,-0.819],[-89.531,-0.818],[-89.525,-0.82],[-89.522,-0.826],[-89.52,-0.823],[-89.506,-0.823],[-89.501,-0.821],[-89.502,-0.819],[-89.487,-0.818],[-89.482,-0.82],[-89.473,-0.806],[-89.467,-0.8],[-89.47,-0.799],[-89.471,-0.795],[-89.469,-0.793],[-89.472,-0.787],[-89.471,-0.785],[-89.466,-0.784],[-89.466,-0.781],[-89.464,-0.78],[-89.465,-0.772],[-89.461,-0.773],[-89.459,-0.77],[-89.459,-0.763],[-89.464,-0.76],[-89.46,-0.753],[-89.457,-0.757],[-89.447,-0.748],[-89.442,-0.749],[-89.439,-0.745],[-89.439,-0.739],[-89.437,-0.737],[-89.427,-0.735],[-89.428,-0.733],[-89.423,-0.731],[-89.423,-0.729],[-89.419,-0.726],[-89.408,-0.725],[-89.406,-0.719],[-89.402,-0.716],[-89.399,-0.717],[-89.399,-0.719],[-89.395,-0.718],[-89.39,-0.72],[-89.388,-0.713],[-89.377,-0.712],[-89.374,-0.708],[-89.362,-0.703],[-89.363,-0.695],[-89.359,-0.69],[-89.353,-0.688],[-89.352,-0.685],[-89.35,-0.687],[-89.339,-0.687],[-89.337,-0.691],[-89.334,-0.688],[-89.333,-0.69],[-89.317,-0.693],[-89.315,-0.69],[-89.307,-0.689],[-89.304,-0.69],[-89.3,-0.698],[-89.296,-0.698],[-89.28,-0.707],[-89.28,-0.705],[-89.273,-0.703],[-89.27,-0.697],[-89.266,-0.697],[-89.261,-0.693],[-89.252,-0.697],[-89.255,-0.704],[-89.253,-0.712],[-89.247,-0.713],[-89.245,-0.711],[-89.241,-0.714],[-89.241,-0.719],[-89.242,-0.724],[-89.252,-0.73],[-89.256,-0.745],[-89.27,-0.75],[-89.27,-0.753],[-89.274,-0.753],[-89.283,-0.778],[-89.294,-0.786],[-89.307,-0.791],[-89.307,-0.798],[-89.31,-0.804],[-89.313,-0.805],[-89.319,-0.813],[-89.329,-0.819],[-89.333,-0.818],[-89.336,-0.82],[-89.342,-0.82],[-89.342,-0.818],[-89.345,-0.821]]],[[[-90.962,-0.976],[-90.962,-0.972],[-90.96,-0.97],[-90.96,-0.976],[-90.962,-0.976]]],[[[-90.55,-0.63],[-90.549,-0.625],[-90.546,-0.623],[-90.545,-0.617],[-90.542,-0.615],[-90.543,-0.611],[-90.538,-0.607],[-90.537,-0.602],[-90.54,-0.601],[-90.54,-0.597],[-90.537,-0.595],[-90.531,-0.584],[-90.531,-0.58],[-90.535,-0.576],[-90.533,-0.571],[-90.535,-0.568],[-90.534,-0.565],[-90.526,-0.558],[-90.522,-0.559],[-90.516,-0.556],[-90.514,-0.546],[-90.512,-0.546],[-90.511,-0.543],[-90.511,-0.541],[-90.514,-0.54],[-90.513,-0.537],[-90.515,-0.535],[-90.512,-0.531],[-90.511,-0.533],[-90.502,-0.531],[-90.497,-0.532],[-90.489,-0.529],[-90.484,-0.523],[-90.476,-0.521],[-90.47,-0.523],[-90.469,-0.52],[-90.461,-0.518],[-90.459,-0.515],[-90.451,-0.511],[-90.427,-0.513],[-90.426,-0.511],[-90.415,-0.507],[-90.415,-0.505],[-90.405,-0.504],[-90.395,-0.508],[-90.393,-0.507],[-90.391,-0.508],[-90.391,-0.513],[-90.388,-0.513],[-90.387,-0.511],[-90.381,-0.513],[-90.379,-0.51],[-90.377,-0.511],[-90.373,-0.509],[-90.371,-0.514],[-90.366,-0.516],[-90.359,-0.511],[-90.359,-0.508],[-90.362,-0.506],[-90.362,-0.5],[-90.36,-0.495],[-90.359,-0.496],[-90.356,-0.494],[-90.351,-0.494],[-90.348,-0.496],[-90.344,-0.493],[-90.339,-0.494],[-90.337,-0.492],[-90.336,-0.496],[-90.334,-0.495],[-90.331,-0.498],[-90.328,-0.496],[-90.328,-0.501],[-90.323,-0.496],[-90.32,-0.495],[-90.315,-0.497],[-90.313,-0.494],[-90.306,-0.492],[-90.299,-0.494],[-90.298,-0.497],[-90.288,-0.494],[-90.284,-0.489],[-90.276,-0.487],[-90.273,-0.487],[-90.273,-0.49],[-90.265,-0.49],[-90.25,-0.482],[-90.246,-0.498],[-90.247,-0.5],[-90.243,-0.5],[-90.241,-0.511],[-90.239,-0.511],[-90.236,-0.519],[-90.236,-0.524],[-90.231,-0.527],[-90.228,-0.533],[-90.221,-0.539],[-90.202,-0.546],[-90.197,-0.553],[-90.182,-0.56],[-90.169,-0.572],[-90.169,-0.576],[-90.172,-0.578],[-90.172,-0.587],[-90.175,-0.588],[-90.175,-0.594],[-90.182,-0.601],[-90.181,-0.604],[-90.184,-0.608],[-90.182,-0.613],[-90.183,-0.615],[-90.181,-0.618],[-90.18,-0.617],[-90.178,-0.624],[-90.179,-0.629],[-90.177,-0.631],[-90.18,-0.634],[-90.181,-0.646],[-90.188,-0.654],[-90.187,-0.661],[-90.183,-0.66],[-90.179,-0.666],[-90.179,-0.671],[-90.182,-0.675],[-90.185,-0.674],[-90.196,-0.681],[-90.196,-0.685],[-90.193,-0.688],[-90.194,-0.691],[-90.198,-0.697],[-90.206,-0.702],[-90.213,-0.7],[-90.215,-0.695],[-90.223,-0.695],[-90.225,-0.702],[-90.221,-0.704],[-90.221,-0.708],[-90.227,-0.709],[-90.227,-0.714],[-90.229,-0.717],[-90.231,-0.716],[-90.233,-0.721],[-90.233,-0.733],[-90.236,-0.736],[-90.235,-0.742],[-90.241,-0.746],[-90.249,-0.748],[-90.251,-0.746],[-90.255,-0.746],[-90.257,-0.748],[-90.272,-0.746],[-90.297,-0.746],[-90.307,-0.742],[-90.312,-0.744],[-90.311,-0.746],[-90.314,-0.749],[-90.309,-0.751],[-90.314,-0.757],[-90.313,-0.759],[-90.305,-0.762],[-90.308,-0.765],[-90.315,-0.767],[-90.321,-0.765],[-90.322,-0.763],[-90.328,-0.764],[-90.332,-0.761],[-90.337,-0.762],[-90.34,-0.766],[-90.344,-0.767],[-90.344,-0.765],[-90.341,-0.765],[-90.341,-0.763],[-90.349,-0.763],[-90.354,-0.765],[-90.355,-0.769],[-90.353,-0.77],[-90.356,-0.775],[-90.364,-0.774],[-90.375,-0.766],[-90.397,-0.774],[-90.398,-0.771],[-90.406,-0.771],[-90.41,-0.769],[-90.411,-0.766],[-90.413,-0.768],[-90.414,-0.765],[-90.412,-0.763],[-90.416,-0.76],[-90.422,-0.759],[-90.427,-0.754],[-90.433,-0.754],[-90.439,-0.748],[-90.446,-0.745],[-90.447,-0.749],[-90.449,-0.749],[-90.451,-0.742],[-90.456,-0.735],[-90.463,-0.732],[-90.467,-0.722],[-90.474,-0.724],[-90.478,-0.722],[-90.485,-0.722],[-90.485,-0.716],[-90.49,-0.717],[-90.502,-0.708],[-90.513,-0.71],[-90.518,-0.706],[-90.523,-0.706],[-90.526,-0.704],[-90.526,-0.702],[-90.535,-0.696],[-90.537,-0.691],[-90.535,-0.686],[-90.542,-0.683],[-90.536,-0.679],[-90.537,-0.676],[-90.535,-0.676],[-90.541,-0.665],[-90.541,-0.657],[-90.545,-0.655],[-90.545,-0.651],[-90.548,-0.647],[-90.545,-0.645],[-90.544,-0.641],[-90.545,-0.632],[-90.55,-0.63]]],[[[-91.59,0.001],[-91.588,0.002],[-91.588,0.006],[-91.586,0.007],[-91.584,0.005],[-91.575,0.008],[-91.571,0.014],[-91.565,0.015],[-91.564,0.018],[-91.554,0.018],[-91.549,0.024],[-91.535,0.027],[-91.521,0.036],[-91.517,0.046],[-91.514,0.047],[-91.513,0.05],[-91.509,0.051],[-91.509,0.056],[-91.504,0.064],[-91.498,0.065],[-91.499,0.07],[-91.497,0.075],[-91.491,0.078],[-91.492,0.084],[-91.494,0.084],[-91.493,0.088],[-91.491,0.088],[-91.49,0.098],[-91.479,0.102],[-91.473,0.107],[-91.466,0.106],[-91.454,0.111],[-91.452,0.108],[-91.448,0.109],[-91.442,0.107],[-91.419,0.118],[-91.41,0.118],[-91.41,0.12],[-91.402,0.122],[-91.4,0.126],[-91.392,0.124],[-91.387,0.126],[-91.385,0.134],[-91.379,0.135],[-91.379,0.139],[-91.375,0.14],[-91.374,0.144],[-91.371,0.145],[-91.368,0.149],[-91.368,0.153],[-91.361,0.163],[-91.358,0.163],[-91.354,0.158],[-91.348,0.16],[-91.348,0.163],[-91.336,0.16],[-91.338,0.157],[-91.33,0.147],[-91.331,0.144],[-91.326,0.137],[-91.323,0.135],[-91.319,0.137],[-91.315,0.135],[-91.315,0.133],[-91.312,0.133],[-91.304,0.117],[-91.304,0.105],[-91.299,0.094],[-91.298,0.085],[-91.294,0.083],[-91.293,0.075],[-91.29,0.069],[-91.287,0.068],[-91.287,0.065],[-91.29,0.065],[-91.29,0.061],[-91.284,0.06],[-91.278,0.054],[-91.274,0.043],[-91.269,0.041],[-91.262,0.032],[-91.258,0.03],[-91.257,0.025],[-91.25,0.024],[-91.24,0.015],[-91.241,0.011],[-91.238,0.006],[-91.235,0.004],[-91.226,0.003],[-91.217,-0.005],[-91.215,-0.014],[-91.211,-0.021],[-91.208,-0.021],[-91.207,-0.018],[-91.2,-0.021],[-91.194,-0.046],[-91.195,-0.052],[-91.188,-0.068],[-91.189,-0.081],[-91.186,-0.083],[-91.188,-0.086],[-91.185,-0.093],[-91.185,-0.102],[-91.187,-0.104],[-91.185,-0.107],[-91.186,-0.115],[-91.189,-0.118],[-91.187,-0.123],[-91.189,-0.128],[-91.189,-0.141],[-91.194,-0.151],[-91.191,-0.154],[-91.192,-0.156],[-91.189,-0.161],[-91.189,-0.174],[-91.184,-0.191],[-91.184,-0.202],[-91.174,-0.224],[-91.169,-0.225],[-91.164,-0.233],[-91.157,-0.238],[-91.156,-0.243],[-91.149,-0.251],[-91.136,-0.26],[-91.136,-0.264],[-91.122,-0.269],[-91.118,-0.275],[-91.116,-0.275],[-91.113,-0.284],[-91.111,-0.285],[-91.11,-0.291],[-91.112,-0.295],[-91.101,-0.299],[-91.1,-0.305],[-91.103,-0.307],[-91.109,-0.305],[-91.11,-0.308],[-91.108,-0.31],[-91.098,-0.314],[-91.095,-0.318],[-91.091,-0.318],[-91.081,-0.323],[-91.069,-0.333],[-91.064,-0.334],[-91.059,-0.34],[-91.048,-0.345],[-91.044,-0.345],[-91.03,-0.358],[-91.018,-0.366],[-91.011,-0.375],[-91.007,-0.376],[-91.007,-0.378],[-90.999,-0.383],[-90.996,-0.392],[-90.991,-0.394],[-90.987,-0.404],[-90.983,-0.406],[-90.982,-0.411],[-90.979,-0.411],[-90.97,-0.419],[-90.969,-0.424],[-90.966,-0.425],[-90.964,-0.43],[-90.96,-0.426],[-90.956,-0.426],[-90.954,-0.423],[-90.948,-0.427],[-90.95,-0.434],[-90.955,-0.435],[-90.952,-0.445],[-90.953,-0.448],[-90.955,-0.448],[-90.955,-0.455],[-90.947,-0.459],[-90.942,-0.475],[-90.944,-0.477],[-90.944,-0.489],[-90.947,-0.492],[-90.943,-0.504],[-90.947,-0.511],[-90.951,-0.512],[-90.953,-0.516],[-90.949,-0.516],[-90.949,-0.542],[-90.95,-0.547],[-90.953,-0.55],[-90.953,-0.556],[-90.956,-0.558],[-90.956,-0.562],[-90.96,-0.561],[-90.963,-0.564],[-90.967,-0.563],[-90.971,-0.571],[-90.975,-0.572],[-90.975,-0.575],[-90.978,-0.577],[-90.972,-0.577],[-90.973,-0.574],[-90.967,-0.576],[-90.962,-0.574],[-90.955,-0.581],[-90.952,-0.581],[-90.96,-0.603],[-90.955,-0.605],[-90.958,-0.613],[-90.955,-0.613],[-90.949,-0.62],[-90.945,-0.616],[-90.933,-0.627],[-90.932,-0.625],[-90.928,-0.624],[-90.927,-0.626],[-90.924,-0.625],[-90.921,-0.627],[-90.919,-0.623],[-90.913,-0.621],[-90.912,-0.618],[-90.909,-0.618],[-90.909,-0.615],[-90.906,-0.614],[-90.906,-0.612],[-90.904,-0.611],[-90.902,-0.613],[-90.897,-0.61],[-90.897,-0.608],[-90.894,-0.608],[-90.892,-0.616],[-90.893,-0.623],[-90.884,-0.625],[-90.881,-0.629],[-90.88,-0.634],[-90.883,-0.641],[-90.88,-0.641],[-90.875,-0.647],[-90.875,-0.65],[-90.872,-0.651],[-90.869,-0.648],[-90.867,-0.65],[-90.868,-0.653],[-90.862,-0.652],[-90.863,-0.655],[-90.855,-0.661],[-90.858,-0.662],[-90.86,-0.666],[-90.86,-0.674],[-90.852,-0.676],[-90.849,-0.683],[-90.84,-0.683],[-90.841,-0.688],[-90.845,-0.688],[-90.853,-0.703],[-90.846,-0.708],[-90.841,-0.707],[-90.837,-0.702],[-90.826,-0.706],[-90.822,-0.714],[-90.823,-0.717],[-90.825,-0.715],[-90.831,-0.72],[-90.829,-0.727],[-90.824,-0.723],[-90.818,-0.727],[-90.807,-0.725],[-90.805,-0.73],[-90.806,-0.733],[-90.814,-0.735],[-90.814,-0.739],[-90.81,-0.739],[-90.808,-0.741],[-90.805,-0.74],[-90.804,-0.742],[-90.798,-0.744],[-90.793,-0.74],[-90.787,-0.742],[-90.786,-0.748],[-90.788,-0.749],[-90.781,-0.757],[-90.783,-0.761],[-90.781,-0.766],[-90.784,-0.766],[-90.787,-0.771],[-90.792,-0.77],[-90.796,-0.782],[-90.802,-0.786],[-90.823,-0.789],[-90.825,-0.791],[-90.823,-0.797],[-90.827,-0.804],[-90.827,-0.809],[-90.829,-0.812],[-90.828,-0.816],[-90.831,-0.822],[-90.829,-0.828],[-90.833,-0.833],[-90.84,-0.835],[-90.838,-0.84],[-90.84,-0.841],[-90.838,-0.849],[-90.84,-0.852],[-90.84,-0.857],[-90.838,-0.858],[-90.84,-0.862],[-90.846,-0.865],[-90.845,-0.872],[-90.847,-0.874],[-90.844,-0.875],[-90.844,-0.878],[-90.847,-0.881],[-90.851,-0.881],[-90.852,-0.884],[-90.846,-0.907],[-90.846,-0.91],[-90.852,-0.917],[-90.861,-0.919],[-90.881,-0.915],[-90.885,-0.917],[-90.888,-0.92],[-90.888,-0.928],[-90.898,-0.939],[-90.899,-0.945],[-90.905,-0.953],[-90.914,-0.957],[-90.927,-0.959],[-90.93,-0.962],[-90.929,-0.964],[-90.933,-0.964],[-90.935,-0.962],[-90.942,-0.966],[-90.949,-0.963],[-90.95,-0.96],[-90.959,-0.963],[-90.964,-0.959],[-90.972,-0.957],[-90.985,-0.957],[-90.989,-0.962],[-90.992,-0.959],[-90.995,-0.96],[-90.997,-0.971],[-91.001,-0.972],[-91.008,-0.981],[-91.013,-0.982],[-91.019,-0.989],[-91.027,-0.988],[-91.038,-0.991],[-91.04,-0.996],[-91.049,-0.998],[-91.05,-1.002],[-91.052,-0.998],[-91.061,-1.001],[-91.063,-1.005],[-91.062,-1.012],[-91.071,-1.008],[-91.071,-1.005],[-91.078,-1.005],[-91.093,-1.011],[-91.097,-1.009],[-91.1,-1.014],[-91.102,-1.013],[-91.104,-1.015],[-91.111,-1.013],[-91.116,-1.019],[-91.123,-1.017],[-91.129,-1.025],[-91.137,-1.021],[-91.14,-1.027],[-91.137,-1.028],[-91.14,-1.032],[-91.155,-1.035],[-91.157,-1.038],[-91.163,-1.035],[-91.165,-1.037],[-91.161,-1.042],[-91.163,-1.045],[-91.162,-1.048],[-91.169,-1.054],[-91.173,-1.054],[-91.183,-1.045],[-91.201,-1.045],[-91.205,-1.047],[-91.212,-1.047],[-91.216,-1.045],[-91.215,-1.043],[-91.22,-1.04],[-91.229,-1.03],[-91.24,-1.033],[-91.24,-1.031],[-91.243,-1.029],[-91.246,-1.03],[-91.25,-1.027],[-91.256,-1.028],[-91.257,-1.026],[-91.262,-1.026],[-91.265,-1.024],[-91.273,-1.025],[-91.278,-1.022],[-91.291,-1.021],[-91.292,-1.019],[-91.318,-1.016],[-91.324,-1.018],[-91.33,-1.016],[-91.334,-1.018],[-91.35,-1.016],[-91.38,-1.023],[-91.402,-1.018],[-91.407,-1.012],[-91.419,-1.012],[-91.425,-1.005],[-91.43,-1.005],[-91.441,-1.001],[-91.441,-0.997],[-91.447,-0.99],[-91.447,-0.98],[-91.444,-0.975],[-91.447,-0.972],[-91.447,-0.96],[-91.455,-0.949],[-91.469,-0.948],[-91.486,-0.941],[-91.486,-0.939],[-91.497,-0.928],[-91.5,-0.928],[-91.512,-0.908],[-91.512,-0.901],[-91.51,-0.882],[-91.504,-0.872],[-91.5,-0.869],[-91.498,-0.859],[-91.495,-0.858],[-91.487,-0.847],[-91.479,-0.844],[-91.47,-0.832],[-91.464,-0.83],[-91.462,-0.826],[-91.455,-0.822],[-91.444,-0.806],[-91.44,-0.805],[-91.439,-0.8],[-91.434,-0.796],[-91.435,-0.792],[-91.433,-0.788],[-91.426,-0.787],[-91.423,-0.783],[-91.417,-0.783],[-91.413,-0.78],[-91.409,-0.771],[-91.406,-0.769],[-91.385,-0.763],[-91.38,-0.76],[-91.38,-0.757],[-91.377,-0.755],[-91.375,-0.757],[-91.37,-0.754],[-91.37,-0.746],[-91.368,-0.742],[-91.358,-0.739],[-91.347,-0.725],[-91.342,-0.725],[-91.342,-0.721],[-91.339,-0.721],[-91.338,-0.718],[-91.33,-0.718],[-91.327,-0.709],[-91.328,-0.706],[-91.33,-0.706],[-91.33,-0.701],[-91.327,-0.698],[-91.324,-0.698],[-91.32,-0.692],[-91.316,-0.694],[-91.313,-0.694],[-91.312,-0.692],[-91.302,-0.696],[-91.291,-0.692],[-91.279,-0.694],[-91.277,-0.692],[-91.272,-0.694],[-91.266,-0.688],[-91.259,-0.688],[-91.256,-0.691],[-91.25,-0.689],[-91.249,-0.68],[-91.244,-0.676],[-91.232,-0.672],[-91.226,-0.673],[-91.22,-0.669],[-91.213,-0.669],[-91.211,-0.672],[-91.212,-0.674],[-91.206,-0.675],[-91.204,-0.679],[-91.189,-0.681],[-91.185,-0.691],[-91.182,-0.688],[-91.176,-0.687],[-91.171,-0.689],[-91.168,-0.687],[-91.168,-0.683],[-91.165,-0.68],[-91.152,-0.677],[-91.146,-0.669],[-91.141,-0.667],[-91.146,-0.665],[-91.143,-0.655],[-91.141,-0.656],[-91.132,-0.653],[-91.13,-0.655],[-91.128,-0.653],[-91.122,-0.653],[-91.12,-0.648],[-91.117,-0.646],[-91.119,-0.643],[-91.117,-0.642],[-91.118,-0.64],[-91.114,-0.638],[-91.107,-0.637],[-91.106,-0.641],[-91.1,-0.643],[-91.095,-0.642],[-91.089,-0.637],[-91.089,-0.628],[-91.082,-0.623],[-91.079,-0.617],[-91.072,-0.616],[-91.074,-0.61],[-91.076,-0.61],[-91.08,-0.602],[-91.074,-0.596],[-91.083,-0.595],[-91.083,-0.59],[-91.085,-0.587],[-91.096,-0.587],[-91.098,-0.579],[-91.102,-0.574],[-91.101,-0.572],[-91.116,-0.566],[-91.131,-0.557],[-91.136,-0.55],[-91.144,-0.546],[-91.161,-0.528],[-91.163,-0.528],[-91.175,-0.512],[-91.187,-0.508],[-91.187,-0.506],[-91.191,-0.503],[-91.21,-0.491],[-91.221,-0.477],[-91.225,-0.459],[-91.228,-0.454],[-91.226,-0.445],[-91.228,-0.429],[-91.226,-0.424],[-91.227,-0.411],[-91.223,-0.4],[-91.226,-0.393],[-91.236,-0.396],[-91.24,-0.392],[-91.239,-0.389],[-91.244,-0.389],[-91.245,-0.385],[-91.25,-0.383],[-91.261,-0.383],[-91.266,-0.374],[-91.271,-0.374],[-91.271,-0.369],[-91.282,-0.36],[-91.28,-0.358],[-91.285,-0.354],[-91.288,-0.355],[-91.29,-0.351],[-91.294,-0.351],[-91.295,-0.349],[-91.306,-0.347],[-91.308,-0.345],[-91.314,-0.346],[-91.323,-0.342],[-91.324,-0.338],[-91.332,-0.336],[-91.338,-0.325],[-91.346,-0.32],[-91.348,-0.315],[-91.352,-0.313],[-91.355,-0.304],[-91.358,-0.302],[-91.357,-0.294],[-91.36,-0.294],[-91.365,-0.288],[-91.365,-0.277],[-91.371,-0.27],[-91.369,-0.262],[-91.37,-0.259],[-91.378,-0.268],[-91.381,-0.268],[-91.388,-0.26],[-91.386,-0.257],[-91.388,-0.254],[-91.387,-0.245],[-91.393,-0.234],[-91.391,-0.232],[-91.393,-0.224],[-91.391,-0.211],[-91.383,-0.209],[-91.381,-0.206],[-91.385,-0.192],[-91.389,-0.19],[-91.397,-0.173],[-91.404,-0.167],[-91.407,-0.136],[-91.405,-0.133],[-91.403,-0.118],[-91.406,-0.107],[-91.404,-0.103],[-91.408,-0.075],[-91.407,-0.065],[-91.405,-0.064],[-91.411,-0.049],[-91.41,-0.044],[-91.417,-0.038],[-91.419,-0.031],[-91.428,-0.023],[-91.438,-0.018],[-91.455,-0.015],[-91.476,-0.016],[-91.479,-0.02],[-91.482,-0.02],[-91.49,-0.026],[-91.497,-0.028],[-91.506,-0.035],[-91.51,-0.035],[-91.516,-0.039],[-91.524,-0.041],[-91.534,-0.04],[-91.537,-0.044],[-91.545,-0.046],[-91.548,-0.052],[-91.551,-0.049],[-91.558,-0.049],[-91.56,-0.051],[-91.559,-0.055],[-91.561,-0.055],[-91.568,-0.049],[-91.569,-0.041],[-91.574,-0.03],[-91.578,-0.028],[-91.579,-0.023],[-91.582,-0.024],[-91.589,-0.015],[-91.593,-0.013],[-91.593,-0.007],[-91.59,0.001]]]]}},{"type":"Feature","properties":{"provincia":"Guayas"},"geometry":{"type":"MultiPolygon","coordinates":[[[[null,null],[null,null]],[[null,null],[null,null]],[[null,null],[null,null]],[[null,null],[null,null]],[[null,null],[null,null]],[[null,null],[null,null]],[[null,null],[null,null]],[[null,null],[null,null]],[[null,null],[null,null]],[[null,null],[null,null]],[[null,null],[null,null]],[[null,null],[null,null]],[[null,null],[null,null]],[[null,null],[null,null]],[[null,null],[null,null]],[[null,null],[null,null]],[[null,null],[null,null]],[[null,null],[null,null]],[[null,null],[null,null]],[[null,null],[null,null]],[[null,null],[null,null]],[[null,null],[null,null]],[[null,null],[null,null]],[[null,null],[null,null]],[[null,null],[null,null]],[[null,null],[null,null]],[[null,null],[null,null]],[[null,null],[null,null]],[[null,null],[null,null]],[[null,null],[null,null]],[[null,null],[null,null]],[[null,null],[null,null]],[[null,null],[null,null]],[[null,null],[null,null]],[[null,null],[null,null]],[[null,null],[null,null]],[[null,null],[null,null]],[[null,null],[null,null]],[[null,null],[null,null]],[[null,null],[null,null]],[[null,null],[null,null]],[[null,null],[null,null]],[[null,null],[null,null]],[[null,null],[null,null]],[[null,null],[null,null]],[[null,null],[null,null]],[[null,null],[null,null]],[[null,null],[null,null]],[[null,null],[null,null]],[[null,null],[null,null]],[[null,null],[null,null]],[[null,null],[null,null]],[[null,null],[null,null]],[[null,null],[null,null]],[[null,null],[null,null]],[[null,null],[null,null]],[[null,null],[null,null]],[[null,null],[null,null]],[[null,null],[null,null]],[[null,null],[null,null]],[[null,null],[null,null]],[[null,null],[null,null]],[[null,null],[null,null]],[[null,null],[null,null]],[[null,null],[null,null]],[[null,null],[null,null]],[[null,null],[null,null]],[[null,null],[null,null]],[[null,null],[null,null]],[[null,null],[null,null]],[[null,null],[null,null]],[[null,null],[null,null]],[[null,null],[null,null]],[[null,null],[null,null]],[[null,null],[null,null]],[[null,null],[null,null]],[[null,null],[null,null]],[[null,null],[null,null]],[[null,null],[null,null]],[[null,null],[null,null]],[[null,null],[null,null]],[[null,null],[null,null]],[[null,null],[null,null]],[[null,null],[null,null]],[[null,null],[null,null]],[[null,null],[null,null]],[[null,null],[null,null]],[[null,null],[null,null]],[[null,null],[null,null]],[[null,null],[null,null]],[[null,null],[null,null]],[[null,null],[null,null]],[[null,null],[null,null]],[[null,null],[null,null]],[[null,null],[null,null]],[[null,null],[null,null]],[[null,null],[null,null]],[[null,null],[null,null]],[[null,null],[null,null]],[[null,null],[null,null]],[[null,null],[null,null]],[[null,null],[null,null]],[[null,null],[null,null]],[[null,null],[null,null]],[[null,null],[null,null]],[[null,null],[null,null]],[[null,null],[null,null]],[[null,null],[null,null]],[[null,null],[null,null]],[[null,null],[null,null]],[[null,null],[null,null]],[[null,null],[null,null]],[[null,null],[null,null]],[[null,null],[null,null]],[[null,null],[null,null]],[[null,null],[null,null]],[[null,null],[null,null]],[[null,null],[null,null]],[[null,null],[null,null]],[[null,null],[null,null]],[[null,null],[null,null]],[[null,null],[null,null]],[[null,null],[null,null]],[[null,null],[null,null]],[[null,null],[null,null]],[[null,null],[null,null]],[[null,null],[null,null]],[[null,null],[null,null]],[[null,null],[null,null]],[[null,null],[null,null]],[[null,null],[null,null]],[[null,null],[null,null]],[[null,null],[null,null]],[[null,null],[null,null]],[[null,null],[null,null]],[[null,null],[null,null]],[[null,null],[null,null]],[[null,null],[null,null]],[[null,null],[null,null]],[[null,null],[null,null]],[[null,null],[null,null]],[[null,null],[null,null]],[[null,null],[null,null]],[[null,null],[null,null]],[[null,null],[null,null]],[[null,null],[null,null]],[[null,null],[null,null]],[[null,null],[null,null]],[[null,null],[null,null]],[[null,null],[null,null]],[[null,null],[null,null]],[[null,null],[null,null]],[[null,null],[null,null]],[[null,null],[null,null]],[[null,null],[null,null]],[[null,null],[null,null]],[[null,null],[null,null]],[[null,null],[null,null]],[[null,null],[null,null]],[[null,null],[null,null]],[[null,null],[null,null]],[[null,null],[null,null]],[[null,null],[null,null]],[[null,null],[null,null]],[[null,null],[null,null]],[[null,null],[null,null]],[[null,null],[null,null]],[[null,null],[null,null]],[[null,null],[null,null]],[[null,null],[null,null]],[[null,null],[null,null]],[[null,null],[null,null]],[[null,null],[null,null]],[[null,null],[null,null]],[[null,null],[null,null]],[[null,null],[null,null]],[[null,null],[null,null]],[[null,null],[null,null]],[[null,null],[null,null]],[[null,null],[null,null]],[[null,null],[null,null]],[[null,null],[null,null]],[[null,null],[null,null]],[[null,null],[null,null]],[[null,null],[null,null]],[[null,null],[null,null]],[[null,null],[null,null]],[[null,null],[null,null]],[[null,null],[null,null]],[[null,null],[null,null]],[[null,null],[null,null]],[[null,null],[null,null]],[[null,null],[null,null]],[[null,null],[null,null]],[[null,null],[null,null]],[[null,null],[null,null]],[[null,null],[null,null]],[[null,null],[null,null]],[[null,null],[null,null]],[[null,null],[null,null]],[[null,null],[null,null]],[[null,null],[null,null]],[[null,null],[null,null]],[[null,null],[null,null]],[[null,null],[null,null]],[[null,null],[null,null]],[[null,null],[null,null]],[[null,null],[null,null]],[[null,null],[null,null]],[[null,null],[null,null]],[[null,null],[null,null]],[[null,null],[null,null]],[[null,null],[null,null]],[[null,null],[null,null]],[[null,null],[null,null]],[[null,null],[null,null]],[[null,null],[null,null]],[[null,null],[null,null]],[[null,null],[null,null]],[[null,null],[null,null]],[[null,null],[null,null]],[[null,null],[null,null]],[[null,null],[null,null]],[[null,null],[null,null]],[[null,null],[null,null]],[[null,null],[null,null]],[[null,null],[null,null]],[[null,null],[null,null]],[[null,null],[null,null]],[[null,null],[null,null]],[[null,null],[null,null]],[[null,null],[null,null]],[[null,null],[null,null]],[[null,null],[null,null]],[[null,null],[null,null]],[[null,null],[null,null]],[[null,null],[null,null]],[[null,null],[null,null]],[[null,null],[null,null]],[[null,null],[null,null]],[[null,null],[null,null]],[[null,null],[null,null]],[[null,null],[null,null]],[[null,null],[null,null]],[[null,null],[null,null]],[[null,null],[null,null]],[[null,null],[null,null]],[[null,null],[null,null]],[[null,null],[null,null]],[[null,null],[null,null]],[[null,null],[null,null]],[[null,null],[null,null]],[[null,null],[null,null]],[[null,null],[null,null]],[[null,null],[null,null]],[[null,null],[null,null]],[[null,null],[null,null]],[[null,null],[null,null]],[[null,null],[null,null]],[[null,null],[null,null]],[[null,null],[null,null]],[[null,null],[null,null]],[[null,null],[null,null]],[[null,null],[null,null]],[[null,null],[null,null]],[[null,null],[null,null]],[[null,null],[null,null]],[[null,null],[null,null]],[[null,null],[null,null]],[[null,null],[null,null]],[[null,null],[null,null]],[[null,null],[null,null]],[[null,null],[null,null]],[[null,null],[null,null]],[[null,null],[null,null]],[[null,null],[null,null]],[[null,null],[null,null]],[[null,null],[null,null]],[[null,null],[null,null]],[[null,null],[null,null]],[[null,null],[null,null]],[[null,null],[null,null]],[[null,null],[null,null]],[[null,null],[null,null]],[[null,null],[null,null]],[[null,null],[null,null]],[[null,null],[null,null]],[[null,null],[null,null]],[[null,null],[null,null]],[[null,null],[null,null]],[[null,null],[null,null]],[[null,null],[null,null]],[[null,null],[null,null]],[[null,null],[null,null]],[[null,null],[null,null]],[[null,null],[null,null]],[[null,null],[null,null]],[[null,null],[null,null]],[[null,null],[null,null]],[[null,null],[null,null]],[[null,null],[null,null]],[[null,null],[null,null]],[[null,null],[null,null]],[[null,null],[null,null]],[[null,null],[null,null]],[[null,null],[null,null]],[[null,null],[null,null]],[[null,null],[null,null]],[[null,null],[null,null]],[[null,null],[null,null]],[[null,null],[null,null]],[[null,null],[null,null]],[[null,null],[null,null]],[[null,null],[null,null]],[[null,null],[null,null]],[[null,null],[null,null]],[[null,null],[null,null]],[[null,null],[null,null]],[[null,null],[null,null]],[[null,null],[null,null]],[[null,null],[null,null]],[[null,null],[null,null]],[[null,null],[null,null]],[[null,null],[null,null]],[[null,null],[null,null]],[[null,null],[null,null]],[[null,null],[null,null]],[[null,null],[null,null]],[[null,null],[null,null]],[[null,null],[null,null]],[[null,null],[null,null]],[[null,null],[null,null]],[[null,null],[null,null]],[[null,null],[null,null]],[[null,null],[null,null]],[[null,null],[null,null]],[[null,null],[null,null]],[[null,null],[null,null]],[[null,null],[null,null]],[[null,null],[null,null]],[[null,null],[null,null]],[[null,null],[null,null]],[[null,null],[null,null]],[[null,null],[null,null]],[[null,null],[null,null]],[[null,null],[null,null]],[[null,null],[null,null]],[[null,null],[null,null]],[[null,null],[null,null]],[[null,null],[null,null]],[[null,null],[null,null]],[[null,null],[null,null]],[[null,null],[null,null]],[[null,null],[null,null]],[[null,null],[null,null]],[[null,null],[null,null]],[[null,null],[null,null]],[[null,null],[null,null]],[[null,null],[null,null]],[[null,null],[null,null]],[[null,null],[null,null]],[[null,null],[null,null]],[[null,null],[null,null]],[[null,null],[null,null]],[[null,null],[null,null]],[[null,null],[null,null]],[[null,null],[null,null]],[[null,null],[null,null]],[[null,null],[null,null]],[[null,null],[null,null]],[[null,null],[null,null]],[[null,null],[null,null]],[[null,null],[null,null]],[[null,null],[null,null]],[[null,null],[null,null]],[[null,null],[null,null]],[[null,null],[null,null]],[[null,null],[null,null]],[[null,null],[null,null]],[[null,null],[null,null]],[[null,null],[null,null]],[[null,null],[null,null]],[[null,null],[null,null]],[[null,null],[null,null]],[[null,null],[null,null]],[[null,null],[null,null]],[[null,null],[null,null]],[[null,null],[null,null]],[[null,null],[null,null]],[[null,null],[null,null]],[[null,null],[null,null]],[[null,null],[null,null]],[[null,null],[null,null]],[[null,null],[null,null]],[[null,null],[null,null]],[[null,null],[null,null]],[[null,null],[null,null]],[[null,null],[null,null]],[[null,null],[null,null]],[[null,null],[null,null]],[[null,null],[null,null]],[[null,null],[null,null]],[[null,null],[null,null]],[[null,null],[null,null]],[[null,null],[null,null]],[[null,null],[null,null]],[[null,null],[null,null]],[[null,null],[null,null]],[[null,null],[null,null]],[[null,null],[null,null]],[[null,null],[null,null]],[[null,null],[null,null]],[[null,null],[null,null]],[[null,null],[null,null]],[[null,null],[null,null]],[[null,null],[null,null]],[[null,null],[null,null]],[[null,null],[null,null]],[[null,null],[null,null]],[[null,null],[null,null]],[[null,null],[null,null]],[[null,null],[null,null]],[[null,null],[null,null]],[[null,null],[null,null]],[[null,null],[null,null]],[[null,null],[null,null]],[[null,null],[null,null]],[[null,null],[null,null]],[[null,null],[null,null]],[[null,null],[null,null]],[[null,null],[null,null]],[[null,null],[null,null]],[[null,null],[null,null]],[[null,null],[null,null]],[[null,null],[null,null]],[[null,null],[null,null]],[[null,null],[null,null]],[[null,null],[null,null]],[[null,null],[null,null]],[[null,null],[null,null]],[[null,null],[null,null]],[[null,null],[null,null]],[[null,null],[null,null]],[[null,null],[null,null]],[[null,null],[null,null]],[[null,null],[null,null]],[[null,null],[null,null]],[[null,null],[null,null]],[[null,null],[null,null]],[[null,null],[null,null]],[[null,null],[null,null]],[[null,null],[null,null]],[[null,null],[null,null]],[[null,null],[null,null]],[[null,null],[null,null]],[[null,null],[null,null]],[[null,null],[null,null]],[[null,null],[null,null]],[[null,null],[null,null]],[[null,null],[null,null]],[[null,null],[null,null]],[[null,null],[null,null]],[[null,null],[null,null]],[[null,null],[null,null]],[[null,null],[null,null]],[[null,null],[null,null]],[[null,null],[null,null]],[[null,null],[null,null]],[[null,null],[null,null]],[[null,null],[null,null]],[[null,null],[null,null]],[[null,null],[null,null]],[[null,null],[null,null]],[[null,null],[null,null]],[[null,null],[null,null]],[[null,null],[null,null]],[[null,null],[null,null]],[[null,null],[null,null]],[[null,null],[null,null]],[[null,null],[null,null]],[[null,null],[null,null]],[[null,null],[null,null]],[[null,null],[null,null]],[[null,null],[null,null]],[[null,null],[null,null]],[[null,null],[null,null]],[[null,null],[null,null]],[[null,null],[null,null]],[[null,null],[null,null]],[[null,null],[null,null]],[[null,null],[null,null]],[[null,null],[null,null]],[[null,null],[null,null]],[[null,null],[null,null]],[[null,null],[null,null]],[[null,null],[null,null]],[[null,null],[null,null]],[[null,null],[null,null]],[[null,null],[null,null]],[[null,null],[null,null]],[[null,null],[null,null]],[[null,null],[null,null]],[[null,null],[null,null]],[[null,null],[null,null]],[[null,null],[null,null]],[[null,null],[null,null]],[[null,null],[null,null]],[[null,null],[null,null]],[[null,null],[null,null]],[[null,null],[null,null]],[[null,null],[null,null]],[[null,null],[null,null]],[[null,null],[null,null]],[[null,null],[null,null]],[[null,null],[null,null]],[[null,null],[null,null]],[[null,null],[null,null]],[[null,null],[null,null]],[[null,null],[null,null]],[[null,null],[null,null]],[[null,null],[null,null]],[[null,null],[null,null]],[[null,null],[null,null]],[[null,null],[null,null]],[[null,null],[null,null]],[[null,null],[null,null]],[[null,null],[null,null]],[[null,null],[null,null]],[[null,null],[null,null]],[[null,null],[null,null]],[[null,null],[null,null]],[[null,null],[null,null]],[[null,null],[null,null]],[[null,null],[null,null]],[[null,null],[null,null]],[[null,null],[null,null]],[[null,null],[null,null]],[[null,null],[null,null]],[[null,null],[null,null]],[[null,null],[null,null]],[[null,null],[null,null]],[[null,null],[null,null]],[[null,null],[null,null]],[[null,null],[null,null]],[[null,null],[null,null]],[[null,null],[null,null]],[[null,null],[null,null]],[[null,null],[null,null]],[[null,null],[null,null]],[[null,null],[null,null]],[[null,null],[null,null]],[[null,null],[null,null]],[[null,null],[null,null]],[[null,null],[null,null]],[[null,null],[null,null]],[[null,null],[null,null]],[[null,null],[null,null]],[[null,null],[null,null]],[[null,null],[null,null]],[[null,null],[null,null]],[[null,null],[null,null]],[[null,null],[null,null]],[[null,null],[null,null]],[[null,null],[null,null]],[[null,null],[null,null]],[[null,null],[null,null]],[[null,null],[null,null]],[[null,null],[null,null]],[[null,null],[null,null]],[[null,null],[null,null]],[[null,null],[null,null]],[[null,null],[null,null]],[[null,null],[null,null]],[[null,null],[null,null]],[[null,null],[null,null]],[[null,null],[null,null]],[[null,null],[null,null]],[[null,null],[null,null]],[[null,null],[null,null]],[[null,null],[null,null]],[[null,null],[null,null]],[[null,null],[null,null]],[[null,null],[null,null]],[[null,null],[null,null]],[[null,null],[null,null]],[[null,null],[null,null]],[[null,null],[null,null]],[[null,null],[null,null]],[[null,null],[null,null]],[[null,null],[null,null]],[[null,null],[null,null]],[[null,null],[null,null]],[[null,null],[null,null]],[[null,null],[null,null]],[[null,null],[null,null]],[[null,null],[null,null]],[[null,null],[null,null]],[[null,null],[null,null]],[[null,null],[null,null]],[[null,null],[null,null]],[[null,null],[null,null]],[[null,null],[null,null]],[[null,null],[null,null]],[[null,null],[null,null]],[[null,null],[null,null]],[[null,null],[null,null]],[[null,null],[null,null]],[[null,null],[null,null]],[[null,null],[null,null]],[[null,null],[null,null]],[[null,null],[null,null]],[[null,null],[null,null]],[[null,null],[null,null]],[[null,null],[null,null]],[[null,null],[null,null]],[[null,null],[null,null]],[[null,null],[null,null]],[[null,null],[null,null]],[[null,null],[null,null]],[[null,null],[null,null]],[[null,null],[null,null]],[[null,null],[null,null]],[[null,null],[null,null]],[[null,null],[null,null]],[[null,null],[null,null]],[[null,null],[null,null]],[[null,null],[null,null]],[[null,null],[null,null]],[[null,null],[null,null]],[[null,null],[null,null]],[[null,null],[null,null]],[[null,null],[null,null]],[[null,null],[null,null]],[[null,null],[null,null]],[[null,null],[null,null]],[[null,null],[null,null]],[[null,null],[null,null]],[[null,null],[null,null]],[[null,null],[null,null]],[[null,null],[null,null]],[[null,null],[null,null]],[[null,null],[null,null]],[[null,null],[null,null]],[[null,null],[null,null]],[[null,null],[null,null]],[[null,null],[null,null]],[[null,null],[null,null]],[[null,null],[null,null]],[[null,null],[null,null]],[[null,null],[null,null]],[[null,null],[null,null]],[[null,null],[null,null]],[[null,null],[null,null]],[[null,null],[null,null]],[[null,null],[null,null]],[[null,null],[null,null]],[[null,null],[null,null]],[[null,null],[null,null]],[[null,null],[null,null]],[[null,null],[null,null]],[[null,null],[null,null]],[[null,null],[null,null]],[[null,null],[null,null]],[[null,null],[null,null]],[[null,null],[null,null]],[[null,null],[null,null]],[[null,null],[null,null]],[[null,null],[null,null]],[[null,null],[null,null]],[[null,null],[null,null]],[[null,null],[null,null]],[[null,null],[null,null]],[[null,null],[null,null]],[[null,null],[null,null]],[[null,null],[null,null]],[[null,null],[null,null]],[[null,null],[null,null]],[[null,null],[null,null]],[[null,null],[null,null]],[[null,null],[null,null]],[[null,null],[null,null]],[[null,null],[null,null]],[[null,null],[null,null]],[[null,null],[null,null]],[[null,null],[null,null]],[[null,null],[null,null]],[[null,null],[null,null]],[[null,null],[null,null]],[[null,null],[null,null]],[[null,null],[null,null]],[[null,null],[null,null]],[[null,null],[null,null]],[[null,null],[null,null]],[[null,null],[null,null]],[[null,null],[null,null]],[[null,null],[null,null]],[[null,null],[null,null]],[[null,null],[null,null]],[[null,null],[null,null]],[[null,null],[null,null]],[[null,null],[null,null]],[[null,null],[null,null]],[[null,null],[null,null]],[[null,null],[null,null]],[[null,null],[null,null]],[[null,null],[null,null]],[[null,null],[null,null]],[[null,null],[null,null]],[[null,null],[null,null]],[[null,null],[null,null]],[[null,null],[null,null]],[[null,null],[null,null]],[[null,null],[null,null]],[[null,null],[null,null]],[[null,null],[null,null]],[[null,null],[null,null]],[[null,null],[null,null]],[[null,null],[null,null]],[[null,null],[null,null]],[[null,null],[null,null]],[[null,null],[null,null]],[[null,null],[null,null]],[[null,null],[null,null]],[[null,null],[null,null]],[[null,null],[null,null]],[[null,null],[null,null]],[[null,null],[null,null]],[[null,null],[null,null]],[[null,null],[null,null]],[[null,null],[null,null]],[[null,null],[null,null]],[[null,null],[null,null]],[[null,null],[null,null]],[[null,null],[null,null]],[[null,null],[null,null]],[[null,null],[null,null]],[[null,null],[null,null]],[[null,null],[null,null]],[[null,null],[null,null]],[[null,null],[null,null]],[[null,null],[null,null]],[[null,null],[null,null]],[[null,null],[null,null]],[[null,null],[null,null]],[[null,null],[null,null]],[[null,null],[null,null]],[[null,null],[null,null]],[[null,null],[null,null]],[[null,null],[null,null]],[[null,null],[null,null]],[[null,null],[null,null]],[[null,null],[null,null]],[[null,null],[null,null]],[[null,null],[null,null]],[[null,null],[null,null]],[[null,null],[null,null]],[[null,null],[null,null]],[[null,null],[null,null]],[[null,null],[null,null]],[[null,null],[null,null]],[[null,null],[null,null]],[[null,null],[null,null]],[[null,null],[null,null]],[[null,null],[null,null]],[[null,null],[null,null]],[[null,null],[null,null]],[[null,null],[null,null]],[[null,null],[null,null]],[[null,null],[null,null]],[[null,null],[null,null]],[[null,null],[null,null]],[[null,null],[null,null]],[[null,null],[null,null]],[[null,null],[null,null]],[[null,null],[null,null]],[[null,null],[null,null]],[[null,null],[null,null]],[[null,null],[null,null]],[[null,null],[null,null]],[[null,null],[null,null]],[[null,null],[null,null]],[[null,null],[null,null]],[[null,null],[null,null]],[[null,null],[null,null]],[[null,null],[null,null]],[[null,null],[null,null]],[[null,null],[null,null]],[[null,null],[null,null]],[[null,null],[null,null]],[[null,null],[null,null]],[[null,null],[null,null]],[[null,null],[null,null]],[[null,null],[null,null]],[[null,null],[null,null]],[[null,null],[null,null]],[[null,null],[null,null]],[[null,null],[null,null]],[[null,null],[null,null]],[[null,null],[null,null]],[[null,null],[null,null]],[[null,null],[null,null]],[[null,null],[null,null]],[[null,null],[null,null]],[[null,null],[null,null]],[[null,null],[null,null]],[[null,null],[null,null]],[[null,null],[null,null]],[[null,null],[null,null]],[[null,null],[null,null]],[[null,null],[null,null]],[[null,null],[null,null]],[[null,null],[null,null]],[[null,null],[null,null]],[[null,null],[null,null]],[[null,null],[null,null]],[[null,null],[null,null]],[[null,null],[null,null]],[[null,null],[null,null]],[[null,null],[null,null]],[[null,null],[null,null]],[[null,null],[null,null]],[[null,null],[null,null]],[[null,null],[null,null]],[[null,null],[null,null]],[[null,null],[null,null]],[[null,null],[null,null]],[[null,null],[null,null]],[[null,null],[null,null]],[[null,null],[null,null]],[[null,null],[null,null]],[[null,null],[null,null]],[[null,null],[null,null]],[[null,null],[null,null]],[[null,null],[null,null]],[[null,null],[null,null]],[[null,null],[null,null]],[[null,null],[null,null]],[[null,null],[null,null]],[[null,null],[null,null]],[[null,null],[null,null]],[[null,null],[null,null]],[[null,null],[null,null]],[[null,null],[null,null]],[[null,null],[null,null]],[[null,null],[null,null]],[[null,null],[null,null]],[[null,null],[null,null]],[[null,null],[null,null]],[[null,null],[null,null]],[[null,null],[null,null]],[[null,null],[null,null]],[[null,null],[null,null]],[[null,null],[null,null]],[[null,null],[null,null]],[[null,null],[null,null]],[[null,null],[null,null]],[[null,null],[null,null]],[[null,null],[null,null]],[[null,null],[null,null]],[[null,null],[null,null]],[[null,null],[null,null]],[[null,null],[null,null]],[[null,null],[null,null]],[[null,null],[null,null]],[[null,null],[null,null]],[[null,null],[null,null]],[[null,null],[null,null]],[[null,null],[null,null]],[[null,null],[null,null]],[[null,null],[null,null]],[[null,null],[null,null]],[[null,null],[null,null]],[[null,null],[null,null]],[[null,null],[null,null]],[[null,null],[null,null]],[[null,null],[null,null]],[[null,null],[null,null]],[[null,null],[null,null]],[[null,null],[null,null]],[[null,null],[null,null]],[[null,null],[null,null]],[[null,null],[null,null]],[[null,null],[null,null]],[[null,null],[null,null]],[[null,null],[null,null]],[[null,null],[null,null]],[[null,null],[null,null]],[[null,null],[null,null]],[[null,null],[null,null]],[[null,null],[null,null]],[[null,null],[null,null]],[[null,null],[null,null]],[[null,null],[null,null]],[[null,null],[null,null]],[[null,null],[null,null]],[[null,null],[null,null]],[[null,null],[null,null]],[[null,null],[null,null]],[[null,null],[null,null]],[[null,null],[null,null]],[[null,null],[null,null]],[[null,null],[null,null]],[[null,null],[null,null]],[[null,null],[null,null]],[[null,null],[null,null]],[[null,null],[null,null]],[[null,null],[null,null]],[[null,null],[null,null]],[[null,null],[null,null]],[[null,null],[null,null]],[[null,null],[null,null]],[[null,null],[null,null]],[[null,null],[null,null]],[[null,null],[null,null]],[[null,null],[null,null]],[[null,null],[null,null]],[[null,null],[null,null]],[[null,null],[null,null]],[[null,null],[null,null]],[[null,null],[null,null]],[[null,null],[null,null]],[[null,null],[null,null]],[[null,null],[null,null]],[[null,null],[null,null]],[[null,null],[null,null]],[[null,null],[null,null]],[[null,null],[null,null]],[[null,null],[null,null]],[[null,null],[null,null]],[[null,null],[null,null]],[[null,null],[null,null]],[[null,null],[null,null]],[[null,null],[null,null]],[[null,null],[null,null]],[[null,null],[null,null]],[[null,null],[null,null]],[[null,null],[null,null]],[[null,null],[null,null]],[[null,null],[null,null]],[[null,null],[null,null]],[[null,null],[null,null]],[[null,null],[null,null]],[[null,null],[null,null]],[[null,null],[null,null]],[[null,null],[null,null]],[[null,null],[null,null]],[[null,null],[null,null]],[[null,null],[null,null]],[[null,null],[null,null]],[[null,null],[null,null]],[[null,null],[null,null]],[[null,null],[null,null]],[[null,null],[null,null]],[[null,null],[null,null]],[[null,null],[null,null]],[[null,null],[null,null]],[[null,null],[null,null]],[[null,null],[null,null]],[[null,null],[null,null]],[[null,null],[null,null]],[[null,null],[null,null]],[[null,null],[null,null]],[[null,null],[null,null]],[[null,null],[null,null]],[[null,null],[null,null]],[[null,null],[null,null]],[[null,null],[null,null]],[[null,null],[null,null]],[[null,null],[null,null]],[[null,null],[null,null]],[[null,null],[null,null]],[[null,null],[null,null]],[[null,null],[null,null]],[[null,null],[null,null]],[[null,null],[null,null]],[[null,null],[null,null]],[[null,null],[null,null]],[[null,null],[null,null]],[[null,null],[null,null]],[[null,null],[null,null]],[[null,null],[null,null]],[[null,null],[null,null]],[[null,null],[null,null]],[[null,null],[null,null]],[[null,null],[null,null]],[[null,null],[null,null]],[[null,null],[null,null]],[[null,null],[null,null]],[[null,null],[null,null]],[[null,null],[null,null]],[[null,null],[null,null]],[[null,null],[null,null]],[[null,null],[null,null]],[[null,null],[null,null]],[[null,null],[null,null]],[[null,null],[null,null]],[[null,null],[null,null]],[[null,null],[null,null]],[[null,null],[null,null]],[[null,null],[null,null]],[[null,null],[null,null]],[[null,null],[null,null]],[[null,null],[null,null]],[[null,null],[null,null]],[[null,null],[null,null]],[[null,null],[null,null]],[[null,null],[null,null]],[[null,null],[null,null]],[[null,null],[null,null]],[[null,null],[null,null]],[[null,null],[null,null]],[[null,null],[null,null]],[[null,null],[null,null]],[[null,null],[null,null]],[[null,null],[null,null]],[[null,null],[null,null]],[[null,null],[null,null]],[[null,null],[null,null]],[[null,null],[null,null]],[[null,null],[null,null]],[[null,null],[null,null]],[[null,null],[null,null]],[[null,null],[null,null]],[[null,null],[null,null]],[[null,null],[null,null]],[[null,null],[null,null]],[[null,null],[null,null]],[[null,null],[null,null]],[[null,null],[null,null]],[[null,null],[null,null]],[[null,null],[null,null]],[[null,null],[null,null]],[[null,null],[null,null]],[[null,null],[null,null]],[[null,null],[null,null]],[[null,null],[null,null]],[[null,null],[null,null]],[[null,null],[null,null]],[[null,null],[null,null]],[[null,null],[null,null]],[[null,null],[null,null]],[[null,null],[null,null]],[[null,null],[null,null]],[[null,null],[null,null]],[[null,null],[null,null]],[[null,null],[null,null]],[[null,null],[null,null]],[[null,null],[null,null]],[[null,null],[null,null]],[[null,null],[null,null]],[[null,null],[null,null]],[[null,null],[null,null]],[[null,null],[null,null]],[[null,null],[null,null]],[[null,null],[null,null]],[[null,null],[null,null]],[[null,null],[null,null]],[[null,null],[null,null]],[[null,null],[null,null]],[[null,null],[null,null]],[[null,null],[null,null]],[[null,null],[null,null]],[[null,null],[null,null]],[[null,null],[null,null]],[[null,null],[null,null]],[[null,null],[null,null]],[[null,null],[null,null]],[[null,null],[null,null]],[[null,null],[null,null]],[[null,null],[null,null]],[[null,null],[null,null]],[[null,null],[null,null]],[[null,null],[null,null]],[[null,null],[null,null]],[[null,null],[null,null]],[[null,null],[null,null]],[[null,null],[null,null]],[[null,null],[null,null]],[[null,null],[null,null]],[[null,null],[null,null]],[[null,null],[null,null]],[[null,null],[null,null]],[[null,null],[null,null]],[[null,null],[null,null]],[[null,null],[null,null]],[[null,null],[null,null]],[[null,null],[null,null]],[[null,null],[null,null]],[[null,null],[null,null]],[[null,null],[null,null]],[[null,null],[null,null]],[[null,null],[null,null]],[[null,null],[null,null]],[[null,null],[null,null]],[[null,null],[null,null]],[[null,null],[null,null]],[[null,null],[null,null]],[[null,null],[null,null]],[[null,null],[null,null]],[[null,null],[null,null]],[[null,null],[null,null]],[[null,null],[null,null]],[[null,null],[null,null]],[[null,null],[null,null]],[[null,null],[null,null]],[[null,null],[null,null]],[[null,null],[null,null]],[[null,null],[null,null]],[[null,null],[null,null]],[[null,null],[null,null]],[[null,null],[null,null]],[[null,null],[null,null]],[[null,null],[null,null]],[[null,null],[null,null]],[[null,null],[null,null]],[[null,null],[null,null]],[[null,null],[null,null]],[[null,null],[null,null]],[[null,null],[null,null]],[[null,null],[null,null]],[[null,null],[null,null]],[[null,null],[null,null]],[[null,null],[null,null]],[[null,null],[null,null]],[[null,null],[null,null]],[[null,null],[null,null]],[[null,null],[null,null]],[[null,null],[null,null]],[[null,null],[null,null]],[[null,null],[null,null]],[[null,null],[null,null]],[[null,null],[null,null]],[[null,null],[null,null]],[[null,null],[null,null]],[[null,null],[null,null]],[[null,null],[null,null]],[[null,null],[null,null]],[[null,null],[null,null]],[[null,null],[null,null]],[[null,null],[null,null]],[[null,null],[null,null]],[[null,null],[null,null]],[[null,null],[null,null]],[[null,null],[null,null]],[[null,null],[null,null]],[[null,null],[null,null]],[[null,null],[null,null]],[[null,null],[null,null]],[[null,null],[null,null]],[[null,null],[null,null]],[[null,null],[null,null]],[[null,null],[null,null]],[[null,null],[null,null]],[[null,null],[null,null]],[[null,null],[null,null]],[[null,null],[null,null]],[[null,null],[null,null]],[[null,null],[null,null]],[[null,null],[null,null]],[[null,null],[null,null]],[[null,null],[null,null]],[[null,null],[null,null]],[[null,null],[null,null]],[[null,null],[null,null]],[[null,null],[null,null]],[[null,null],[null,null]],[[null,null],[null,null]],[[null,null],[null,null]],[[null,null],[null,null]],[[null,null],[null,null]],[[null,null],[null,null]],[[null,null],[null,null]],[[null,null],[null,null]],[[null,null],[null,null]],[[null,null],[null,null]],[[null,null],[null,null]],[[null,null],[null,null]],[[null,null],[null,null]],[[null,null],[null,null]],[[null,null],[null,null]],[[null,null],[null,null]],[[null,null],[null,null]],[[null,null],[null,null]],[[null,null],[null,null]],[[null,null],[null,null]],[[null,null],[null,null]],[[null,null],[null,null]],[[null,null],[null,null]],[[null,null],[null,null]],[[null,null],[null,null]],[[null,null],[null,null]],[[null,null],[null,null]],[[null,null],[null,null]],[[null,null],[null,null]],[[null,null],[null,null]],[[null,null],[null,null]],[[null,null],[null,null]],[[null,null],[null,null]],[[null,null],[null,null]],[[null,null],[null,null]],[[null,null],[null,null]],[[null,null],[null,null]],[[null,null],[null,null]],[[null,null],[null,null]],[[null,null],[null,null]],[[null,null],[null,null]],[[null,null],[null,null]],[[null,null],[null,null]],[[null,null],[null,null]],[[null,null],[null,null]],[[null,null],[null,null]],[[null,null],[null,null]],[[null,null],[null,null]],[[null,null],[null,null]],[[null,null],[null,null]],[[null,null],[null,null]],[[null,null],[null,null]],[[null,null],[null,null]],[[null,null],[null,null]],[[null,null],[null,null]],[[null,null],[null,null]],[[null,null],[null,null]],[[null,null],[null,null]],[[null,null],[null,null]],[[null,null],[null,null]],[[null,null],[null,null]],[[null,null],[null,null]],[[null,null],[null,null]],[[null,null],[null,null]],[[null,null],[null,null]],[[null,null],[null,null]],[[null,null],[null,null]],[[null,null],[null,null]],[[null,null],[null,null]],[[null,null],[null,null]],[[null,null],[null,null]],[[null,null],[null,null]],[[null,null],[null,null]],[[null,null],[null,null]],[[null,null],[null,null]],[[null,null],[null,null]],[[null,null],[null,null]],[[null,null],[null,null]],[[null,null],[null,null]],[[null,null],[null,null]],[[null,null],[null,null]],[[null,null],[null,null]],[[null,null],[null,null]],[[null,null],[null,null]],[[null,null],[null,null]],[[null,null],[null,null]],[[null,null],[null,null]],[[null,null],[null,null]],[[null,null],[null,null]],[[null,null],[null,null]],[[null,null],[null,null]],[[null,null],[null,null]],[[null,null],[null,null]],[[null,null],[null,null]],[[null,null],[null,null]],[[null,null],[null,null]],[[null,null],[null,null]],[[null,null],[null,null]],[[null,null],[null,null]],[[null,null],[null,null]],[[null,null],[null,null]],[[null,null],[null,null]],[[null,null],[null,null]],[[null,null],[null,null]],[[null,null],[null,null]],[[null,null],[null,null]],[[null,null],[null,null]],[[null,null],[null,null]],[[null,null],[null,null]],[[null,null],[null,null]],[[null,null],[null,null]],[[null,null],[null,null]],[[null,null],[null,null]],[[null,null],[null,null]],[[null,null],[null,null]],[[null,null],[null,null]],[[null,null],[null,null]],[[null,null],[null,null]],[[null,null],[null,null]],[[null,null],[null,null]],[[null,null],[null,null]],[[null,null],[null,null]],[[null,null],[null,null]],[[null,null],[null,null]],[[null,null],[null,null]],[[null,null],[null,null]],[[null,null],[null,null]],[[null,null],[null,null]],[[null,null],[null,null]],[[null,null],[null,null]],[[null,null],[null,null]],[[null,null],[null,null]],[[null,null],[null,null]],[[null,null],[null,null]],[[null,null],[null,null]],[[null,null],[null,null]],[[null,null],[null,null]],[[null,null],[null,null]],[[null,null],[null,null]],[[null,null],[null,null]],[[null,null],[null,null]],[[null,null],[null,null]],[[null,null],[null,null]],[[null,null],[null,null]],[[null,null],[null,null]],[[null,null],[null,null]],[[null,null],[null,null]],[[null,null],[null,null]],[[null,null],[null,null]],[[null,null],[null,null]],[[null,null],[null,null]],[[null,null],[null,null]],[[null,null],[null,null]],[[null,null],[null,null]],[[null,null],[null,null]],[[null,null],[null,null]],[[null,null],[null,null]],[[null,null],[null,null]],[[null,null],[null,null]],[[null,null],[null,null]],[[null,null],[null,null]],[[null,null],[null,null]],[[null,null],[null,null]],[[null,null],[null,null]],[[null,null],[null,null]],[[null,null],[null,null]],[[null,null],[null,null]],[[null,null],[null,null]],[[null,null],[null,null]],[[null,null],[null,null]],[[null,null],[null,null]],[[null,null],[null,null]],[[null,null],[null,null]],[[null,null],[null,null]],[[null,null],[null,null]],[[null,null],[null,null]],[[null,null],[null,null]],[[null,null],[null,null]],[[null,null],[null,null]],[[null,null],[null,null]],[[null,null],[null,null]],[[null,null],[null,null]],[[null,null],[null,null]],[[null,null],[null,null]],[[null,null],[null,null]],[[null,null],[null,null]],[[null,null],[null,null]],[[null,null],[null,null]],[[null,null],[null,null]],[[null,null],[null,null]],[[null,null],[null,null]],[[null,null],[null,null]],[[null,null],[null,null]],[[null,null],[null,null]],[[null,null],[null,null]],[[null,null],[null,null]],[[null,null],[null,null]],[[null,null],[null,null]],[[null,null],[null,null]],[[null,null],[null,null]],[[null,null],[null,null]],[[null,null],[null,null]],[[null,null],[null,null]],[[null,null],[null,null]],[[null,null],[null,null]],[[null,null],[null,null]],[[null,null],[null,null]],[[null,null],[null,null]],[[null,null],[null,null]],[[null,null],[null,null]],[[null,null],[null,null]],[[null,null],[null,null]],[[null,null],[null,null]],[[null,null],[null,null]],[[null,null],[null,null]],[[null,null],[null,null]],[[null,null],[null,null]],[[null,null],[null,null]],[[null,null],[null,null]],[[null,null],[null,null]],[[null,null],[null,null]],[[null,null],[null,null]],[[null,null],[null,null]],[[null,null],[null,null]],[[null,null],[null,null]],[[null,null],[null,null]],[[null,null],[null,null]],[[null,null],[null,null]],[[null,null],[null,null]],[[null,null],[null,null]],[[null,null],[null,null]],[[null,null],[null,null]],[[null,null],[null,null]],[[null,null],[null,null]],[[null,null],[null,null]],[[null,null],[null,null]],[[null,null],[null,null]],[[null,null],[null,null]],[[null,null],[null,null]],[[null,null],[null,null]],[[null,null],[null,null]],[[null,null],[null,null]],[[null,null],[null,null]],[[null,null],[null,null]],[[null,null],[null,null]],[[null,null],[null,null]],[[null,null],[null,null]],[[null,null],[null,null]],[[null,null],[null,null]],[[null,null],[null,null]],[[null,null],[null,null]],[[null,null],[null,null]],[[null,null],[null,null]],[[null,null],[null,null]],[[null,null],[null,null]],[[null,null],[null,null]],[[null,null],[null,null]],[[null,null],[null,null]],[[null,null],[null,null]],[[null,null],[null,null]],[[null,null],[null,null]],[[null,null],[null,null]],[[null,null],[null,null]],[[null,null],[null,null]],[[null,null],[null,null]],[[null,null],[null,null]],[[null,null],[null,null]],[[null,null],[null,null]],[[null,null],[null,null]],[[null,null],[null,null]],[[null,null],[null,null]],[[null,null],[null,null]],[[null,null],[null,null]],[[null,null],[null,null]],[[null,null],[null,null]],[[null,null],[null,null]],[[null,null],[null,null]],[[null,null],[null,null]],[[null,null],[null,null]],[[null,null],[null,null]],[[null,null],[null,null]],[[null,null],[null,null]],[[null,null],[null,null]],[[null,null],[null,null]],[[null,null],[null,null]],[[null,null],[null,null]],[[null,null],[null,null]],[[null,null],[null,null]],[[null,null],[null,null]],[[null,null],[null,null]],[[null,null],[null,null]],[[null,null],[null,null]],[[null,null],[null,null]],[[null,null],[null,null]],[[null,null],[null,null]],[[null,null],[null,null]],[[null,null],[null,null]],[[null,null],[null,null]],[[null,null],[null,null]],[[null,null],[null,null]],[[null,null],[null,null]],[[null,null],[null,null]],[[null,null],[null,null]],[[null,null],[null,null]],[[null,null],[null,null]],[[null,null],[null,null]],[[null,null],[null,null]],[[null,null],[null,null]],[[null,null],[null,null]],[[null,null],[null,null]],[[null,null],[null,null]],[[null,null],[null,null]],[[null,null],[null,null]],[[null,null],[null,null]],[[null,null],[null,null]],[[null,null],[null,null]],[[null,null],[null,null]],[[null,null],[null,null]],[[null,null],[null,null]],[[null,null],[null,null]],[[null,null],[null,null]],[[null,null],[null,null]],[[null,null],[null,null]],[[null,null],[null,null]],[[null,null],[null,null]],[[null,null],[null,null]],[[null,null],[null,null]],[[null,null],[null,null]],[[null,null],[null,null]],[[null,null],[null,null]],[[null,null],[null,null]],[[null,null],[null,null]],[[null,null],[null,null]],[[null,null],[null,null]],[[null,null],[null,null]],[[null,null],[null,null]],[[null,null],[null,null]],[[null,null],[null,null]],[[null,null],[null,null]],[[null,null],[null,null]],[[null,null],[null,null]],[[null,null],[null,null]],[[null,null],[null,null]],[[null,null],[null,null]],[[null,null],[null,null]],[[null,null],[null,null]],[[null,null],[null,null]],[[null,null],[null,null]],[[null,null],[null,null]],[[null,null],[null,null]],[[null,null],[null,null]],[[null,null],[null,null]],[[null,null],[null,null]],[[null,null],[null,null]],[[null,null],[null,null]],[[null,null],[null,null]],[[null,null],[null,null]],[[null,null],[null,null]],[[null,null],[null,null]],[[null,null],[null,null]],[[null,null],[null,null]],[[null,null],[null,null]],[[null,null],[null,null]],[[null,null],[null,null]],[[null,null],[null,null]],[[null,null],[null,null]],[[null,null],[null,null]],[[null,null],[null,null]],[[null,null],[null,null]],[[null,null],[null,null]],[[null,null],[null,null]],[[null,null],[null,null]],[[null,null],[null,null]],[[null,null],[null,null]],[[null,null],[null,null]],[[null,null],[null,null]],[[null,null],[null,null]],[[null,null],[null,null]],[[null,null],[null,null]],[[null,null],[null,null]],[[null,null],[null,null]],[[null,null],[null,null]],[[null,null],[null,null]],[[null,null],[null,null]],[[null,null],[null,null]],[[null,null],[null,null]],[[null,null],[null,null]],[[null,null],[null,null]],[[null,null],[null,null]],[[null,null],[null,null]],[[null,null],[null,null]],[[null,null],[null,null]],[[null,null],[null,null]],[[null,null],[null,null]],[[null,null],[null,null]],[[null,null],[null,null]],[[null,null],[null,null]],[[null,null],[null,null]],[[null,null],[null,null]],[[null,null],[null,null]],[[null,null],[null,null]],[[null,null],[null,null]],[[null,null],[null,null]],[[null,null],[null,null]],[[null,null],[null,null]],[[null,null],[null,null]],[[null,null],[null,null]],[[null,null],[null,null]],[[null,null],[null,null]],[[null,null],[null,null]],[[null,null],[null,null]],[[null,null],[null,null]],[[null,null],[null,null]],[[null,null],[null,null]],[[null,null],[null,null]],[[null,null],[null,null]],[[null,null],[null,null]],[[null,null],[null,null]],[[null,null],[null,null]],[[null,null],[null,null]],[[null,null],[null,null]],[[null,null],[null,null]],[[null,null],[null,null]],[[null,null],[null,null]],[[null,null],[null,null]],[[null,null],[null,null]],[[null,null],[null,null]],[[null,null],[null,null]],[[null,null],[null,null]],[[null,null],[null,null]],[[null,null],[null,null]],[[null,null],[null,null]],[[null,null],[null,null]],[[null,null],[null,null]],[[null,null],[null,null]],[[null,null],[null,null]],[[null,null],[null,null]],[[null,null],[null,null]],[[null,null],[null,null]],[[null,null],[null,null]],[[null,null],[null,null]],[[null,null],[null,null]],[[null,null],[null,null]],[[null,null],[null,null]],[[null,null],[null,null]],[[null,null],[null,null]],[[null,null],[null,null]],[[null,null],[null,null]],[[null,null],[null,null]],[[null,null],[null,null]],[[null,null],[null,null]],[[null,null],[null,null]],[[null,null],[null,null]],[[null,null],[null,null]],[[null,null],[null,null]],[[null,null],[null,null]],[[null,null],[null,null]],[[null,null],[null,null]],[[null,null],[null,null]],[[null,null],[null,null]],[[null,null],[null,null]],[[null,null],[null,null]],[[null,null],[null,null]],[[null,null],[null,null]],[[null,null],[null,null]],[[null,null],[null,null]],[[null,null],[null,null]],[[null,null],[null,null]],[[null,null],[null,null]],[[null,null],[null,null]],[[null,null],[null,null]],[[null,null],[null,null]],[[null,null],[null,null]],[[null,null],[null,null]],[[null,null],[null,null]],[[null,null],[null,null]],[[null,null],[null,null]],[[null,null],[null,null]],[[null,null],[null,null]],[[null,null],[null,null]],[[null,null],[null,null]],[[null,null],[null,null]],[[null,null],[null,null]],[[null,null],[null,null]],[[null,null],[null,null]],[[null,null],[null,null]],[[null,null],[null,null]],[[null,null],[null,null]],[[null,null],[null,null]],[[null,null],[null,null]],[[null,null],[null,null]],[[null,null],[null,null]],[[null,null],[null,null]],[[null,null],[null,null]],[[null,null],[null,null]],[[null,null],[null,null]],[[null,null],[null,null]],[[null,null],[null,null]],[[null,null],[null,null]],[[null,null],[null,null]],[[null,null],[null,null]],[[null,null],[null,null]],[[null,null],[null,null]],[[null,null],[null,null]],[[null,null],[null,null]],[[null,null],[null,null]],[[null,null],[null,null]],[[null,null],[null,null]],[[null,null],[null,null]],[[null,null],[null,null]],[[null,null],[null,null]],[[null,null],[null,null]],[[null,null],[null,null]],[[null,null],[null,null]],[[null,null],[null,null]],[[null,null],[null,null]],[[null,null],[null,null]],[[null,null],[null,null]],[[null,null],[null,null]],[[null,null],[null,null]],[[null,null],[null,null]],[[null,null],[null,null]],[[null,null],[null,null]],[[null,null],[null,null]],[[null,null],[null,null]],[[null,null],[null,null]],[[null,null],[null,null]],[[null,null],[null,null]],[[null,null],[null,null]],[[null,null],[null,null]],[[null,null],[null,null]],[[null,null],[null,null]],[[null,null],[null,null]],[[null,null],[null,null]],[[null,null],[null,null]],[[null,null],[null,null]],[[null,null],[null,null]],[[null,null],[null,null]],[[null,null],[null,null]],[[null,null],[null,null]],[[null,null],[null,null]],[[null,null],[null,null]],[[null,null],[null,null]],[[null,null],[null,null]],[[null,null],[null,null]],[[null,null],[null,null]],[[null,null],[null,null]],[[null,null],[null,null]],[[null,null],[null,null]],[[null,null],[null,null]],[[null,null],[null,null]],[[null,null],[null,null]],[[null,null],[null,null]],[[null,null],[null,null]],[[null,null],[null,null]],[[null,null],[null,null]],[[null,null],[null,null]],[[null,null],[null,null]],[[null,null],[null,null]],[[null,null],[null,null]],[[null,null],[null,null]],[[null,null],[null,null]],[[null,null],[null,null]],[[null,null],[null,null]],[[null,null],[null,null]],[[null,null],[null,null]],[[null,null],[null,null]],[[null,null],[null,null]],[[null,null],[null,null]],[[null,null],[null,null]],[[null,null],[null,null]],[[null,null],[null,null]],[[null,null],[null,null]],[[null,null],[null,null]],[[null,null],[null,null]],[[null,null],[null,null]],[[null,null],[null,null]],[[null,null],[null,null]],[[null,null],[null,null]],[[null,null],[null,null]],[[null,null],[null,null]],[[null,null],[null,null]],[[null,null],[null,null]],[[null,null],[null,null]],[[null,null],[null,null]],[[null,null],[null,null]],[[null,null],[null,null]],[[null,null],[null,null]],[[null,null],[null,null]],[[null,null],[null,null]],[[null,null],[null,null]],[[null,null],[null,null]],[[null,null],[null,null]],[[null,null],[null,null]],[[null,null],[null,null]],[[null,null],[null,null]],[[null,null],[null,null]],[[null,null],[null,null]],[[null,null],[null,null]],[[null,null],[null,null]],[[null,null],[null,null]],[[null,null],[null,null]],[[null,null],[null,null]],[[null,null],[null,null]],[[null,null],[null,null]],[[null,null],[null,null]],[[null,null],[null,null]],[[null,null],[null,null]],[[null,null],[null,null]],[[null,null],[null,null]],[[null,null],[null,null]],[[null,null],[null,null]],[[null,null],[null,null]],[[null,null],[null,null]],[[null,null],[null,null]],[[null,null],[null,null]],[[null,null],[null,null]],[[null,null],[null,null]],[[null,null],[null,null]],[[null,null],[null,null]],[[null,null],[null,null]],[[null,null],[null,null]],[[null,null],[null,null]],[[null,null],[null,null]],[[null,null],[null,null]],[[null,null],[null,null]],[[null,null],[null,null]],[[null,null],[null,null]],[[null,null],[null,null]],[[null,null],[null,null]],[[null,null],[null,null]],[[null,null],[null,null]],[[null,null],[null,null]],[[null,null],[null,null]],[[null,null],[null,null]],[[null,null],[null,null]],[[null,null],[null,null]],[[null,null],[null,null]],[[null,null],[null,null]],[[null,null],[null,null]],[[null,null],[null,null]],[[null,null],[null,null]],[[null,null],[null,null]],[[null,null],[null,null]],[[null,null],[null,null]],[[null,null],[null,null]],[[null,null],[null,null]],[[null,null],[null,null]],[[null,null],[null,null]],[[null,null],[null,null]],[[null,null],[null,null]],[[null,null],[null,null]],[[null,null],[null,null]],[[null,null],[null,null]],[[null,null],[null,null]],[[null,null],[null,null]],[[null,null],[null,null]],[[null,null],[null,null]],[[null,null],[null,null]],[[null,null],[null,null]],[[null,null],[null,null]],[[null,null],[null,null]],[[null,null],[null,null]],[[null,null],[null,null]],[[null,null],[null,null]],[[null,null],[null,null]],[[null,null],[null,null]],[[null,null],[null,null]],[[null,null],[null,null]],[[null,null],[null,null]],[[null,null],[null,null]],[[null,null],[null,null]],[[null,null],[null,null]],[[null,null],[null,null]],[[null,null],[null,null]],[[null,null],[null,null]],[[null,null],[null,null]],[[null,null],[null,null]],[[null,null],[null,null]],[[null,null],[null,null]],[[null,null],[null,null]],[[null,null],[null,null]],[[null,null],[null,null]],[[null,null],[null,null]],[[null,null],[null,null]],[[null,null],[null,null]],[[null,null],[null,null]],[[null,null],[null,null]],[[null,null],[null,null]],[[null,null],[null,null]],[[null,null],[null,null]],[[null,null],[null,null]],[[null,null],[null,null]],[[null,null],[null,null]],[[null,null],[null,null]],[[null,null],[null,null]],[[null,null],[null,null]],[[null,null],[null,null]],[[null,null],[null,null]],[[null,null],[null,null]],[[null,null],[null,null]],[[null,null],[null,null]],[[null,null],[null,null]],[[null,null],[null,null]],[[null,null],[null,null]],[[null,null],[null,null]],[[null,null],[null,null]],[[null,null],[null,null]],[[null,null],[null,null]],[[null,null],[null,null]],[[null,null],[null,null]],[[null,null],[null,null]],[[null,null],[null,null]],[[null,null],[null,null]],[[null,null],[null,null]],[[null,null],[null,null]],[[null,null],[null,null]],[[null,null],[null,null]],[[null,null],[null,null]],[[null,null],[null,null]],[[null,null],[null,null]],[[null,null],[null,null]],[[null,null],[null,null]],[[null,null],[null,null]],[[null,null],[null,null]],[[null,null],[null,null]],[[null,null],[null,null]],[[null,null],[null,null]],[[null,null],[null,null]],[[null,null],[null,null]],[[null,null],[null,null]],[[null,null],[null,null]],[[null,null],[null,null]],[[null,null],[null,null]],[[null,null],[null,null]],[[null,null],[null,null]],[[null,null],[null,null]],[[null,null],[null,null]],[[null,null],[null,null]],[[null,null],[null,null]],[[null,null],[null,null]],[[null,null],[null,null]],[[null,null],[null,null]],[[null,null],[null,null]],[[null,null],[null,null]],[[null,null],[null,null]],[[null,null],[null,null]],[[null,null],[null,null]],[[null,null],[null,null]],[[null,null],[null,null]],[[null,null],[null,null]],[[null,null],[null,null]],[[null,null],[null,null]],[[null,null],[null,null]],[[null,null],[null,null]],[[null,null],[null,null]],[[null,null],[null,null]],[[null,null],[null,null]],[[null,null],[null,null]],[[null,null],[null,null]],[[null,null],[null,null]],[[null,null],[null,null]],[[null,null],[null,null]],[[null,null],[null,null]],[[null,null],[null,null]],[[null,null],[null,null]],[[null,null],[null,null]],[[null,null],[null,null]],[[null,null],[null,null]],[[null,null],[null,null]],[[null,null],[null,null]],[[null,null],[null,null]],[[null,null],[null,null]],[[null,null],[null,null]],[[null,null],[null,null]],[[null,null],[null,null]],[[null,null],[null,null]],[[null,null],[null,null]],[[null,null],[null,null]],[[null,null],[null,null]],[[null,null],[null,null]],[[null,null],[null,null]],[[null,null],[null,null]],[[null,null],[null,null]],[[null,null],[null,null]],[[null,null],[null,null]],[[null,null],[null,null]],[[null,null],[null,null]],[[null,null],[null,null]],[[null,null],[null,null]],[[null,null],[null,null]],[[null,null],[null,null]],[[null,null],[null,null]],[[null,null],[null,null]],[[null,null],[null,null]],[[null,null],[null,null]],[[null,null],[null,null]],[[null,null],[null,null]],[[null,null],[null,null]],[[null,null],[null,null]],[[null,null],[null,null]],[[null,null],[null,null]],[[null,null],[null,null]],[[null,null],[null,null]],[[null,null],[null,null]],[[null,null],[null,null]],[[null,null],[null,null]],[[null,null],[null,null]],[[null,null],[null,null]],[[null,null],[null,null]],[[null,null],[null,null]],[[null,null],[null,null]],[[null,null],[null,null]],[[null,null],[null,null]],[[null,null],[null,null]],[[null,null],[null,null]],[[null,null],[null,null]],[[null,null],[null,null]],[[null,null],[null,null]],[[null,null],[null,null]],[[null,null],[null,null]],[[null,null],[null,null]],[[null,null],[null,null]],[[null,null],[null,null]],[[null,null],[null,null]],[[null,null],[null,null]],[[null,null],[null,null]],[[null,null],[null,null]],[[null,null],[null,null]],[[null,null],[null,null]],[[null,null],[null,null]],[[null,null],[null,null]],[[null,null],[null,null]],[[null,null],[null,null]],[[null,null],[null,null]],[[null,null],[null,null]],[[null,null],[null,null]],[[null,null],[null,null]],[[null,null],[null,null]],[[null,null],[null,null]],[[null,null],[null,null]],[[null,null],[null,null]],[[null,null],[null,null]],[[null,null],[null,null]],[[null,null],[null,null]],[[null,null],[null,null]],[[null,null],[null,null]],[[null,null],[null,null]],[[null,null],[null,null]],[[null,null],[null,null]],[[null,null],[null,null]],[[null,null],[null,null]],[[null,null],[null,null]],[[null,null],[null,null]],[[null,null],[null,null]],[[null,null],[null,null]],[[null,null],[null,null]],[[null,null],[null,null]],[[null,null],[null,null]],[[null,null],[null,null]],[[null,null],[null,null]],[[null,null],[null,null]],[[null,null],[null,null]],[[null,null],[null,null]],[[null,null],[null,null]],[[null,null],[null,null]],[[null,null],[null,null]],[[null,null],[null,null]],[[null,null],[null,null]],[[null,null],[null,null]],[[null,null],[null,null]],[[null,null],[null,null]],[[null,null],[null,null]],[[null,null],[null,null]],[[null,null],[null,null]],[[null,null],[null,null]],[[null,null],[null,null]],[[null,null],[null,null]],[[null,null],[null,null]],[[null,null],[null,null]],[[null,null],[null,null]],[[null,null],[null,null]],[[null,null],[null,null]],[[null,null],[null,null]],[[null,null],[null,null]],[[null,null],[null,null]],[[null,null],[null,null]],[[null,null],[null,null]],[[null,null],[null,null]],[[null,null],[null,null]],[[null,null],[null,null]],[[null,null],[null,null]],[[null,null],[null,null]],[[null,null],[null,null]],[[null,null],[null,null]],[[null,null],[null,null]],[[null,null],[null,null]],[[null,null],[null,null]],[[null,null],[null,null]],[[null,null],[null,null]],[[null,null],[null,null]],[[null,null],[null,null]],[[null,null],[null,null]],[[null,null],[null,null]],[[null,null],[null,null]],[[null,null],[null,null]],[[null,null],[null,null]],[[null,null],[null,null]],[[null,null],[null,null]],[[null,null],[null,null]],[[null,null],[null,null]],[[null,null],[null,null]],[[null,null],[null,null]],[[null,null],[null,null]],[[null,null],[null,null]],[[null,null],[null,null]],[[null,null],[null,null]],[[null,null],[null,null]],[[null,null],[null,null]],[[null,null],[null,null]],[[null,null],[null,null]],[[null,null],[null,null]],[[null,null],[null,null]],[[null,null],[null,null]],[[null,null],[null,null]],[[null,null],[null,null]],[[null,null],[null,null]],[[null,null],[null,null]],[[null,null],[null,null]],[[null,null],[null,null]],[[null,null],[null,null]],[[null,null],[null,null]],[[null,null],[null,null]],[[null,null],[null,null]],[[null,null],[null,null]],[[null,null],[null,null]],[[null,null],[null,null]],[[null,null],[null,null]],[[null,null],[null,null]],[[null,null],[null,null]],[[null,null],[null,null]],[[null,null],[null,null]],[[null,null],[null,null]],[[null,null],[null,null]],[[null,null],[null,null]],[[null,null],[null,null]],[[null,null],[null,null]],[[null,null],[null,null]],[[null,null],[null,null]],[[null,null],[null,null]],[[null,null],[null,null]],[[null,null],[null,null]],[[null,null],[null,null]],[[null,null],[null,null]],[[null,null],[null,null]],[[null,null],[null,null]],[[null,null],[null,null]],[[null,null],[null,null]],[[null,null],[null,null]],[[null,null],[null,null]],[[null,null],[null,null]],[[null,null],[null,null]],[[null,null],[null,null]],[[null,null],[null,null]],[[null,null],[null,null]],[[null,null],[null,null]],[[null,null],[null,null]],[[null,null],[null,null]],[[null,null],[null,null]],[[null,null],[null,null]],[[null,null],[null,null]],[[null,null],[null,null]],[[null,null],[null,null]],[[null,null],[null,null]],[[null,null],[null,null]],[[null,null],[null,null]],[[null,null],[null,null]],[[null,null],[null,null]],[[null,null],[null,null]],[[null,null],[null,null]],[[null,null],[null,null]],[[null,null],[null,null]],[[null,null],[null,null]],[[null,null],[null,null]],[[null,null],[null,null]],[[null,null],[null,null]],[[null,null],[null,null]],[[null,null],[null,null]],[[null,null],[null,null]],[[null,null],[null,null]],[[null,null],[null,null]],[[null,null],[null,null]],[[null,null],[null,null]],[[null,null],[null,null]],[[null,null],[null,null]],[[null,null],[null,null]],[[null,null],[null,null]],[[null,null],[null,null]],[[null,null],[null,null]],[[null,null],[null,null]],[[null,null],[null,null]],[[null,null],[null,null]]]]}},{"type":"Feature","properties":{"provincia":"Imbabura"},"geometry":{"type":"Polygon","coordinates":[[[-79.276,0.331],[-79.273,0.337],[-79.26,0.341],[-79.246,0.34],[-79.239,0.343],[-79.233,0.339],[-79.23,0.341],[-79.22,0.341],[-79.212,0.346],[-79.201,0.344],[-79.2,0.342],[-79.195,0.342],[-79.193,0.34],[-79.188,0.341],[-79.186,0.345],[-79.183,0.345],[-79.182,0.347],[-79.179,0.346],[-79.176,0.348],[-79.174,0.344],[-79.167,0.348],[-79.16,0.348],[-79.145,0.342],[-79.14,0.343],[-79.137,0.341],[-79.137,0.343],[-79.132,0.34],[-79.129,0.341],[-79.127,0.338],[-79.122,0.336],[-79.11,0.336],[-79.103,0.333],[-79.092,0.336],[-79.085,0.332],[-79.083,0.334],[-79.076,0.332],[-79.071,0.333],[-79.063,0.326],[-79.059,0.318],[-79.052,0.311],[-79.04,0.305],[-79.036,0.307],[-79.027,0.307],[-79.018,0.311],[-78.973,0.352],[-78.958,0.363],[-78.949,0.365],[-78.916,0.364],[-78.905,0.368],[-78.88,0.37],[-78.875,0.373],[-78.861,0.371],[-78.849,0.376],[-78.834,0.379],[-78.828,0.381],[-78.812,0.407],[-78.802,0.41],[-78.783,0.405],[-78.772,0.413],[-78.747,0.401],[-78.719,0.403],[-78.703,0.394],[-78.7,0.384],[-78.687,0.375],[-78.674,0.372],[-78.662,0.378],[-78.656,0.378],[-78.649,0.383],[-78.64,0.397],[-78.616,0.412],[-78.613,0.42],[-78.615,0.428],[-78.607,0.435],[-78.607,0.446],[-78.599,0.456],[-78.59,0.464],[-78.579,0.467],[-78.571,0.475],[-78.566,0.476],[-78.563,0.479],[-78.559,0.487],[-78.56,0.492],[-78.556,0.503],[-78.555,0.512],[-78.549,0.519],[-78.544,0.52],[-78.536,0.527],[-78.524,0.528],[-78.513,0.532],[-78.494,0.547],[-78.467,0.535],[-78.466,0.538],[-78.455,0.538],[-78.437,0.566],[-78.43,0.573],[-78.427,0.585],[-78.43,0.605],[-78.439,0.615],[-78.462,0.631],[-78.462,0.642],[-78.465,0.648],[-78.472,0.655],[-78.48,0.679],[-78.484,0.709],[-78.49,0.714],[-78.502,0.711],[-78.508,0.716],[-78.514,0.745],[-78.521,0.759],[-78.532,0.763],[-78.534,0.769],[-78.534,0.771],[-78.531,0.772],[-78.517,0.772],[-78.512,0.776],[-78.508,0.776],[-78.499,0.769],[-78.496,0.77],[-78.494,0.767],[-78.477,0.773],[-78.467,0.774],[-78.466,0.778],[-78.462,0.778],[-78.459,0.784],[-78.45,0.79],[-78.449,0.794],[-78.451,0.796],[-78.445,0.801],[-78.444,0.804],[-78.442,0.804],[-78.443,0.812],[-78.441,0.815],[-78.442,0.818],[-78.45,0.824],[-78.445,0.827],[-78.448,0.836],[-78.454,0.841],[-78.451,0.849],[-78.453,0.858],[-78.451,0.863],[-78.454,0.874],[-78.453,0.877],[-78.451,0.874],[-78.449,0.876],[-78.441,0.875],[-78.442,0.872],[-78.437,0.874],[-78.435,0.873],[-78.437,0.871],[-78.431,0.868],[-78.432,0.865],[-78.428,0.864],[-78.427,0.86],[-78.422,0.856],[-78.423,0.854],[-78.417,0.852],[-78.419,0.85],[-78.417,0.847],[-78.416,0.849],[-78.409,0.845],[-78.408,0.842],[-78.389,0.829],[-78.386,0.825],[-78.382,0.83],[-78.374,0.826],[-78.371,0.828],[-78.364,0.826],[-78.363,0.823],[-78.361,0.824],[-78.362,0.821],[-78.36,0.818],[-78.355,0.819],[-78.353,0.816],[-78.345,0.818],[-78.343,0.822],[-78.339,0.824],[-78.337,0.821],[-78.335,0.823],[-78.331,0.822],[-78.317,0.812],[-78.318,0.81],[-78.314,0.805],[-78.311,0.805],[-78.309,0.799],[-78.304,0.797],[-78.301,0.792],[-78.297,0.795],[-78.288,0.793],[-78.279,0.784],[-78.275,0.783],[-78.274,0.786],[-78.271,0.785],[-78.266,0.779],[-78.265,0.773],[-78.268,0.768],[-78.26,0.762],[-78.257,0.762],[-78.247,0.748],[-78.239,0.744],[-78.235,0.746],[-78.226,0.736],[-78.226,0.734],[-78.218,0.731],[-78.216,0.726],[-78.211,0.723],[-78.21,0.72],[-78.204,0.718],[-78.205,0.705],[-78.201,0.702],[-78.201,0.695],[-78.2,0.691],[-78.198,0.691],[-78.198,0.686],[-78.191,0.682],[-78.187,0.67],[-78.182,0.665],[-78.173,0.664],[-78.168,0.659],[-78.167,0.654],[-78.161,0.645],[-78.161,0.641],[-78.152,0.626],[-78.145,0.627],[-78.141,0.625],[-78.134,0.615],[-78.133,0.61],[-78.139,0.605],[-78.14,0.601],[-78.137,0.595],[-78.142,0.591],[-78.139,0.581],[-78.129,0.577],[-78.125,0.571],[-78.126,0.56],[-78.131,0.549],[-78.13,0.542],[-78.127,0.542],[-78.129,0.53],[-78.128,0.527],[-78.123,0.526],[-78.121,0.522],[-78.118,0.521],[-78.116,0.523],[-78.112,0.521],[-78.113,0.517],[-78.111,0.511],[-78.105,0.503],[-78.105,0.496],[-78.101,0.495],[-78.1,0.49],[-78.097,0.491],[-78.097,0.486],[-78.095,0.483],[-78.088,0.479],[-78.077,0.478],[-78.071,0.474],[-78.053,0.475],[-78.047,0.472],[-78.031,0.474],[-78.029,0.472],[-78.027,0.473],[-78.026,0.471],[-78.017,0.472],[-78.014,0.474],[-78.008,0.472],[-78.006,0.469],[-78.001,0.467],[-77.994,0.451],[-77.988,0.445],[-77.973,0.442],[-77.968,0.436],[-77.963,0.435],[-77.961,0.432],[-77.952,0.434],[-77.946,0.431],[-77.931,0.417],[-77.93,0.408],[-77.925,0.406],[-77.923,0.401],[-77.907,0.399],[-77.897,0.39],[-77.88,0.386],[-77.873,0.38],[-77.866,0.382],[-77.863,0.38],[-77.863,0.376],[-77.859,0.371],[-77.849,0.362],[-77.837,0.357],[-77.826,0.361],[-77.823,0.36],[-77.817,0.364],[-77.814,0.362],[-77.813,0.357],[-77.81,0.354],[-77.819,0.345],[-77.819,0.34],[-77.827,0.329],[-77.825,0.326],[-77.826,0.322],[-77.837,0.314],[-77.84,0.307],[-77.851,0.303],[-77.851,0.299],[-77.845,0.295],[-77.847,0.29],[-77.846,0.275],[-77.843,0.276],[-77.829,0.273],[-77.83,0.27],[-77.847,0.26],[-77.851,0.242],[-77.867,0.232],[-77.873,0.215],[-77.871,0.209],[-77.874,0.206],[-77.886,0.201],[-77.905,0.206],[-77.912,0.205],[-77.925,0.195],[-77.928,0.178],[-77.934,0.178],[-77.938,0.181],[-77.941,0.18],[-77.946,0.17],[-77.956,0.157],[-77.959,0.159],[-77.965,0.158],[-77.967,0.169],[-77.975,0.169],[-77.985,0.173],[-78.001,0.172],[-78.014,0.181],[-78.03,0.188],[-78.035,0.175],[-78.049,0.182],[-78.056,0.183],[-78.069,0.177],[-78.078,0.18],[-78.082,0.179],[-78.085,0.181],[-78.086,0.179],[-78.091,0.182],[-78.092,0.187],[-78.097,0.171],[-78.101,0.169],[-78.108,0.159],[-78.112,0.157],[-78.118,0.155],[-78.141,0.158],[-78.148,0.157],[-78.146,0.151],[-78.155,0.141],[-78.164,0.142],[-78.169,0.138],[-78.176,0.137],[-78.178,0.135],[-78.186,0.136],[-78.187,0.14],[-78.195,0.14],[-78.197,0.138],[-78.197,0.132],[-78.201,0.128],[-78.206,0.129],[-78.215,0.127],[-78.224,0.13],[-78.233,0.123],[-78.245,0.123],[-78.248,0.125],[-78.248,0.127],[-78.253,0.129],[-78.258,0.136],[-78.281,0.139],[-78.293,0.134],[-78.286,0.147],[-78.287,0.15],[-78.296,0.155],[-78.299,0.161],[-78.297,0.161],[-78.297,0.164],[-78.302,0.166],[-78.303,0.171],[-78.301,0.174],[-78.308,0.179],[-78.311,0.185],[-78.323,0.19],[-78.332,0.191],[-78.332,0.202],[-78.338,0.203],[-78.355,0.174],[-78.362,0.167],[-78.368,0.165],[-78.368,0.163],[-78.375,0.161],[-78.376,0.168],[-78.367,0.176],[-78.364,0.187],[-78.359,0.195],[-78.357,0.203],[-78.364,0.209],[-78.357,0.218],[-78.373,0.224],[-78.379,0.232],[-78.379,0.239],[-78.382,0.25],[-78.384,0.251],[-78.385,0.248],[-78.39,0.245],[-78.395,0.246],[-78.398,0.25],[-78.398,0.243],[-78.401,0.242],[-78.405,0.247],[-78.416,0.252],[-78.42,0.252],[-78.431,0.243],[-78.449,0.237],[-78.456,0.24],[-78.458,0.246],[-78.463,0.249],[-78.465,0.256],[-78.467,0.256],[-78.473,0.248],[-78.476,0.247],[-78.482,0.252],[-78.488,0.254],[-78.494,0.251],[-78.497,0.244],[-78.504,0.239],[-78.51,0.226],[-78.528,0.229],[-78.531,0.232],[-78.539,0.234],[-78.541,0.238],[-78.545,0.231],[-78.552,0.228],[-78.553,0.225],[-78.559,0.223],[-78.563,0.224],[-78.567,0.222],[-78.576,0.225],[-78.584,0.225],[-78.601,0.222],[-78.605,0.22],[-78.603,0.218],[-78.605,0.217],[-78.612,0.22],[-78.622,0.216],[-78.625,0.218],[-78.631,0.21],[-78.636,0.207],[-78.648,0.21],[-78.65,0.215],[-78.655,0.214],[-78.657,0.216],[-78.661,0.216],[-78.662,0.214],[-78.666,0.215],[-78.669,0.212],[-78.678,0.212],[-78.682,0.216],[-78.682,0.224],[-78.685,0.222],[-78.689,0.223],[-78.698,0.221],[-78.699,0.217],[-78.705,0.218],[-78.709,0.216],[-78.711,0.219],[-78.734,0.226],[-78.744,0.235],[-78.751,0.235],[-78.755,0.24],[-78.766,0.238],[-78.768,0.242],[-78.773,0.241],[-78.777,0.243],[-78.812,0.23],[-78.823,0.233],[-78.826,0.238],[-78.832,0.239],[-78.833,0.242],[-78.841,0.239],[-78.846,0.24],[-78.849,0.238],[-78.856,0.238],[-78.865,0.232],[-78.87,0.234],[-78.877,0.229],[-78.88,0.223],[-78.91,0.214],[-78.914,0.216],[-78.919,0.215],[-78.923,0.222],[-78.933,0.216],[-78.94,0.207],[-78.948,0.204],[-78.951,0.208],[-78.954,0.207],[-78.955,0.211],[-78.958,0.211],[-78.959,0.215],[-78.964,0.215],[-78.965,0.222],[-78.967,0.224],[-78.971,0.222],[-78.98,0.211],[-78.983,0.217],[-78.99,0.212],[-78.993,0.217],[-78.998,0.219],[-79.002,0.224],[-79.009,0.226],[-79.016,0.24],[-79.014,0.241],[-79.017,0.247],[-79.015,0.259],[-79.016,0.265],[-79.014,0.27],[-79.018,0.272],[-79.017,0.276],[-79.022,0.28],[-79.028,0.28],[-79.031,0.283],[-79.029,0.289],[-79.03,0.292],[-79.041,0.295],[-79.049,0.291],[-79.052,0.294],[-79.055,0.294],[-79.059,0.307],[-79.062,0.306],[-79.068,0.308],[-79.069,0.31],[-79.083,0.3],[-79.095,0.301],[-79.102,0.306],[-79.105,0.305],[-79.112,0.307],[-79.108,0.302],[-79.109,0.299],[-79.113,0.299],[-79.117,0.304],[-79.118,0.31],[-79.127,0.315],[-79.129,0.319],[-79.133,0.321],[-79.141,0.322],[-79.15,0.316],[-79.152,0.322],[-79.161,0.317],[-79.163,0.318],[-79.179,0.312],[-79.19,0.318],[-79.205,0.322],[-79.214,0.319],[-79.217,0.325],[-79.225,0.322],[-79.23,0.327],[-79.234,0.327],[-79.243,0.32],[-79.249,0.323],[-79.254,0.32],[-79.266,0.318],[-79.271,0.319],[-79.273,0.323],[-79.269,0.329],[-79.271,0.331],[-79.276,0.331]]]}},{"type":"Feature","properties":{"provincia":"Loja"},"geometry":{"type":"Polygon","coordinates":[[[-80.48,-4.08],[-80.474,-4.08],[-80.472,-4.073],[-80.475,-4.07],[-80.476,-4.065],[-80.474,-4.059],[-80.482,-4.056],[-80.48,-4.053],[-80.47,-4.048],[-80.469,-4.038],[-80.467,-4.035],[-80.46,-4.037],[-80.451,-4.03],[-80.452,-4.022],[-80.456,-4.02],[-80.456,-4.017],[-80.447,-4.017],[-80.445,-4.015],[-80.448,-4.01],[-80.441,-4.006],[-80.445,-4.003],[-80.447,-3.998],[-80.443,-3.995],[-80.43,-3.99],[-80.427,-3.992],[-80.426,-3.997],[-80.423,-3.996],[-80.422,-3.992],[-80.419,-3.99],[-80.412,-3.991],[-80.398,-3.981],[-80.395,-3.986],[-80.388,-3.99],[-80.382,-3.988],[-80.375,-3.99],[-80.373,-3.986],[-80.366,-3.982],[-80.358,-3.987],[-80.354,-3.995],[-80.343,-3.996],[-80.341,-3.993],[-80.338,-3.993],[-80.328,-4.002],[-80.328,-4.006],[-80.324,-4.011],[-80.308,-4.013],[-80.305,-4.016],[-80.303,-4.015],[-80.299,-4.017],[-80.29,-4.011],[-80.285,-4.013],[-80.281,-4.009],[-80.273,-4.008],[-80.264,-4.001],[-80.257,-3.99],[-80.254,-3.979],[-80.248,-3.974],[-80.248,-3.97],[-80.241,-3.968],[-80.241,-3.966],[-80.237,-3.963],[-80.237,-3.961],[-80.24,-3.961],[-80.241,-3.958],[-80.24,-3.955],[-80.236,-3.953],[-80.236,-3.949],[-80.233,-3.948],[-80.229,-3.955],[-80.225,-3.952],[-80.22,-3.952],[-80.218,-3.953],[-80.219,-3.957],[-80.212,-3.951],[-80.208,-3.951],[-80.198,-3.946],[-80.185,-3.932],[-80.187,-3.929],[-80.18,-3.925],[-80.174,-3.926],[-80.164,-3.922],[-80.158,-3.913],[-80.14,-3.913],[-80.138,-3.907],[-80.133,-3.904],[-80.133,-3.9],[-80.127,-3.894],[-80.129,-3.889],[-80.122,-3.885],[-80.111,-3.885],[-80.11,-3.889],[-80.107,-3.89],[-80.107,-3.885],[-80.104,-3.884],[-80.102,-3.887],[-80.094,-3.884],[-80.079,-3.884],[-80.071,-3.879],[-80.063,-3.882],[-80.061,-3.88],[-80.056,-3.881],[-80.049,-3.875],[-80.039,-3.872],[-80.035,-3.874],[-80.027,-3.872],[-80.02,-3.867],[-80.013,-3.868],[-80.009,-3.865],[-80.007,-3.859],[-79.998,-3.856],[-79.993,-3.848],[-79.986,-3.843],[-79.978,-3.842],[-79.976,-3.839],[-79.97,-3.839],[-79.968,-3.838],[-79.967,-3.833],[-79.961,-3.833],[-79.955,-3.829],[-79.936,-3.833],[-79.932,-3.83],[-79.931,-3.826],[-79.925,-3.826],[-79.924,-3.828],[-79.92,-3.826],[-79.917,-3.828],[-79.914,-3.827],[-79.915,-3.824],[-79.911,-3.824],[-79.912,-3.827],[-79.907,-3.829],[-79.904,-3.827],[-79.903,-3.829],[-79.894,-3.827],[-79.893,-3.83],[-79.891,-3.826],[-79.887,-3.826],[-79.885,-3.824],[-79.876,-3.826],[-79.872,-3.821],[-79.866,-3.823],[-79.862,-3.821],[-79.86,-3.824],[-79.853,-3.825],[-79.832,-3.834],[-79.83,-3.838],[-79.822,-3.841],[-79.818,-3.841],[-79.808,-3.836],[-79.802,-3.841],[-79.8,-3.846],[-79.787,-3.845],[-79.777,-3.838],[-79.765,-3.839],[-79.761,-3.838],[-79.76,-3.835],[-79.751,-3.835],[-79.746,-3.832],[-79.742,-3.832],[-79.738,-3.835],[-79.734,-3.835],[-79.727,-3.831],[-79.725,-3.833],[-79.714,-3.829],[-79.705,-3.822],[-79.705,-3.819],[-79.702,-3.814],[-79.699,-3.813],[-79.693,-3.802],[-79.69,-3.802],[-79.685,-3.797],[-79.687,-3.795],[-79.685,-3.793],[-79.686,-3.788],[-79.681,-3.779],[-79.673,-3.778],[-79.671,-3.773],[-79.662,-3.77],[-79.657,-3.774],[-79.647,-3.771],[-79.645,-3.767],[-79.633,-3.763],[-79.63,-3.757],[-79.627,-3.758],[-79.625,-3.754],[-79.619,-3.75],[-79.612,-3.752],[-79.61,-3.751],[-79.605,-3.754],[-79.606,-3.758],[-79.602,-3.762],[-79.601,-3.768],[-79.597,-3.77],[-79.597,-3.774],[-79.584,-3.791],[-79.576,-3.794],[-79.576,-3.797],[-79.573,-3.796],[-79.568,-3.8],[-79.559,-3.803],[-79.555,-3.801],[-79.551,-3.802],[-79.549,-3.798],[-79.546,-3.799],[-79.537,-3.797],[-79.533,-3.793],[-79.521,-3.791],[-79.517,-3.788],[-79.511,-3.79],[-79.509,-3.794],[-79.501,-3.79],[-79.499,-3.791],[-79.494,-3.796],[-79.492,-3.801],[-79.488,-3.803],[-79.471,-3.803],[-79.464,-3.808],[-79.457,-3.81],[-79.456,-3.812],[-79.449,-3.813],[-79.446,-3.811],[-79.444,-3.813],[-79.43,-3.801],[-79.428,-3.795],[-79.424,-3.792],[-79.417,-3.789],[-79.41,-3.791],[-79.405,-3.783],[-79.403,-3.76],[-79.404,-3.751],[-79.415,-3.724],[-79.41,-3.719],[-79.382,-3.702],[-79.373,-3.686],[-79.372,-3.677],[-79.365,-3.659],[-79.368,-3.648],[-79.37,-3.647],[-79.37,-3.641],[-79.38,-3.629],[-79.389,-3.622],[-79.391,-3.613],[-79.414,-3.609],[-79.422,-3.591],[-79.423,-3.582],[-79.428,-3.58],[-79.431,-3.581],[-79.434,-3.586],[-79.446,-3.597],[-79.447,-3.605],[-79.471,-3.621],[-79.478,-3.628],[-79.479,-3.634],[-79.485,-3.638],[-79.489,-3.637],[-79.489,-3.629],[-79.494,-3.621],[-79.497,-3.61],[-79.497,-3.605],[-79.49,-3.593],[-79.483,-3.589],[-79.48,-3.581],[-79.48,-3.573],[-79.477,-3.57],[-79.482,-3.563],[-79.481,-3.547],[-79.483,-3.542],[-79.475,-3.53],[-79.475,-3.525],[-79.482,-3.516],[-79.48,-3.512],[-79.469,-3.503],[-79.458,-3.497],[-79.457,-3.492],[-79.447,-3.48],[-79.445,-3.472],[-79.433,-3.464],[-79.427,-3.455],[-79.427,-3.445],[-79.429,-3.442],[-79.442,-3.439],[-79.449,-3.42],[-79.448,-3.409],[-79.459,-3.395],[-79.461,-3.389],[-79.463,-3.38],[-79.462,-3.367],[-79.465,-3.362],[-79.469,-3.361],[-79.467,-3.356],[-79.464,-3.355],[-79.461,-3.346],[-79.463,-3.336],[-79.463,-3.332],[-79.461,-3.33],[-79.451,-3.331],[-79.448,-3.335],[-79.435,-3.338],[-79.433,-3.342],[-79.429,-3.344],[-79.422,-3.342],[-79.418,-3.342],[-79.416,-3.344],[-79.407,-3.343],[-79.404,-3.345],[-79.392,-3.347],[-79.388,-3.346],[-79.376,-3.35],[-79.372,-3.345],[-79.353,-3.343],[-79.35,-3.339],[-79.343,-3.343],[-79.333,-3.34],[-79.327,-3.35],[-79.322,-3.35],[-79.315,-3.354],[-79.312,-3.352],[-79.312,-3.355],[-79.305,-3.357],[-79.3,-3.367],[-79.302,-3.369],[-79.301,-3.377],[-79.304,-3.383],[-79.305,-3.391],[-79.308,-3.395],[-79.308,-3.4],[-79.304,-3.405],[-79.299,-3.407],[-79.302,-3.413],[-79.301,-3.418],[-79.303,-3.418],[-79.304,-3.429],[-79.302,-3.43],[-79.302,-3.436],[-79.296,-3.443],[-79.298,-3.445],[-79.295,-3.449],[-79.296,-3.451],[-79.292,-3.453],[-79.29,-3.461],[-79.288,-3.462],[-79.289,-3.467],[-79.285,-3.467],[-79.279,-3.473],[-79.279,-3.476],[-79.274,-3.477],[-79.273,-3.474],[-79.271,-3.477],[-79.268,-3.476],[-79.266,-3.478],[-79.257,-3.476],[-79.254,-3.472],[-79.247,-3.468],[-79.243,-3.469],[-79.232,-3.462],[-79.228,-3.465],[-79.221,-3.46],[-79.218,-3.454],[-79.212,-3.454],[-79.209,-3.449],[-79.195,-3.446],[-79.189,-3.439],[-79.184,-3.439],[-79.181,-3.441],[-79.18,-3.457],[-79.177,-3.461],[-79.176,-3.467],[-79.17,-3.469],[-79.168,-3.468],[-79.167,-3.471],[-79.163,-3.47],[-79.159,-3.476],[-79.16,-3.48],[-79.156,-3.489],[-79.159,-3.504],[-79.155,-3.506],[-79.153,-3.512],[-79.142,-3.525],[-79.136,-3.528],[-79.138,-3.531],[-79.133,-3.541],[-79.136,-3.543],[-79.135,-3.551],[-79.14,-3.557],[-79.14,-3.568],[-79.137,-3.578],[-79.133,-3.581],[-79.135,-3.584],[-79.133,-3.598],[-79.129,-3.601],[-79.119,-3.601],[-79.115,-3.611],[-79.109,-3.612],[-79.106,-3.616],[-79.107,-3.62],[-79.105,-3.626],[-79.102,-3.628],[-79.108,-3.631],[-79.111,-3.636],[-79.106,-3.647],[-79.117,-3.65],[-79.127,-3.657],[-79.131,-3.657],[-79.133,-3.661],[-79.141,-3.665],[-79.144,-3.664],[-79.146,-3.66],[-79.158,-3.663],[-79.157,-3.671],[-79.159,-3.677],[-79.154,-3.688],[-79.154,-3.697],[-79.157,-3.699],[-79.156,-3.703],[-79.161,-3.709],[-79.162,-3.714],[-79.164,-3.717],[-79.176,-3.711],[-79.183,-3.714],[-79.187,-3.719],[-79.196,-3.724],[-79.196,-3.731],[-79.193,-3.733],[-79.195,-3.742],[-79.19,-3.749],[-79.191,-3.754],[-79.179,-3.766],[-79.175,-3.792],[-79.177,-3.793],[-79.175,-3.797],[-79.167,-3.804],[-79.161,-3.805],[-79.161,-3.813],[-79.157,-3.819],[-79.144,-3.822],[-79.14,-3.84],[-79.141,-3.848],[-79.146,-3.856],[-79.133,-3.87],[-79.131,-3.876],[-79.132,-3.885],[-79.129,-3.889],[-79.134,-3.896],[-79.143,-3.902],[-79.144,-3.905],[-79.144,-3.915],[-79.148,-3.925],[-79.148,-3.932],[-79.142,-3.937],[-79.143,-3.942],[-79.14,-3.95],[-79.147,-3.956],[-79.148,-3.961],[-79.151,-3.964],[-79.143,-3.974],[-79.144,-3.987],[-79.148,-3.995],[-79.144,-4.01],[-79.146,-4.018],[-79.137,-4.036],[-79.142,-4.048],[-79.142,-4.059],[-79.155,-4.069],[-79.157,-4.088],[-79.161,-4.094],[-79.163,-4.112],[-79.159,-4.126],[-79.159,-4.154],[-79.151,-4.161],[-79.143,-4.164],[-79.134,-4.162],[-79.126,-4.169],[-79.123,-4.177],[-79.11,-4.183],[-79.106,-4.191],[-79.106,-4.206],[-79.101,-4.209],[-79.109,-4.224],[-79.105,-4.245],[-79.107,-4.25],[-79.105,-4.253],[-79.106,-4.259],[-79.108,-4.265],[-79.114,-4.267],[-79.115,-4.27],[-79.112,-4.278],[-79.109,-4.28],[-79.105,-4.288],[-79.121,-4.308],[-79.121,-4.312],[-79.113,-4.321],[-79.113,-4.328],[-79.109,-4.334],[-79.115,-4.342],[-79.112,-4.346],[-79.111,-4.356],[-79.108,-4.359],[-79.107,-4.365],[-79.11,-4.367],[-79.111,-4.376],[-79.109,-4.38],[-79.115,-4.392],[-79.111,-4.405],[-79.116,-4.412],[-79.12,-4.425],[-79.144,-4.435],[-79.148,-4.448],[-79.15,-4.45],[-79.159,-4.451],[-79.164,-4.466],[-79.168,-4.471],[-79.182,-4.479],[-79.191,-4.475],[-79.198,-4.481],[-79.201,-4.485],[-79.2,-4.491],[-79.205,-4.504],[-79.21,-4.511],[-79.213,-4.511],[-79.22,-4.505],[-79.222,-4.495],[-79.224,-4.494],[-79.251,-4.483],[-79.257,-4.484],[-79.26,-4.488],[-79.266,-4.488],[-79.273,-4.474],[-79.282,-4.474],[-79.291,-4.479],[-79.294,-4.482],[-79.298,-4.493],[-79.304,-4.495],[-79.305,-4.5],[-79.311,-4.505],[-79.321,-4.508],[-79.324,-4.506],[-79.327,-4.51],[-79.327,-4.528],[-79.336,-4.545],[-79.335,-4.556],[-79.333,-4.559],[-79.334,-4.563],[-79.329,-4.568],[-79.328,-4.577],[-79.331,-4.588],[-79.331,-4.599],[-79.342,-4.617],[-79.352,-4.624],[-79.354,-4.637],[-79.36,-4.65],[-79.371,-4.655],[-79.376,-4.654],[-79.38,-4.658],[-79.385,-4.669],[-79.39,-4.671],[-79.39,-4.674],[-79.395,-4.68],[-79.396,-4.69],[-79.394,-4.695],[-79.397,-4.7],[-79.401,-4.718],[-79.404,-4.72],[-79.414,-4.719],[-79.419,-4.728],[-79.424,-4.747],[-79.428,-4.749],[-79.43,-4.74],[-79.436,-4.733],[-79.436,-4.73],[-79.447,-4.72],[-79.458,-4.702],[-79.457,-4.693],[-79.459,-4.687],[-79.458,-4.682],[-79.461,-4.676],[-79.46,-4.667],[-79.463,-4.664],[-79.463,-4.66],[-79.465,-4.66],[-79.463,-4.654],[-79.471,-4.639],[-79.486,-4.629],[-79.489,-4.625],[-79.487,-4.623],[-79.487,-4.619],[-79.488,-4.611],[-79.49,-4.61],[-79.489,-4.597],[-79.491,-4.587],[-79.493,-4.586],[-79.493,-4.578],[-79.48,-4.573],[-79.48,-4.571],[-79.477,-4.569],[-79.484,-4.551],[-79.483,-4.547],[-79.488,-4.53],[-79.49,-4.527],[-79.496,-4.525],[-79.498,-4.52],[-79.508,-4.517],[-79.511,-4.518],[-79.514,-4.516],[-79.52,-4.523],[-79.521,-4.527],[-79.524,-4.525],[-79.527,-4.529],[-79.529,-4.529],[-79.529,-4.526],[-79.533,-4.525],[-79.544,-4.525],[-79.545,-4.519],[-79.549,-4.517],[-79.55,-4.514],[-79.558,-4.512],[-79.561,-4.514],[-79.564,-4.513],[-79.564,-4.509],[-79.568,-4.509],[-79.571,-4.502],[-79.576,-4.504],[-79.581,-4.498],[-79.58,-4.495],[-79.582,-4.491],[-79.58,-4.487],[-79.582,-4.483],[-79.588,-4.48],[-79.593,-4.474],[-79.591,-4.471],[-79.592,-4.469],[-79.598,-4.467],[-79.597,-4.461],[-79.601,-4.46],[-79.601,-4.456],[-79.609,-4.457],[-79.611,-4.451],[-79.616,-4.451],[-79.617,-4.446],[-79.629,-4.439],[-79.641,-4.438],[-79.644,-4.433],[-79.648,-4.435],[-79.655,-4.434],[-79.662,-4.441],[-79.669,-4.443],[-79.675,-4.449],[-79.677,-4.448],[-79.68,-4.45],[-79.682,-4.448],[-79.689,-4.454],[-79.69,-4.46],[-79.705,-4.468],[-79.706,-4.472],[-79.715,-4.472],[-79.719,-4.468],[-79.722,-4.471],[-79.726,-4.47],[-79.739,-4.479],[-79.745,-4.48],[-79.745,-4.483],[-79.75,-4.484],[-79.754,-4.482],[-79.759,-4.486],[-79.774,-4.488],[-79.792,-4.494],[-79.796,-4.493],[-79.799,-4.489],[-79.814,-4.492],[-79.817,-4.486],[-79.828,-4.478],[-79.833,-4.471],[-79.837,-4.468],[-79.838,-4.469],[-79.846,-4.457],[-79.852,-4.453],[-79.855,-4.448],[-79.854,-4.434],[-79.863,-4.425],[-79.864,-4.419],[-79.869,-4.414],[-79.879,-4.412],[-79.887,-4.405],[-79.911,-4.393],[-79.919,-4.386],[-79.923,-4.388],[-79.925,-4.393],[-79.952,-4.398],[-79.953,-4.394],[-79.955,-4.393],[-79.964,-4.393],[-79.972,-4.388],[-79.979,-4.379],[-79.982,-4.381],[-79.992,-4.381],[-79.996,-4.376],[-80.009,-4.369],[-80.011,-4.362],[-80.013,-4.362],[-80.015,-4.357],[-80.026,-4.353],[-80.029,-4.349],[-80.034,-4.35],[-80.036,-4.345],[-80.039,-4.343],[-80.039,-4.338],[-80.048,-4.331],[-80.052,-4.331],[-80.056,-4.32],[-80.059,-4.319],[-80.061,-4.311],[-80.064,-4.309],[-80.072,-4.31],[-80.074,-4.307],[-80.084,-4.302],[-80.095,-4.299],[-80.097,-4.295],[-80.1,-4.295],[-80.104,-4.291],[-80.109,-4.294],[-80.107,-4.297],[-80.109,-4.299],[-80.118,-4.295],[-80.129,-4.295],[-80.136,-4.297],[-80.139,-4.293],[-80.135,-4.291],[-80.135,-4.285],[-80.14,-4.287],[-80.144,-4.286],[-80.151,-4.298],[-80.154,-4.3],[-80.154,-4.303],[-80.158,-4.304],[-80.166,-4.302],[-80.167,-4.295],[-80.165,-4.291],[-80.172,-4.29],[-80.178,-4.295],[-80.182,-4.313],[-80.186,-4.318],[-80.187,-4.33],[-80.185,-4.334],[-80.188,-4.336],[-80.204,-4.336],[-80.207,-4.341],[-80.201,-4.342],[-80.197,-4.345],[-80.195,-4.35],[-80.205,-4.35],[-80.211,-4.352],[-80.21,-4.357],[-80.214,-4.359],[-80.216,-4.354],[-80.219,-4.353],[-80.22,-4.359],[-80.218,-4.366],[-80.223,-4.368],[-80.224,-4.371],[-80.221,-4.372],[-80.22,-4.375],[-80.226,-4.379],[-80.229,-4.373],[-80.232,-4.373],[-80.233,-4.381],[-80.237,-4.388],[-80.249,-4.391],[-80.249,-4.401],[-80.254,-4.403],[-80.258,-4.402],[-80.263,-4.411],[-80.266,-4.412],[-80.272,-4.406],[-80.276,-4.405],[-80.283,-4.407],[-80.287,-4.411],[-80.286,-4.416],[-80.289,-4.419],[-80.294,-4.42],[-80.297,-4.425],[-80.294,-4.431],[-80.29,-4.433],[-80.29,-4.436],[-80.297,-4.44],[-80.303,-4.441],[-80.306,-4.45],[-80.32,-4.452],[-80.327,-4.459],[-80.329,-4.465],[-80.337,-4.466],[-80.349,-4.472],[-80.356,-4.473],[-80.365,-4.481],[-80.375,-4.478],[-80.382,-4.478],[-80.388,-4.486],[-80.394,-4.484],[-80.397,-4.481],[-80.396,-4.476],[-80.402,-4.47],[-80.407,-4.469],[-80.407,-4.467],[-80.411,-4.464],[-80.414,-4.465],[-80.415,-4.461],[-80.42,-4.461],[-80.419,-4.467],[-80.421,-4.467],[-80.425,-4.463],[-80.424,-4.46],[-80.439,-4.457],[-80.445,-4.446],[-80.449,-4.448],[-80.446,-4.439],[-80.45,-4.437],[-80.449,-4.434],[-80.452,-4.432],[-80.45,-4.43],[-80.451,-4.421],[-80.449,-4.42],[-80.454,-4.409],[-80.448,-4.403],[-80.452,-4.399],[-80.451,-4.394],[-80.447,-4.396],[-80.446,-4.393],[-80.449,-4.393],[-80.454,-4.389],[-80.453,-4.383],[-80.445,-4.371],[-80.446,-4.368],[-80.443,-4.365],[-80.436,-4.363],[-80.433,-4.354],[-80.429,-4.351],[-80.431,-4.345],[-80.424,-4.333],[-80.424,-4.33],[-80.421,-4.329],[-80.412,-4.316],[-80.399,-4.305],[-80.397,-4.301],[-80.391,-4.298],[-80.391,-4.295],[-80.387,-4.295],[-80.386,-4.291],[-80.38,-4.291],[-80.368,-4.282],[-80.368,-4.27],[-80.353,-4.259],[-80.353,-4.252],[-80.339,-4.237],[-80.332,-4.225],[-80.315,-4.211],[-80.307,-4.2],[-80.309,-4.201],[-80.313,-4.198],[-80.329,-4.215],[-80.336,-4.213],[-80.339,-4.209],[-80.347,-4.212],[-80.348,-4.218],[-80.354,-4.221],[-80.356,-4.216],[-80.359,-4.215],[-80.366,-4.206],[-80.365,-4.2],[-80.368,-4.197],[-80.372,-4.198],[-80.383,-4.207],[-80.388,-4.203],[-80.41,-4.218],[-80.416,-4.213],[-80.42,-4.203],[-80.434,-4.196],[-80.445,-4.203],[-80.446,-4.207],[-80.45,-4.21],[-80.449,-4.125],[-80.447,-4.122],[-80.452,-4.125],[-80.456,-4.124],[-80.465,-4.129],[-80.467,-4.126],[-80.463,-4.12],[-80.464,-4.114],[-80.478,-4.102],[-80.478,-4.094],[-80.485,-4.088],[-80.48,-4.08]]]}},{"type":"Feature","properties":{"provincia":"Los Ríos"},"geometry":{"type":"Polygon","coordinates":[[[-79.607,-0.854],[-79.609,-0.85],[-79.609,-0.835],[-79.605,-0.833],[-79.605,-0.828],[-79.6,-0.826],[-79.6,-0.819],[-79.603,-0.815],[-79.602,-0.812],[-79.604,-0.809],[-79.605,-0.795],[-79.599,-0.788],[-79.601,-0.783],[-79.597,-0.782],[-79.598,-0.778],[-79.596,-0.77],[-79.601,-0.766],[-79.601,-0.763],[-79.597,-0.763],[-79.595,-0.757],[-79.597,-0.752],[-79.601,-0.751],[-79.6,-0.746],[-79.595,-0.738],[-79.591,-0.74],[-79.588,-0.738],[-79.591,-0.734],[-79.578,-0.724],[-79.577,-0.717],[-79.581,-0.713],[-79.58,-0.705],[-79.576,-0.7],[-79.573,-0.702],[-79.574,-0.71],[-79.565,-0.71],[-79.563,-0.721],[-79.559,-0.72],[-79.557,-0.717],[-79.554,-0.718],[-79.552,-0.723],[-79.548,-0.72],[-79.542,-0.72],[-79.541,-0.716],[-79.537,-0.716],[-79.535,-0.707],[-79.533,-0.706],[-79.536,-0.694],[-79.539,-0.693],[-79.537,-0.69],[-79.538,-0.688],[-79.542,-0.688],[-79.541,-0.683],[-79.536,-0.683],[-79.539,-0.673],[-79.542,-0.67],[-79.542,-0.663],[-79.536,-0.656],[-79.526,-0.653],[-79.524,-0.646],[-79.517,-0.645],[-79.515,-0.643],[-79.517,-0.639],[-79.513,-0.639],[-79.512,-0.635],[-79.508,-0.636],[-79.508,-0.631],[-79.506,-0.63],[-79.505,-0.625],[-79.509,-0.624],[-79.505,-0.622],[-79.507,-0.617],[-79.501,-0.608],[-79.499,-0.61],[-79.492,-0.607],[-79.486,-0.61],[-79.485,-0.609],[-79.485,-0.606],[-79.488,-0.606],[-79.488,-0.602],[-79.486,-0.603],[-79.484,-0.6],[-79.486,-0.599],[-79.486,-0.594],[-79.489,-0.591],[-79.486,-0.588],[-79.491,-0.586],[-79.493,-0.582],[-79.491,-0.575],[-79.497,-0.57],[-79.494,-0.565],[-79.495,-0.562],[-79.491,-0.557],[-79.493,-0.554],[-79.487,-0.544],[-79.484,-0.544],[-79.482,-0.548],[-79.479,-0.549],[-79.47,-0.547],[-79.464,-0.549],[-79.465,-0.56],[-79.464,-0.563],[-79.46,-0.564],[-79.454,-0.56],[-79.452,-0.55],[-79.445,-0.548],[-79.439,-0.543],[-79.428,-0.542],[-79.424,-0.538],[-79.418,-0.544],[-79.409,-0.541],[-79.398,-0.544],[-79.377,-0.543],[-79.37,-0.539],[-79.352,-0.541],[-79.347,-0.544],[-79.345,-0.546],[-79.345,-0.555],[-79.35,-0.555],[-79.355,-0.558],[-79.35,-0.571],[-79.353,-0.573],[-79.362,-0.573],[-79.367,-0.582],[-79.364,-0.587],[-79.357,-0.589],[-79.358,-0.598],[-79.353,-0.604],[-79.353,-0.612],[-79.348,-0.615],[-79.35,-0.618],[-79.347,-0.626],[-79.349,-0.63],[-79.348,-0.633],[-79.35,-0.635],[-79.353,-0.633],[-79.361,-0.64],[-79.36,-0.648],[-79.362,-0.655],[-79.364,-0.655],[-79.366,-0.651],[-79.37,-0.652],[-79.367,-0.661],[-79.361,-0.665],[-79.359,-0.67],[-79.361,-0.671],[-79.36,-0.678],[-79.35,-0.685],[-79.349,-0.69],[-79.337,-0.693],[-79.329,-0.692],[-79.323,-0.697],[-79.313,-0.696],[-79.309,-0.692],[-79.297,-0.699],[-79.29,-0.694],[-79.286,-0.696],[-79.284,-0.693],[-79.285,-0.687],[-79.275,-0.676],[-79.27,-0.674],[-79.263,-0.661],[-79.253,-0.657],[-79.249,-0.652],[-79.244,-0.651],[-79.242,-0.647],[-79.236,-0.645],[-79.235,-0.643],[-79.23,-0.644],[-79.224,-0.641],[-79.215,-0.64],[-79.214,-0.637],[-79.202,-0.629],[-79.2,-0.624],[-79.201,-0.621],[-79.196,-0.617],[-79.196,-0.608],[-79.16,-0.586],[-79.146,-0.566],[-79.147,-0.563],[-79.142,-0.559],[-79.137,-0.55],[-79.131,-0.546],[-79.12,-0.541],[-79.107,-0.544],[-79.106,-0.547],[-79.088,-0.555],[-79.085,-0.564],[-79.082,-0.565],[-79.087,-0.573],[-79.098,-0.604],[-79.102,-0.608],[-79.107,-0.619],[-79.119,-0.631],[-79.132,-0.657],[-79.133,-0.664],[-79.131,-0.671],[-79.134,-0.674],[-79.134,-0.679],[-79.138,-0.689],[-79.139,-0.712],[-79.15,-0.722],[-79.156,-0.742],[-79.161,-0.743],[-79.172,-0.75],[-79.176,-0.76],[-79.177,-0.759],[-79.18,-0.762],[-79.187,-0.764],[-79.183,-0.777],[-79.186,-0.798],[-79.195,-0.806],[-79.202,-0.807],[-79.206,-0.805],[-79.216,-0.81],[-79.219,-0.809],[-79.223,-0.817],[-79.224,-0.828],[-79.227,-0.83],[-79.224,-0.832],[-79.224,-0.835],[-79.229,-0.836],[-79.233,-0.833],[-79.236,-0.837],[-79.24,-0.857],[-79.241,-0.875],[-79.244,-0.878],[-79.249,-0.879],[-79.249,-0.881],[-79.263,-0.88],[-79.287,-0.892],[-79.287,-0.912],[-79.291,-0.913],[-79.292,-0.917],[-79.296,-0.917],[-79.297,-0.922],[-79.299,-0.923],[-79.299,-0.929],[-79.305,-0.928],[-79.306,-0.93],[-79.307,-0.949],[-79.31,-0.949],[-79.316,-0.959],[-79.309,-0.965],[-79.311,-0.974],[-79.309,-0.989],[-79.32,-0.997],[-79.308,-0.993],[-79.301,-0.993],[-79.299,-0.988],[-79.293,-0.987],[-79.292,-1.004],[-79.294,-1.01],[-79.306,-1.021],[-79.309,-1.033],[-79.313,-1.037],[-79.314,-1.046],[-79.308,-1.054],[-79.308,-1.062],[-79.314,-1.066],[-79.314,-1.071],[-79.318,-1.073],[-79.318,-1.077],[-79.321,-1.076],[-79.32,-1.087],[-79.323,-1.093],[-79.321,-1.097],[-79.327,-1.102],[-79.327,-1.109],[-79.331,-1.108],[-79.333,-1.11],[-79.331,-1.115],[-79.337,-1.119],[-79.335,-1.121],[-79.339,-1.124],[-79.336,-1.133],[-79.333,-1.132],[-79.323,-1.134],[-79.314,-1.147],[-79.312,-1.153],[-79.298,-1.159],[-79.296,-1.163],[-79.289,-1.17],[-79.287,-1.17],[-79.287,-1.207],[-79.3,-1.21],[-79.309,-1.209],[-79.311,-1.212],[-79.322,-1.217],[-79.325,-1.22],[-79.325,-1.223],[-79.332,-1.226],[-79.332,-1.228],[-79.339,-1.231],[-79.344,-1.231],[-79.347,-1.239],[-79.347,-1.249],[-79.35,-1.256],[-79.356,-1.26],[-79.355,-1.265],[-79.358,-1.273],[-79.362,-1.273],[-79.361,-1.277],[-79.365,-1.294],[-79.372,-1.298],[-79.371,-1.3],[-79.374,-1.302],[-79.376,-1.309],[-79.378,-1.307],[-79.385,-1.307],[-79.392,-1.316],[-79.39,-1.32],[-79.392,-1.322],[-79.391,-1.324],[-79.382,-1.327],[-79.379,-1.327],[-79.378,-1.324],[-79.374,-1.324],[-79.371,-1.329],[-79.37,-1.327],[-79.363,-1.325],[-79.361,-1.319],[-79.363,-1.315],[-79.36,-1.312],[-79.357,-1.303],[-79.355,-1.303],[-79.354,-1.3],[-79.351,-1.3],[-79.347,-1.295],[-79.337,-1.293],[-79.328,-1.3],[-79.327,-1.305],[-79.32,-1.313],[-79.323,-1.321],[-79.316,-1.324],[-79.31,-1.323],[-79.292,-1.332],[-79.28,-1.326],[-79.267,-1.33],[-79.268,-1.338],[-79.278,-1.355],[-79.281,-1.356],[-79.283,-1.369],[-79.28,-1.381],[-79.281,-1.386],[-79.287,-1.393],[-79.294,-1.396],[-79.31,-1.391],[-79.322,-1.395],[-79.314,-1.412],[-79.31,-1.427],[-79.307,-1.428],[-79.31,-1.432],[-79.316,-1.434],[-79.318,-1.436],[-79.317,-1.438],[-79.32,-1.439],[-79.321,-1.442],[-79.339,-1.45],[-79.345,-1.455],[-79.349,-1.456],[-79.356,-1.454],[-79.355,-1.451],[-79.359,-1.45],[-79.358,-1.448],[-79.36,-1.447],[-79.361,-1.455],[-79.357,-1.462],[-79.35,-1.467],[-79.349,-1.471],[-79.346,-1.471],[-79.342,-1.464],[-79.338,-1.461],[-79.33,-1.461],[-79.327,-1.463],[-79.327,-1.479],[-79.322,-1.487],[-79.315,-1.492],[-79.321,-1.511],[-79.317,-1.516],[-79.312,-1.516],[-79.309,-1.519],[-79.31,-1.527],[-79.302,-1.531],[-79.289,-1.527],[-79.284,-1.528],[-79.277,-1.532],[-79.273,-1.531],[-79.269,-1.533],[-79.263,-1.54],[-79.253,-1.54],[-79.247,-1.542],[-79.246,-1.549],[-79.249,-1.565],[-79.258,-1.573],[-79.271,-1.589],[-79.271,-1.603],[-79.277,-1.61],[-79.282,-1.609],[-79.299,-1.599],[-79.317,-1.621],[-79.318,-1.627],[-79.333,-1.628],[-79.341,-1.632],[-79.344,-1.63],[-79.35,-1.634],[-79.353,-1.633],[-79.355,-1.638],[-79.345,-1.646],[-79.322,-1.646],[-79.321,-1.66],[-79.289,-1.651],[-79.288,-1.661],[-79.291,-1.665],[-79.29,-1.669],[-79.287,-1.669],[-79.285,-1.666],[-79.278,-1.666],[-79.252,-1.678],[-79.251,-1.681],[-79.253,-1.691],[-79.269,-1.697],[-79.262,-1.712],[-79.253,-1.718],[-79.246,-1.726],[-79.242,-1.725],[-79.241,-1.729],[-79.235,-1.732],[-79.233,-1.737],[-79.228,-1.74],[-79.223,-1.737],[-79.216,-1.738],[-79.216,-1.74],[-79.209,-1.746],[-79.21,-1.749],[-79.23,-1.76],[-79.247,-1.772],[-79.246,-1.779],[-79.249,-1.787],[-79.246,-1.791],[-79.247,-1.794],[-79.245,-1.798],[-79.239,-1.804],[-79.247,-1.815],[-79.25,-1.814],[-79.252,-1.816],[-79.244,-1.826],[-79.238,-1.829],[-79.237,-1.828],[-79.236,-1.837],[-79.233,-1.838],[-79.231,-1.842],[-79.232,-1.845],[-79.23,-1.85],[-79.238,-1.852],[-79.241,-1.858],[-79.246,-1.858],[-79.242,-1.872],[-79.245,-1.883],[-79.242,-1.893],[-79.249,-1.911],[-79.25,-1.924],[-79.26,-1.939],[-79.257,-1.945],[-79.259,-1.947],[-79.262,-1.962],[-79.249,-1.985],[-79.246,-2.01],[-79.226,-2.026],[-79.224,-2.03],[-79.226,-2.039],[-79.229,-2.041],[-79.214,-2.059],[-79.213,-2.065],[-79.209,-2.069],[-79.21,-2.075],[-79.201,-2.077],[-79.214,-2.088],[-79.223,-2.085],[-79.223,-2.089],[-79.217,-2.098],[-79.204,-2.11],[-79.207,-2.123],[-79.204,-2.129],[-79.205,-2.133],[-79.223,-2.123],[-79.227,-2.119],[-79.235,-2.104],[-79.25,-2.102],[-79.253,-2.093],[-79.258,-2.09],[-79.261,-2.084],[-79.264,-2.082],[-79.271,-2.094],[-79.271,-2.104],[-79.283,-2.099],[-79.284,-2.097],[-79.289,-2.098],[-79.298,-2.094],[-79.305,-2.086],[-79.317,-2.082],[-79.319,-2.078],[-79.317,-2.076],[-79.317,-2.062],[-79.322,-2.055],[-79.321,-2.051],[-79.328,-2.048],[-79.327,-2.046],[-79.331,-2.041],[-79.333,-2.043],[-79.334,-2.037],[-79.339,-2.033],[-79.337,-2.027],[-79.339,-2.022],[-79.342,-2.021],[-79.345,-2.013],[-79.348,-2.013],[-79.355,-2.004],[-79.358,-1.998],[-79.359,-1.989],[-79.363,-1.988],[-79.368,-1.979],[-79.37,-1.979],[-79.368,-1.974],[-79.373,-1.969],[-79.383,-1.97],[-79.389,-1.966],[-79.401,-1.967],[-79.405,-1.959],[-79.409,-1.959],[-79.413,-1.955],[-79.409,-1.952],[-79.407,-1.944],[-79.418,-1.937],[-79.422,-1.94],[-79.434,-1.941],[-79.452,-1.93],[-79.456,-1.927],[-79.454,-1.925],[-79.454,-1.919],[-79.456,-1.916],[-79.46,-1.915],[-79.464,-1.918],[-79.465,-1.914],[-79.468,-1.914],[-79.471,-1.91],[-79.474,-1.911],[-79.475,-1.908],[-79.478,-1.909],[-79.485,-1.901],[-79.489,-1.884],[-79.498,-1.888],[-79.52,-1.882],[-79.522,-1.88],[-79.525,-1.885],[-79.533,-1.883],[-79.538,-1.885],[-79.542,-1.882],[-79.551,-1.886],[-79.556,-1.885],[-79.559,-1.895],[-79.563,-1.899],[-79.57,-1.898],[-79.577,-1.901],[-79.581,-1.905],[-79.588,-1.907],[-79.592,-1.905],[-79.597,-1.908],[-79.608,-1.903],[-79.61,-1.904],[-79.61,-1.907],[-79.613,-1.906],[-79.614,-1.91],[-79.623,-1.915],[-79.623,-1.919],[-79.628,-1.922],[-79.632,-1.921],[-79.636,-1.922],[-79.637,-1.924],[-79.639,-1.921],[-79.647,-1.925],[-79.648,-1.922],[-79.653,-1.921],[-79.656,-1.924],[-79.662,-1.919],[-79.66,-1.915],[-79.671,-1.909],[-79.67,-1.899],[-79.675,-1.895],[-79.674,-1.893],[-79.676,-1.886],[-79.684,-1.881],[-79.683,-1.877],[-79.686,-1.868],[-79.699,-1.869],[-79.708,-1.862],[-79.711,-1.853],[-79.716,-1.852],[-79.717,-1.85],[-79.728,-1.85],[-79.732,-1.844],[-79.732,-1.84],[-79.719,-1.828],[-79.721,-1.826],[-79.729,-1.825],[-79.731,-1.808],[-79.736,-1.807],[-79.739,-1.798],[-79.748,-1.789],[-79.749,-1.785],[-79.744,-1.747],[-79.748,-1.739],[-79.774,-1.722],[-79.785,-1.719],[-79.794,-1.719],[-79.8,-1.716],[-79.8,-1.713],[-79.814,-1.708],[-79.823,-1.709],[-79.827,-1.707],[-79.827,-1.701],[-79.832,-1.693],[-79.84,-1.686],[-79.838,-1.683],[-79.831,-1.682],[-79.827,-1.679],[-79.827,-1.675],[-79.822,-1.673],[-79.825,-1.666],[-79.835,-1.666],[-79.837,-1.655],[-79.844,-1.652],[-79.844,-1.648],[-79.848,-1.645],[-79.853,-1.644],[-79.859,-1.649],[-79.864,-1.644],[-79.857,-1.632],[-79.857,-1.627],[-79.862,-1.618],[-79.862,-1.61],[-79.866,-1.61],[-79.871,-1.602],[-79.866,-1.598],[-79.865,-1.594],[-79.867,-1.59],[-79.864,-1.583],[-79.862,-1.583],[-79.86,-1.58],[-79.853,-1.579],[-79.856,-1.57],[-79.853,-1.568],[-79.859,-1.563],[-79.865,-1.563],[-79.865,-1.558],[-79.87,-1.558],[-79.871,-1.555],[-79.868,-1.548],[-79.868,-1.543],[-79.874,-1.543],[-79.874,-1.537],[-79.87,-1.538],[-79.871,-1.535],[-79.867,-1.532],[-79.87,-1.528],[-79.869,-1.525],[-79.874,-1.524],[-79.872,-1.522],[-79.876,-1.514],[-79.876,-1.51],[-79.87,-1.505],[-79.874,-1.498],[-79.867,-1.495],[-79.868,-1.493],[-79.871,-1.495],[-79.873,-1.491],[-79.869,-1.487],[-79.865,-1.491],[-79.862,-1.487],[-79.87,-1.484],[-79.87,-1.48],[-79.867,-1.478],[-79.867,-1.474],[-79.87,-1.474],[-79.869,-1.469],[-79.866,-1.469],[-79.872,-1.459],[-79.866,-1.456],[-79.867,-1.454],[-79.865,-1.452],[-79.867,-1.449],[-79.869,-1.451],[-79.87,-1.448],[-79.866,-1.447],[-79.868,-1.444],[-79.866,-1.442],[-79.868,-1.435],[-79.865,-1.434],[-79.866,-1.432],[-79.862,-1.428],[-79.865,-1.424],[-79.86,-1.419],[-79.858,-1.42],[-79.851,-1.415],[-79.853,-1.413],[-79.847,-1.41],[-79.848,-1.408],[-79.855,-1.406],[-79.852,-1.403],[-79.849,-1.403],[-79.852,-1.398],[-79.85,-1.395],[-79.847,-1.399],[-79.845,-1.396],[-79.848,-1.393],[-79.846,-1.39],[-79.847,-1.385],[-79.845,-1.381],[-79.842,-1.379],[-79.839,-1.38],[-79.839,-1.378],[-79.834,-1.375],[-79.835,-1.373],[-79.833,-1.37],[-79.831,-1.371],[-79.826,-1.369],[-79.828,-1.367],[-79.824,-1.367],[-79.82,-1.358],[-79.813,-1.355],[-79.81,-1.348],[-79.803,-1.342],[-79.803,-1.332],[-79.8,-1.332],[-79.8,-1.326],[-79.793,-1.318],[-79.795,-1.316],[-79.793,-1.315],[-79.792,-1.311],[-79.792,-1.301],[-79.789,-1.302],[-79.787,-1.299],[-79.79,-1.294],[-79.782,-1.291],[-79.776,-1.291],[-79.776,-1.288],[-79.774,-1.288],[-79.776,-1.285],[-79.774,-1.282],[-79.779,-1.281],[-79.774,-1.273],[-79.772,-1.273],[-79.773,-1.27],[-79.766,-1.27],[-79.766,-1.265],[-79.764,-1.264],[-79.764,-1.26],[-79.77,-1.258],[-79.765,-1.251],[-79.763,-1.25],[-79.759,-1.253],[-79.758,-1.247],[-79.754,-1.247],[-79.754,-1.24],[-79.759,-1.235],[-79.753,-1.234],[-79.753,-1.225],[-79.746,-1.221],[-79.75,-1.214],[-79.746,-1.21],[-79.749,-1.208],[-79.749,-1.193],[-79.746,-1.193],[-79.741,-1.183],[-79.732,-1.179],[-79.729,-1.182],[-79.725,-1.181],[-79.722,-1.183],[-79.714,-1.175],[-79.719,-1.169],[-79.719,-1.166],[-79.715,-1.16],[-79.716,-1.154],[-79.705,-1.156],[-79.702,-1.153],[-79.698,-1.153],[-79.697,-1.155],[-79.694,-1.155],[-79.687,-1.15],[-79.687,-1.144],[-79.685,-1.143],[-79.686,-1.142],[-79.681,-1.132],[-79.684,-1.123],[-79.68,-1.121],[-79.68,-1.123],[-79.675,-1.122],[-79.674,-1.118],[-79.672,-1.119],[-79.671,-1.114],[-79.665,-1.116],[-79.662,-1.122],[-79.653,-1.118],[-79.648,-1.111],[-79.647,-1.112],[-79.641,-1.109],[-79.64,-1.104],[-79.642,-1.104],[-79.644,-1.1],[-79.642,-1.1],[-79.641,-1.097],[-79.639,-1.098],[-79.638,-1.096],[-79.64,-1.093],[-79.634,-1.089],[-79.634,-1.086],[-79.63,-1.085],[-79.629,-1.081],[-79.623,-1.08],[-79.624,-1.077],[-79.622,-1.072],[-79.619,-1.071],[-79.618,-1.065],[-79.615,-1.063],[-79.611,-1.064],[-79.612,-1.067],[-79.608,-1.07],[-79.599,-1.073],[-79.589,-1.07],[-79.585,-1.071],[-79.574,-1.067],[-79.565,-1.07],[-79.562,-1.067],[-79.548,-1.063],[-79.54,-1.058],[-79.534,-1.051],[-79.532,-1.034],[-79.538,-1.019],[-79.535,-1.012],[-79.531,-1.013],[-79.526,-1.01],[-79.523,-1.004],[-79.524,-0.996],[-79.528,-0.989],[-79.524,-0.985],[-79.525,-0.982],[-79.521,-0.975],[-79.508,-0.969],[-79.506,-0.963],[-79.508,-0.948],[-79.505,-0.944],[-79.505,-0.94],[-79.509,-0.932],[-79.525,-0.926],[-79.529,-0.921],[-79.529,-0.918],[-79.521,-0.904],[-79.522,-0.899],[-79.518,-0.893],[-79.517,-0.886],[-79.519,-0.885],[-79.513,-0.878],[-79.511,-0.866],[-79.502,-0.853],[-79.505,-0.849],[-79.515,-0.849],[-79.521,-0.853],[-79.525,-0.861],[-79.527,-0.86],[-79.527,-0.856],[-79.535,-0.849],[-79.534,-0.844],[-79.529,-0.839],[-79.538,-0.837],[-79.541,-0.838],[-79.541,-0.846],[-79.543,-0.849],[-79.547,-0.84],[-79.55,-0.84],[-79.551,-0.842],[-79.558,-0.843],[-79.562,-0.847],[-79.576,-0.846],[-79.58,-0.85],[-79.59,-0.851],[-79.593,-0.856],[-79.598,-0.858],[-79.605,-0.857],[-79.607,-0.854]]]}},{"type":"Feature","properties":{"provincia":"Manabí"},"geometry":{"type":"MultiPolygon","coordinates":[[[[-81.052,-1.286],[-81.059,-1.289],[-81.061,-1.284],[-81.069,-1.283],[-81.073,-1.278],[-81.085,-1.278],[-81.084,-1.272],[-81.082,-1.272],[-81.083,-1.269],[-81.08,-1.269],[-81.08,-1.263],[-81.075,-1.259],[-81.066,-1.263],[-81.064,-1.27],[-81.057,-1.273],[-81.056,-1.28],[-81.05,-1.285],[-81.052,-1.286]]],[[[-79.985,0.175],[-79.987,0.176],[-79.983,0.19],[-79.98,0.193],[-79.97,0.192],[-79.971,0.182],[-79.98,0.178],[-79.983,0.174],[-79.985,0.175]]],[[[-79.964,0.212],[-79.968,0.213],[-79.967,0.216],[-79.971,0.227],[-79.966,0.232],[-79.965,0.236],[-79.966,0.241],[-79.969,0.243],[-79.968,0.248],[-79.962,0.251],[-79.958,0.247],[-79.953,0.231],[-79.953,0.225],[-79.957,0.223],[-79.96,0.215],[-79.964,0.212]]],[[[-79.969,0.214],[-79.975,0.216],[-79.979,0.22],[-79.984,0.234],[-79.974,0.238],[-79.971,0.242],[-79.967,0.241],[-79.966,0.238],[-79.968,0.229],[-79.971,0.227],[-79.967,0.216],[-79.969,0.214]]],[[[-79.982,0.235],[-79.982,0.238],[-79.974,0.24],[-79.976,0.237],[-79.982,0.235]]],[[[-79.986,0.259],[-79.989,0.261],[-79.99,0.265],[-79.987,0.271],[-79.981,0.263],[-79.986,0.259]]],[[[-80.87,-1.594],[-80.871,-1.593],[-80.869,-1.591],[-80.86,-1.596],[-80.867,-1.602],[-80.867,-1.599],[-80.871,-1.599],[-80.87,-1.594]]],[[[-80.881,-1.146],[-80.887,-1.125],[-80.895,-1.108],[-80.901,-1.085],[-80.912,-1.059],[-80.907,-1.057],[-80.903,-1.045],[-80.904,-1.039],[-80.9,-1.036],[-80.893,-1.036],[-80.884,-1.029],[-80.88,-1.022],[-80.874,-1.019],[-80.86,-0.995],[-80.855,-0.994],[-80.84,-0.976],[-80.83,-0.957],[-80.826,-0.958],[-80.819,-0.954],[-80.815,-0.954],[-80.804,-0.96],[-80.788,-0.959],[-80.764,-0.944],[-80.744,-0.943],[-80.724,-0.936],[-80.726,-0.94],[-80.721,-0.947],[-80.718,-0.947],[-80.72,-0.947],[-80.72,-0.95],[-80.719,-0.948],[-80.711,-0.95],[-80.695,-0.948],[-80.683,-0.943],[-80.664,-0.928],[-80.662,-0.929],[-80.658,-0.927],[-80.655,-0.929],[-80.656,-0.936],[-80.652,-0.941],[-80.637,-0.944],[-80.631,-0.947],[-80.623,-0.946],[-80.586,-0.929],[-80.562,-0.904],[-80.544,-0.878],[-80.529,-0.835],[-80.523,-0.801],[-80.506,-0.735],[-80.497,-0.721],[-80.494,-0.708],[-80.49,-0.701],[-80.469,-0.639],[-80.463,-0.629],[-80.458,-0.626],[-80.451,-0.61],[-80.446,-0.61],[-80.43,-0.603],[-80.425,-0.595],[-80.41,-0.591],[-80.413,-0.583],[-80.423,-0.572],[-80.433,-0.57],[-80.437,-0.566],[-80.439,-0.543],[-80.444,-0.517],[-80.46,-0.456],[-80.471,-0.444],[-80.475,-0.443],[-80.476,-0.441],[-80.478,-0.442],[-80.477,-0.441],[-80.484,-0.418],[-80.489,-0.408],[-80.491,-0.408],[-80.493,-0.4],[-80.493,-0.385],[-80.488,-0.365],[-80.476,-0.369],[-80.457,-0.358],[-80.44,-0.341],[-80.433,-0.339],[-80.431,-0.335],[-80.427,-0.333],[-80.416,-0.314],[-80.412,-0.315],[-80.408,-0.311],[-80.399,-0.295],[-80.384,-0.241],[-80.379,-0.232],[-80.374,-0.226],[-80.357,-0.219],[-80.345,-0.21],[-80.333,-0.189],[-80.326,-0.171],[-80.314,-0.185],[-80.309,-0.188],[-80.302,-0.188],[-80.293,-0.186],[-80.269,-0.164],[-80.267,-0.163],[-80.268,-0.165],[-80.266,-0.166],[-80.265,-0.161],[-80.254,-0.154],[-80.229,-0.133],[-80.199,-0.103],[-80.182,-0.083],[-80.18,-0.085],[-80.182,-0.083],[-80.177,-0.075],[-80.171,-0.07],[-80.168,-0.072],[-80.156,-0.064],[-80.148,-0.052],[-80.142,-0.048],[-80.138,-0.04],[-80.132,-0.035],[-80.126,-0.02],[-80.119,-0.014],[-80.114,-0.004],[-80.106,0.003],[-80.103,0.009],[-80.101,0.009],[-80.095,0.02],[-80.088,0.049],[-80.075,0.046],[-80.068,0.051],[-80.06,0.067],[-80.039,0.129],[-80.031,0.179],[-80.031,0.219],[-80.036,0.315],[-80.042,0.356],[-80.042,0.364],[-80.04,0.367],[-80.035,0.37],[-80.03,0.362],[-80.014,0.352],[-80.004,0.34],[-79.996,0.316],[-79.991,0.287],[-79.991,0.282],[-79.997,0.266],[-79.997,0.25],[-80.001,0.244],[-79.994,0.237],[-79.998,0.233],[-79.996,0.232],[-79.992,0.22],[-79.99,0.219],[-79.989,0.228],[-79.986,0.232],[-79.985,0.225],[-79.979,0.215],[-79.963,0.206],[-79.968,0.196],[-79.978,0.195],[-79.985,0.191],[-79.989,0.176],[-79.983,0.174],[-79.98,0.178],[-79.973,0.179],[-79.968,0.182],[-79.957,0.194],[-79.954,0.201],[-79.948,0.202],[-79.944,0.208],[-79.942,0.221],[-79.94,0.221],[-79.94,0.227],[-79.937,0.233],[-79.946,0.241],[-79.95,0.24],[-79.953,0.244],[-79.954,0.25],[-79.946,0.26],[-79.938,0.258],[-79.936,0.255],[-79.93,0.254],[-79.922,0.256],[-79.921,0.259],[-79.926,0.262],[-79.927,0.266],[-79.922,0.271],[-79.921,0.275],[-79.919,0.276],[-79.911,0.271],[-79.909,0.272],[-79.908,0.277],[-79.906,0.275],[-79.904,0.277],[-79.906,0.283],[-79.909,0.284],[-79.908,0.295],[-79.906,0.294],[-79.907,0.288],[-79.903,0.289],[-79.901,0.292],[-79.904,0.298],[-79.9,0.297],[-79.901,0.3],[-79.895,0.301],[-79.894,0.303],[-79.895,0.313],[-79.903,0.312],[-79.905,0.315],[-79.888,0.317],[-79.886,0.322],[-79.883,0.323],[-79.88,0.323],[-79.873,0.317],[-79.87,0.319],[-79.859,0.318],[-79.833,0.326],[-79.82,0.319],[-79.797,0.334],[-79.792,0.336],[-79.781,0.336],[-79.773,0.346],[-79.765,0.372],[-79.759,0.374],[-79.731,0.373],[-79.719,0.365],[-79.706,0.341],[-79.721,0.326],[-79.721,0.32],[-79.716,0.306],[-79.72,0.302],[-79.718,0.294],[-79.72,0.289],[-79.728,0.283],[-79.728,0.272],[-79.709,0.273],[-79.696,0.278],[-79.69,0.276],[-79.682,0.269],[-79.672,0.255],[-79.672,0.251],[-79.676,0.244],[-79.679,0.242],[-79.684,0.231],[-79.686,0.231],[-79.687,0.227],[-79.685,0.218],[-79.69,0.217],[-79.695,0.221],[-79.706,0.213],[-79.706,0.203],[-79.708,0.201],[-79.706,0.196],[-79.71,0.193],[-79.711,0.184],[-79.708,0.182],[-79.7,0.183],[-79.699,0.181],[-79.701,0.18],[-79.696,0.178],[-79.694,0.173],[-79.695,0.171],[-79.692,0.169],[-79.686,0.171],[-79.686,0.169],[-79.683,0.169],[-79.682,0.166],[-79.678,0.166],[-79.676,0.171],[-79.673,0.171],[-79.671,0.175],[-79.668,0.175],[-79.666,0.18],[-79.663,0.179],[-79.661,0.176],[-79.657,0.176],[-79.656,0.174],[-79.659,0.17],[-79.655,0.168],[-79.655,0.165],[-79.658,0.163],[-79.657,0.161],[-79.652,0.161],[-79.654,0.157],[-79.658,0.156],[-79.651,0.144],[-79.649,0.154],[-79.643,0.153],[-79.641,0.156],[-79.637,0.155],[-79.628,0.158],[-79.625,0.155],[-79.626,0.153],[-79.623,0.15],[-79.623,0.147],[-79.618,0.145],[-79.618,0.142],[-79.615,0.139],[-79.618,0.135],[-79.617,0.133],[-79.612,0.136],[-79.609,0.13],[-79.608,0.132],[-79.604,0.133],[-79.601,0.13],[-79.6,0.122],[-79.586,0.12],[-79.583,0.118],[-79.577,0.121],[-79.569,0.115],[-79.574,0.11],[-79.578,0.109],[-79.582,0.102],[-79.587,0.098],[-79.588,0.091],[-79.592,0.086],[-79.603,0.082],[-79.603,0.069],[-79.599,0.068],[-79.597,0.065],[-79.598,0.063],[-79.602,0.06],[-79.608,0.06],[-79.611,0.057],[-79.616,0.057],[-79.619,0.059],[-79.62,0.057],[-79.617,0.052],[-79.622,0.048],[-79.625,0.042],[-79.625,0.036],[-79.623,0.034],[-79.615,0.033],[-79.614,0.031],[-79.618,0.026],[-79.621,0.026],[-79.624,0.023],[-79.625,0.019],[-79.623,0.014],[-79.613,0.012],[-79.612,-0.005],[-79.607,-0.006],[-79.603,-0.02],[-79.607,-0.022],[-79.609,-0.028],[-79.616,-0.037],[-79.614,-0.041],[-79.608,-0.042],[-79.61,-0.05],[-79.609,-0.053],[-79.603,-0.055],[-79.603,-0.059],[-79.596,-0.063],[-79.595,-0.067],[-79.585,-0.071],[-79.581,-0.07],[-79.581,-0.077],[-79.579,-0.079],[-79.566,-0.088],[-79.565,-0.091],[-79.558,-0.09],[-79.555,-0.096],[-79.549,-0.099],[-79.543,-0.115],[-79.544,-0.123],[-79.541,-0.126],[-79.541,-0.131],[-79.527,-0.138],[-79.527,-0.142],[-79.525,-0.142],[-79.523,-0.15],[-79.52,-0.152],[-79.522,-0.157],[-79.52,-0.164],[-79.51,-0.166],[-79.509,-0.169],[-79.5,-0.17],[-79.496,-0.168],[-79.494,-0.17],[-79.492,-0.168],[-79.487,-0.171],[-79.479,-0.17],[-79.478,-0.172],[-79.473,-0.173],[-79.474,-0.175],[-79.469,-0.175],[-79.471,-0.171],[-79.466,-0.171],[-79.462,-0.172],[-79.455,-0.179],[-79.45,-0.176],[-79.45,-0.18],[-79.441,-0.178],[-79.441,-0.176],[-79.437,-0.178],[-79.43,-0.176],[-79.428,-0.18],[-79.418,-0.182],[-79.412,-0.187],[-79.413,-0.206],[-79.411,-0.218],[-79.413,-0.231],[-79.407,-0.242],[-79.409,-0.261],[-79.406,-0.302],[-79.407,-0.315],[-79.405,-0.361],[-79.402,-0.386],[-79.404,-0.403],[-79.409,-0.407],[-79.409,-0.41],[-79.417,-0.415],[-79.423,-0.422],[-79.423,-0.426],[-79.421,-0.427],[-79.426,-0.431],[-79.429,-0.439],[-79.438,-0.441],[-79.443,-0.45],[-79.449,-0.452],[-79.45,-0.456],[-79.455,-0.458],[-79.457,-0.456],[-79.459,-0.461],[-79.456,-0.467],[-79.459,-0.469],[-79.463,-0.468],[-79.464,-0.473],[-79.462,-0.472],[-79.46,-0.474],[-79.459,-0.478],[-79.455,-0.477],[-79.45,-0.481],[-79.457,-0.487],[-79.459,-0.496],[-79.461,-0.497],[-79.461,-0.506],[-79.459,-0.511],[-79.465,-0.517],[-79.467,-0.532],[-79.472,-0.532],[-79.474,-0.538],[-79.478,-0.539],[-79.48,-0.543],[-79.487,-0.544],[-79.489,-0.546],[-79.49,-0.551],[-79.493,-0.554],[-79.491,-0.557],[-79.492,-0.56],[-79.495,-0.562],[-79.494,-0.565],[-79.497,-0.568],[-79.497,-0.57],[-79.491,-0.575],[-79.491,-0.578],[-79.493,-0.579],[-79.491,-0.586],[-79.486,-0.588],[-79.489,-0.591],[-79.486,-0.594],[-79.486,-0.599],[-79.484,-0.6],[-79.486,-0.603],[-79.488,-0.602],[-79.488,-0.606],[-79.485,-0.606],[-79.485,-0.609],[-79.486,-0.61],[-79.492,-0.607],[-79.499,-0.61],[-79.501,-0.608],[-79.507,-0.617],[-79.505,-0.622],[-79.509,-0.624],[-79.505,-0.625],[-79.506,-0.63],[-79.508,-0.631],[-79.508,-0.636],[-79.512,-0.635],[-79.513,-0.639],[-79.517,-0.639],[-79.515,-0.643],[-79.517,-0.645],[-79.524,-0.646],[-79.526,-0.653],[-79.536,-0.656],[-79.542,-0.663],[-79.542,-0.67],[-79.536,-0.681],[-79.536,-0.683],[-79.542,-0.684],[-79.542,-0.688],[-79.538,-0.688],[-79.537,-0.69],[-79.539,-0.693],[-79.536,-0.694],[-79.533,-0.706],[-79.535,-0.707],[-79.537,-0.716],[-79.541,-0.716],[-79.542,-0.72],[-79.548,-0.72],[-79.552,-0.723],[-79.554,-0.718],[-79.557,-0.717],[-79.559,-0.72],[-79.563,-0.721],[-79.565,-0.71],[-79.574,-0.71],[-79.573,-0.702],[-79.576,-0.7],[-79.58,-0.705],[-79.581,-0.713],[-79.577,-0.717],[-79.578,-0.724],[-79.591,-0.734],[-79.588,-0.738],[-79.591,-0.74],[-79.595,-0.738],[-79.6,-0.746],[-79.601,-0.751],[-79.597,-0.752],[-79.595,-0.757],[-79.597,-0.763],[-79.601,-0.763],[-79.601,-0.766],[-79.596,-0.77],[-79.598,-0.778],[-79.597,-0.782],[-79.601,-0.783],[-79.599,-0.788],[-79.605,-0.795],[-79.604,-0.809],[-79.602,-0.812],[-79.603,-0.815],[-79.6,-0.819],[-79.6,-0.826],[-79.605,-0.828],[-79.605,-0.833],[-79.609,-0.835],[-79.608,-0.857],[-79.612,-0.858],[-79.622,-0.855],[-79.624,-0.865],[-79.621,-0.867],[-79.62,-0.872],[-79.633,-0.877],[-79.64,-0.877],[-79.649,-0.891],[-79.649,-0.894],[-79.658,-0.9],[-79.668,-0.891],[-79.672,-0.891],[-79.679,-0.895],[-79.682,-0.902],[-79.686,-0.902],[-79.689,-0.897],[-79.695,-0.898],[-79.699,-0.901],[-79.701,-0.898],[-79.698,-0.89],[-79.699,-0.886],[-79.706,-0.88],[-79.715,-0.888],[-79.72,-0.883],[-79.725,-0.881],[-79.73,-0.882],[-79.732,-0.887],[-79.736,-0.89],[-79.738,-0.897],[-79.736,-0.902],[-79.745,-0.913],[-79.745,-0.918],[-79.743,-0.92],[-79.747,-0.926],[-79.755,-0.931],[-79.765,-0.943],[-79.771,-0.947],[-79.775,-0.964],[-79.773,-0.976],[-79.774,-0.98],[-79.782,-0.982],[-79.787,-0.978],[-79.79,-0.978],[-79.796,-0.981],[-79.801,-0.99],[-79.801,-0.995],[-79.797,-1],[-79.797,-1.004],[-79.804,-1.008],[-79.805,-1.011],[-79.801,-1.015],[-79.8,-1.022],[-79.803,-1.026],[-79.803,-1.031],[-79.811,-1.032],[-79.811,-1.038],[-79.813,-1.041],[-79.812,-1.044],[-79.816,-1.05],[-79.833,-1.05],[-79.836,-1.054],[-79.834,-1.06],[-79.84,-1.07],[-79.844,-1.083],[-79.85,-1.089],[-79.854,-1.089],[-79.86,-1.099],[-79.868,-1.103],[-79.873,-1.103],[-79.881,-1.108],[-79.886,-1.116],[-79.9,-1.124],[-79.909,-1.139],[-79.913,-1.139],[-79.916,-1.145],[-79.921,-1.143],[-79.926,-1.147],[-79.927,-1.145],[-79.938,-1.152],[-79.941,-1.156],[-79.944,-1.156],[-79.946,-1.153],[-79.946,-1.144],[-79.953,-1.14],[-79.955,-1.141],[-79.958,-1.139],[-79.96,-1.141],[-79.969,-1.139],[-79.974,-1.142],[-79.981,-1.139],[-79.984,-1.134],[-79.983,-1.131],[-79.987,-1.13],[-79.987,-1.135],[-79.991,-1.139],[-80.001,-1.142],[-80.005,-1.147],[-79.995,-1.155],[-79.997,-1.165],[-79.987,-1.174],[-79.99,-1.185],[-80,-1.194],[-80.002,-1.198],[-79.998,-1.211],[-80.002,-1.221],[-80.003,-1.23],[-80.001,-1.239],[-80.006,-1.245],[-80.016,-1.248],[-80.022,-1.252],[-80.026,-1.252],[-80.034,-1.257],[-80.034,-1.268],[-80.03,-1.274],[-80.026,-1.276],[-80.038,-1.276],[-80.046,-1.286],[-80.066,-1.297],[-80.069,-1.303],[-80.076,-1.304],[-80.08,-1.313],[-80.091,-1.326],[-80.096,-1.328],[-80.1,-1.32],[-80.132,-1.317],[-80.139,-1.32],[-80.146,-1.329],[-80.149,-1.335],[-80.147,-1.339],[-80.148,-1.349],[-80.155,-1.367],[-80.145,-1.381],[-80.149,-1.382],[-80.151,-1.391],[-80.145,-1.399],[-80.144,-1.407],[-80.16,-1.404],[-80.17,-1.408],[-80.173,-1.416],[-80.176,-1.418],[-80.195,-1.423],[-80.197,-1.426],[-80.193,-1.431],[-80.192,-1.437],[-80.199,-1.447],[-80.2,-1.456],[-80.198,-1.465],[-80.194,-1.471],[-80.207,-1.478],[-80.209,-1.481],[-80.209,-1.486],[-80.204,-1.495],[-80.21,-1.51],[-80.211,-1.519],[-80.209,-1.522],[-80.2,-1.527],[-80.185,-1.53],[-80.183,-1.532],[-80.187,-1.548],[-80.222,-1.574],[-80.236,-1.574],[-80.236,-1.571],[-80.243,-1.565],[-80.263,-1.569],[-80.275,-1.568],[-80.287,-1.558],[-80.29,-1.569],[-80.273,-1.591],[-80.271,-1.602],[-80.262,-1.618],[-80.241,-1.615],[-80.224,-1.616],[-80.223,-1.622],[-80.226,-1.626],[-80.231,-1.624],[-80.23,-1.628],[-80.224,-1.629],[-80.224,-1.631],[-80.228,-1.633],[-80.223,-1.64],[-80.226,-1.648],[-80.228,-1.649],[-80.221,-1.664],[-80.216,-1.668],[-80.213,-1.668],[-80.209,-1.673],[-80.21,-1.686],[-80.213,-1.694],[-80.22,-1.695],[-80.229,-1.691],[-80.23,-1.689],[-80.236,-1.696],[-80.246,-1.683],[-80.255,-1.686],[-80.287,-1.686],[-80.298,-1.689],[-80.284,-1.704],[-80.281,-1.703],[-80.28,-1.707],[-80.289,-1.71],[-80.296,-1.709],[-80.313,-1.69],[-80.316,-1.69],[-80.324,-1.683],[-80.326,-1.688],[-80.325,-1.693],[-80.33,-1.705],[-80.339,-1.708],[-80.339,-1.711],[-80.343,-1.715],[-80.34,-1.719],[-80.342,-1.724],[-80.354,-1.723],[-80.364,-1.74],[-80.381,-1.751],[-80.386,-1.757],[-80.389,-1.765],[-80.388,-1.768],[-80.392,-1.772],[-80.393,-1.776],[-80.396,-1.773],[-80.405,-1.775],[-80.412,-1.78],[-80.412,-1.784],[-80.421,-1.787],[-80.426,-1.792],[-80.427,-1.8],[-80.423,-1.809],[-80.411,-1.821],[-80.411,-1.828],[-80.408,-1.832],[-80.412,-1.837],[-80.417,-1.838],[-80.418,-1.836],[-80.428,-1.836],[-80.428,-1.841],[-80.43,-1.841],[-80.43,-1.844],[-80.432,-1.845],[-80.432,-1.852],[-80.425,-1.854],[-80.429,-1.855],[-80.429,-1.857],[-80.435,-1.856],[-80.441,-1.86],[-80.435,-1.864],[-80.437,-1.877],[-80.435,-1.878],[-80.435,-1.882],[-80.444,-1.881],[-80.443,-1.885],[-80.433,-1.885],[-80.425,-1.879],[-80.422,-1.882],[-80.418,-1.88],[-80.423,-1.892],[-80.431,-1.899],[-80.433,-1.913],[-80.43,-1.926],[-80.44,-1.944],[-80.444,-1.946],[-80.441,-1.948],[-80.442,-1.952],[-80.449,-1.947],[-80.451,-1.937],[-80.459,-1.929],[-80.48,-1.924],[-80.5,-1.925],[-80.508,-1.923],[-80.511,-1.92],[-80.523,-1.896],[-80.532,-1.885],[-80.547,-1.858],[-80.563,-1.838],[-80.566,-1.824],[-80.574,-1.815],[-80.577,-1.814],[-80.581,-1.8],[-80.576,-1.794],[-80.574,-1.785],[-80.576,-1.78],[-80.576,-1.77],[-80.573,-1.756],[-80.58,-1.744],[-80.583,-1.743],[-80.587,-1.728],[-80.61,-1.726],[-80.614,-1.717],[-80.617,-1.716],[-80.618,-1.713],[-80.616,-1.712],[-80.62,-1.706],[-80.622,-1.707],[-80.626,-1.703],[-80.63,-1.702],[-80.632,-1.698],[-80.634,-1.699],[-80.636,-1.695],[-80.634,-1.694],[-80.637,-1.689],[-80.645,-1.681],[-80.647,-1.671],[-80.653,-1.669],[-80.654,-1.674],[-80.672,-1.679],[-80.675,-1.676],[-80.678,-1.677],[-80.678,-1.674],[-80.686,-1.674],[-80.687,-1.676],[-80.696,-1.672],[-80.698,-1.676],[-80.703,-1.674],[-80.705,-1.674],[-80.705,-1.676],[-80.709,-1.674],[-80.713,-1.677],[-80.713,-1.679],[-80.722,-1.682],[-80.723,-1.686],[-80.726,-1.684],[-80.73,-1.686],[-80.731,-1.683],[-80.739,-1.681],[-80.744,-1.675],[-80.742,-1.672],[-80.747,-1.67],[-80.75,-1.673],[-80.749,-1.675],[-80.754,-1.677],[-80.754,-1.673],[-80.758,-1.675],[-80.763,-1.684],[-80.773,-1.688],[-80.78,-1.698],[-80.789,-1.7],[-80.797,-1.709],[-80.803,-1.711],[-80.807,-1.706],[-80.806,-1.703],[-80.81,-1.697],[-80.809,-1.696],[-80.813,-1.693],[-80.81,-1.688],[-80.811,-1.685],[-80.828,-1.645],[-80.836,-1.631],[-80.839,-1.631],[-80.839,-1.629],[-80.845,-1.627],[-80.843,-1.624],[-80.846,-1.616],[-80.844,-1.616],[-80.845,-1.61],[-80.848,-1.605],[-80.855,-1.6],[-80.847,-1.596],[-80.841,-1.584],[-80.84,-1.577],[-80.842,-1.567],[-80.838,-1.567],[-80.835,-1.561],[-80.822,-1.561],[-80.82,-1.563],[-80.815,-1.561],[-80.811,-1.546],[-80.811,-1.539],[-80.813,-1.53],[-80.818,-1.521],[-80.816,-1.51],[-80.809,-1.51],[-80.807,-1.505],[-80.808,-1.501],[-80.805,-1.5],[-80.804,-1.496],[-80.799,-1.498],[-80.793,-1.494],[-80.793,-1.49],[-80.795,-1.488],[-80.792,-1.479],[-80.779,-1.485],[-80.768,-1.476],[-80.763,-1.459],[-80.767,-1.439],[-80.766,-1.436],[-80.755,-1.43],[-80.752,-1.423],[-80.755,-1.402],[-80.762,-1.389],[-80.754,-1.385],[-80.754,-1.383],[-80.739,-1.367],[-80.739,-1.357],[-80.75,-1.332],[-80.762,-1.312],[-80.846,-1.211],[-80.852,-1.202],[-80.856,-1.191],[-80.878,-1.155],[-80.881,-1.146]]]]}},{"type":"Feature","properties":{"provincia":"Morona Santiago"},"geometry":{"type":"Polygon","coordinates":[[[-78.556,-2.56],[-78.553,-2.558],[-78.547,-2.559],[-78.539,-2.567],[-78.537,-2.567],[-78.529,-2.563],[-78.527,-2.556],[-78.512,-2.542],[-78.507,-2.531],[-78.502,-2.512],[-78.498,-2.507],[-78.498,-2.503],[-78.492,-2.491],[-78.493,-2.488],[-78.488,-2.47],[-78.485,-2.466],[-78.482,-2.454],[-78.486,-2.449],[-78.485,-2.438],[-78.476,-2.428],[-78.463,-2.424],[-78.462,-2.42],[-78.466,-2.415],[-78.478,-2.417],[-78.481,-2.415],[-78.484,-2.409],[-78.486,-2.398],[-78.485,-2.387],[-78.488,-2.384],[-78.484,-2.366],[-78.491,-2.362],[-78.504,-2.36],[-78.519,-2.354],[-78.525,-2.356],[-78.541,-2.336],[-78.555,-2.335],[-78.562,-2.327],[-78.565,-2.326],[-78.574,-2.326],[-78.577,-2.331],[-78.579,-2.331],[-78.584,-2.326],[-78.585,-2.321],[-78.588,-2.318],[-78.586,-2.311],[-78.575,-2.306],[-78.566,-2.305],[-78.563,-2.308],[-78.556,-2.307],[-78.55,-2.305],[-78.55,-2.302],[-78.545,-2.301],[-78.547,-2.291],[-78.536,-2.279],[-78.541,-2.271],[-78.538,-2.265],[-78.538,-2.248],[-78.541,-2.241],[-78.54,-2.239],[-78.535,-2.239],[-78.533,-2.242],[-78.529,-2.243],[-78.516,-2.24],[-78.509,-2.249],[-78.506,-2.249],[-78.502,-2.243],[-78.5,-2.232],[-78.489,-2.222],[-78.488,-2.218],[-78.49,-2.214],[-78.5,-2.206],[-78.499,-2.196],[-78.504,-2.173],[-78.504,-2.157],[-78.517,-2.155],[-78.514,-2.147],[-78.515,-2.138],[-78.512,-2.131],[-78.507,-2.127],[-78.498,-2.126],[-78.492,-2.121],[-78.49,-2.121],[-78.488,-2.126],[-78.483,-2.13],[-78.48,-2.128],[-78.479,-2.122],[-78.471,-2.122],[-78.47,-2.118],[-78.456,-2.119],[-78.45,-2.117],[-78.447,-2.112],[-78.446,-2.102],[-78.443,-2.098],[-78.438,-2.096],[-78.437,-2.093],[-78.438,-2.087],[-78.442,-2.084],[-78.44,-2.083],[-78.439,-2.076],[-78.443,-2.072],[-78.447,-2.072],[-78.448,-2.066],[-78.455,-2.063],[-78.448,-2.051],[-78.453,-2.045],[-78.451,-2.03],[-78.448,-2.027],[-78.449,-2.023],[-78.447,-2.017],[-78.442,-2.013],[-78.445,-2.006],[-78.451,-2.004],[-78.459,-1.993],[-78.463,-1.994],[-78.465,-1.997],[-78.478,-2.001],[-78.485,-1.992],[-78.489,-1.958],[-78.482,-1.952],[-78.476,-1.953],[-78.474,-1.951],[-78.464,-1.95],[-78.461,-1.945],[-78.461,-1.937],[-78.457,-1.93],[-78.458,-1.921],[-78.454,-1.917],[-78.444,-1.912],[-78.433,-1.909],[-78.431,-1.899],[-78.425,-1.9],[-78.419,-1.898],[-78.42,-1.885],[-78.414,-1.881],[-78.404,-1.878],[-78.401,-1.873],[-78.401,-1.87],[-78.404,-1.867],[-78.398,-1.853],[-78.402,-1.846],[-78.41,-1.845],[-78.414,-1.84],[-78.414,-1.836],[-78.421,-1.828],[-78.42,-1.821],[-78.422,-1.812],[-78.42,-1.805],[-78.424,-1.8],[-78.436,-1.795],[-78.442,-1.769],[-78.448,-1.761],[-78.46,-1.761],[-78.467,-1.753],[-78.461,-1.749],[-78.459,-1.74],[-78.452,-1.732],[-78.451,-1.73],[-78.454,-1.723],[-78.452,-1.718],[-78.446,-1.716],[-78.443,-1.705],[-78.436,-1.697],[-78.433,-1.686],[-78.43,-1.684],[-78.418,-1.685],[-78.412,-1.682],[-78.409,-1.675],[-78.411,-1.665],[-78.383,-1.655],[-78.377,-1.654],[-78.372,-1.657],[-78.371,-1.653],[-78.364,-1.645],[-78.366,-1.638],[-78.364,-1.631],[-78.367,-1.614],[-78.364,-1.607],[-78.368,-1.606],[-78.373,-1.599],[-78.374,-1.591],[-78.377,-1.585],[-78.372,-1.582],[-78.371,-1.576],[-78.373,-1.572],[-78.372,-1.566],[-78.376,-1.559],[-78.374,-1.544],[-78.377,-1.541],[-78.377,-1.536],[-78.365,-1.533],[-78.363,-1.522],[-78.355,-1.521],[-78.35,-1.523],[-78.345,-1.503],[-78.331,-1.499],[-78.327,-1.496],[-78.319,-1.498],[-78.316,-1.497],[-78.312,-1.494],[-78.312,-1.491],[-78.308,-1.486],[-78.298,-1.48],[-78.287,-1.481],[-78.293,-1.497],[-78.29,-1.498],[-78.279,-1.498],[-78.267,-1.502],[-78.252,-1.498],[-78.245,-1.492],[-78.231,-1.492],[-78.222,-1.486],[-78.222,-1.476],[-78.211,-1.472],[-78.197,-1.473],[-78.194,-1.457],[-78.191,-1.454],[-78.183,-1.452],[-78.18,-1.448],[-78.175,-1.45],[-78.174,-1.453],[-78.166,-1.448],[-78.161,-1.449],[-78.159,-1.453],[-78.156,-1.451],[-78.152,-1.454],[-78.144,-1.452],[-78.126,-1.452],[-78.114,-1.464],[-78.096,-1.488],[-78.085,-1.496],[-78.08,-1.503],[-78.072,-1.52],[-78.06,-1.536],[-78.061,-1.543],[-78.057,-1.556],[-78.059,-1.565],[-78.052,-1.574],[-78.042,-1.604],[-78.042,-1.612],[-78.02,-1.674],[-78.021,-1.676],[-78.018,-1.678],[-78.003,-1.677],[-77.993,-1.674],[-77.991,-1.671],[-77.986,-1.673],[-77.98,-1.671],[-77.976,-1.672],[-77.97,-1.67],[-77.96,-1.659],[-77.951,-1.663],[-77.943,-1.663],[-77.938,-1.658],[-77.925,-1.655],[-77.918,-1.658],[-77.916,-1.661],[-77.913,-1.675],[-77.907,-1.682],[-77.906,-1.686],[-77.9,-1.69],[-77.895,-1.689],[-77.889,-1.691],[-77.883,-1.712],[-77.883,-1.732],[-77.879,-1.743],[-77.887,-1.754],[-77.885,-1.762],[-77.883,-1.765],[-77.88,-1.765],[-77.871,-1.755],[-77.869,-1.756],[-77.868,-1.759],[-77.871,-1.763],[-77.872,-1.769],[-77.871,-1.771],[-77.865,-1.772],[-77.866,-1.779],[-77.87,-1.787],[-77.867,-1.79],[-77.862,-1.79],[-77.865,-1.796],[-77.864,-1.798],[-77.859,-1.798],[-77.856,-1.808],[-77.861,-1.815],[-77.856,-1.818],[-77.846,-1.838],[-77.848,-1.84],[-77.852,-1.839],[-77.856,-1.843],[-77.855,-1.848],[-77.848,-1.847],[-77.843,-1.849],[-77.832,-1.859],[-77.831,-1.865],[-77.827,-1.868],[-77.827,-1.896],[-77.824,-1.901],[-77.826,-1.908],[-77.825,-1.92],[-77.821,-1.925],[-77.808,-1.933],[-77.794,-1.934],[-77.793,-1.955],[-77.782,-1.962],[-77.782,-1.967],[-77.778,-1.971],[-77.757,-1.979],[-77.754,-1.985],[-77.75,-1.986],[-77.744,-1.98],[-77.733,-1.984],[-77.73,-1.988],[-77.731,-2.002],[-77.728,-2.013],[-77.714,-2.026],[-77.708,-2.028],[-77.701,-2.024],[-77.695,-2.026],[-77.687,-2.032],[-77.675,-2.048],[-77.662,-2.052],[-77.658,-2.052],[-77.651,-2.048],[-77.646,-2.049],[-77.636,-2.045],[-77.616,-2.042],[-77.607,-2.052],[-77.597,-2.057],[-77.592,-2.056],[-77.587,-2.06],[-77.583,-2.072],[-77.577,-2.077],[-77.568,-2.08],[-77.561,-2.08],[-77.554,-2.075],[-77.54,-2.074],[-77.523,-2.087],[-77.507,-2.089],[-77.493,-2.101],[-77.482,-2.106],[-77.468,-2.108],[-77.465,-2.106],[-77.46,-2.107],[-77.45,-2.116],[-77.427,-2.125],[-77.42,-2.13],[-77.415,-2.145],[-77.407,-2.149],[-77.348,-2.168],[-77.312,-2.185],[-77.303,-2.186],[-77.286,-2.203],[-77.275,-2.21],[-77.255,-2.239],[-77.239,-2.25],[-77.232,-2.261],[-77.21,-2.266],[-77.19,-2.273],[-77.183,-2.278],[-77.18,-2.288],[-77.171,-2.297],[-77.136,-2.307],[-77.127,-2.313],[-77.114,-2.318],[-77.109,-2.326],[-77.093,-2.333],[-77.086,-2.354],[-77.081,-2.362],[-77.083,-2.367],[-77.082,-2.374],[-77.066,-2.383],[-77.064,-2.385],[-77.063,-2.393],[-77.051,-2.403],[-77.042,-2.419],[-77.033,-2.449],[-77.027,-2.456],[-77.009,-2.456],[-77.003,-2.459],[-77,-2.465],[-76.999,-2.476],[-76.994,-2.492],[-76.999,-2.512],[-76.995,-2.517],[-76.985,-2.516],[-76.979,-2.512],[-76.972,-2.512],[-76.966,-2.516],[-76.961,-2.522],[-76.951,-2.545],[-76.943,-2.556],[-76.938,-2.554],[-76.93,-2.544],[-76.926,-2.548],[-76.923,-2.558],[-76.917,-2.564],[-76.913,-2.565],[-76.907,-2.562],[-76.899,-2.554],[-76.895,-2.554],[-76.883,-2.568],[-76.875,-2.561],[-76.845,-2.558],[-76.84,-2.554],[-76.836,-2.547],[-76.832,-2.545],[-76.818,-2.544],[-76.814,-2.547],[-76.815,-2.554],[-76.812,-2.565],[-76.798,-2.571],[-76.791,-2.566],[-76.785,-2.558],[-76.778,-2.554],[-76.77,-2.555],[-76.764,-2.56],[-76.755,-2.564],[-76.747,-2.563],[-76.746,-2.558],[-76.739,-2.555],[-76.73,-2.569],[-76.721,-2.589],[-76.715,-2.594],[-76.709,-2.595],[-76.702,-2.603],[-76.693,-2.609],[-77.023,-2.722],[-77.025,-2.721],[-77.414,-2.852],[-77.436,-2.858],[-77.574,-2.908],[-77.71,-2.951],[-77.801,-2.984],[-77.812,-2.986],[-77.844,-3],[-77.839,-3.007],[-77.939,-3.063],[-77.948,-3.07],[-77.948,-3.084],[-77.951,-3.087],[-77.951,-3.09],[-77.962,-3.095],[-77.962,-3.098],[-77.97,-3.112],[-77.971,-3.118],[-77.981,-3.118],[-77.983,-3.12],[-77.986,-3.134],[-77.994,-3.14],[-77.999,-3.149],[-78.011,-3.158],[-78.012,-3.167],[-78.008,-3.179],[-78.011,-3.191],[-78.014,-3.192],[-78.032,-3.189],[-78.036,-3.191],[-78.04,-3.196],[-78.041,-3.206],[-78.058,-3.21],[-78.064,-3.219],[-78.062,-3.224],[-78.065,-3.227],[-78.079,-3.226],[-78.09,-3.215],[-78.092,-3.216],[-78.089,-3.227],[-78.091,-3.235],[-78.09,-3.241],[-78.099,-3.252],[-78.1,-3.261],[-78.111,-3.266],[-78.111,-3.272],[-78.107,-3.276],[-78.109,-3.279],[-78.113,-3.282],[-78.12,-3.293],[-78.127,-3.297],[-78.147,-3.326],[-78.153,-3.329],[-78.17,-3.35],[-78.194,-3.363],[-78.198,-3.363],[-78.193,-3.372],[-78.195,-3.375],[-78.188,-3.397],[-78.181,-3.411],[-78.179,-3.413],[-78.162,-3.416],[-78.157,-3.421],[-78.154,-3.43],[-78.153,-3.443],[-78.15,-3.448],[-78.149,-3.46],[-78.147,-3.463],[-78.148,-3.48],[-78.151,-3.482],[-78.159,-3.482],[-78.164,-3.484],[-78.171,-3.491],[-78.179,-3.492],[-78.186,-3.499],[-78.195,-3.502],[-78.199,-3.498],[-78.203,-3.498],[-78.215,-3.508],[-78.229,-3.505],[-78.232,-3.501],[-78.233,-3.494],[-78.231,-3.484],[-78.237,-3.462],[-78.238,-3.449],[-78.244,-3.434],[-78.245,-3.4],[-78.248,-3.398],[-78.278,-3.4],[-78.289,-3.397],[-78.293,-3.398],[-78.315,-3.395],[-78.331,-3.386],[-78.339,-3.371],[-78.35,-3.368],[-78.344,-3.392],[-78.356,-3.404],[-78.351,-3.415],[-78.341,-3.427],[-78.345,-3.436],[-78.345,-3.448],[-78.359,-3.47],[-78.358,-3.477],[-78.354,-3.481],[-78.356,-3.486],[-78.355,-3.494],[-78.357,-3.495],[-78.362,-3.509],[-78.367,-3.514],[-78.365,-3.53],[-78.368,-3.534],[-78.535,-3.528],[-78.535,-3.531],[-78.533,-3.532],[-78.534,-3.536],[-78.542,-3.539],[-78.544,-3.543],[-78.551,-3.542],[-78.553,-3.545],[-78.559,-3.542],[-78.56,-3.544],[-78.566,-3.544],[-78.57,-3.548],[-78.577,-3.551],[-78.581,-3.548],[-78.587,-3.551],[-78.59,-3.549],[-78.592,-3.55],[-78.603,-3.547],[-78.609,-3.542],[-78.613,-3.542],[-78.613,-3.539],[-78.615,-3.538],[-78.623,-3.538],[-78.628,-3.534],[-78.631,-3.534],[-78.639,-3.539],[-78.644,-3.539],[-78.646,-3.537],[-78.651,-3.545],[-78.657,-3.545],[-78.658,-3.547],[-78.669,-3.551],[-78.672,-3.564],[-78.677,-3.569],[-78.682,-3.582],[-78.681,-3.584],[-78.684,-3.588],[-78.695,-3.581],[-78.706,-3.578],[-78.715,-3.572],[-78.717,-3.565],[-78.72,-3.564],[-78.72,-3.562],[-78.725,-3.564],[-78.739,-3.562],[-78.744,-3.564],[-78.746,-3.567],[-78.749,-3.566],[-78.75,-3.568],[-78.754,-3.569],[-78.76,-3.564],[-78.768,-3.561],[-78.772,-3.563],[-78.775,-3.562],[-78.777,-3.557],[-78.787,-3.554],[-78.789,-3.551],[-78.795,-3.551],[-78.808,-3.543],[-78.82,-3.544],[-78.832,-3.549],[-78.835,-3.546],[-78.84,-3.531],[-78.842,-3.518],[-78.848,-3.513],[-78.858,-3.515],[-78.871,-3.5],[-78.87,-3.494],[-78.865,-3.489],[-78.868,-3.476],[-78.867,-3.466],[-78.869,-3.459],[-78.874,-3.457],[-78.88,-3.451],[-78.878,-3.447],[-78.88,-3.446],[-78.879,-3.438],[-78.874,-3.422],[-78.881,-3.413],[-78.883,-3.406],[-78.882,-3.402],[-78.89,-3.395],[-78.902,-3.394],[-78.906,-3.389],[-78.906,-3.382],[-78.912,-3.381],[-78.914,-3.378],[-78.916,-3.367],[-78.921,-3.363],[-78.925,-3.365],[-78.927,-3.361],[-78.932,-3.359],[-78.931,-3.353],[-78.934,-3.349],[-78.939,-3.349],[-78.943,-3.346],[-78.942,-3.334],[-78.945,-3.333],[-78.946,-3.33],[-78.947,-3.313],[-78.954,-3.301],[-78.952,-3.297],[-78.949,-3.296],[-78.942,-3.3],[-78.934,-3.294],[-78.937,-3.284],[-78.935,-3.281],[-78.937,-3.276],[-78.93,-3.272],[-78.911,-3.272],[-78.903,-3.265],[-78.899,-3.255],[-78.891,-3.251],[-78.88,-3.25],[-78.866,-3.24],[-78.857,-3.23],[-78.848,-3.234],[-78.842,-3.244],[-78.835,-3.246],[-78.83,-3.239],[-78.832,-3.235],[-78.826,-3.23],[-78.819,-3.218],[-78.798,-3.195],[-78.789,-3.189],[-78.783,-3.182],[-78.783,-3.172],[-78.775,-3.161],[-78.772,-3.16],[-78.77,-3.155],[-78.77,-3.148],[-78.773,-3.147],[-78.772,-3.143],[-78.763,-3.132],[-78.751,-3.126],[-78.741,-3.126],[-78.715,-3.119],[-78.705,-3.123],[-78.704,-3.127],[-78.687,-3.105],[-78.684,-3.085],[-78.684,-3.07],[-78.673,-3.061],[-78.671,-3.048],[-78.674,-3.044],[-78.676,-3.036],[-78.675,-3.029],[-78.664,-3.018],[-78.665,-3.013],[-78.662,-3.007],[-78.657,-3.005],[-78.659,-2.992],[-78.653,-2.987],[-78.639,-2.982],[-78.638,-2.977],[-78.631,-2.969],[-78.631,-2.962],[-78.637,-2.954],[-78.632,-2.938],[-78.629,-2.937],[-78.628,-2.934],[-78.633,-2.916],[-78.632,-2.913],[-78.617,-2.9],[-78.611,-2.89],[-78.605,-2.885],[-78.602,-2.88],[-78.602,-2.874],[-78.599,-2.87],[-78.588,-2.858],[-78.583,-2.856],[-78.575,-2.849],[-78.578,-2.846],[-78.578,-2.827],[-78.588,-2.817],[-78.596,-2.818],[-78.608,-2.794],[-78.613,-2.787],[-78.617,-2.785],[-78.608,-2.777],[-78.6,-2.761],[-78.595,-2.764],[-78.592,-2.761],[-78.59,-2.749],[-78.593,-2.746],[-78.584,-2.726],[-78.578,-2.719],[-78.577,-2.706],[-78.57,-2.705],[-78.557,-2.696],[-78.547,-2.696],[-78.528,-2.692],[-78.518,-2.687],[-78.515,-2.682],[-78.515,-2.678],[-78.499,-2.669],[-78.489,-2.661],[-78.484,-2.66],[-78.476,-2.663],[-78.461,-2.658],[-78.441,-2.648],[-78.44,-2.645],[-78.438,-2.646],[-78.432,-2.636],[-78.424,-2.631],[-78.426,-2.62],[-78.435,-2.608],[-78.435,-2.601],[-78.444,-2.595],[-78.461,-2.591],[-78.472,-2.581],[-78.474,-2.577],[-78.481,-2.573],[-78.498,-2.572],[-78.506,-2.575],[-78.515,-2.583],[-78.522,-2.594],[-78.531,-2.626],[-78.535,-2.627],[-78.55,-2.62],[-78.56,-2.612],[-78.563,-2.607],[-78.565,-2.596],[-78.568,-2.592],[-78.56,-2.573],[-78.56,-2.567],[-78.556,-2.56]]]}},{"type":"Feature","properties":{"provincia":"Napo"},"geometry":{"type":"Polygon","coordinates":[[[-78.41,-0.721],[-78.404,-0.716],[-78.407,-0.714],[-78.406,-0.712],[-78.404,-0.713],[-78.399,-0.711],[-78.397,-0.688],[-78.387,-0.675],[-78.369,-0.666],[-78.359,-0.666],[-78.338,-0.661],[-78.33,-0.661],[-78.327,-0.655],[-78.326,-0.639],[-78.322,-0.633],[-78.323,-0.616],[-78.326,-0.613],[-78.321,-0.596],[-78.31,-0.589],[-78.305,-0.579],[-78.283,-0.571],[-78.277,-0.564],[-78.279,-0.558],[-78.275,-0.553],[-78.266,-0.529],[-78.268,-0.527],[-78.27,-0.515],[-78.264,-0.506],[-78.255,-0.503],[-78.248,-0.472],[-78.236,-0.455],[-78.235,-0.449],[-78.237,-0.441],[-78.236,-0.437],[-78.248,-0.426],[-78.252,-0.413],[-78.256,-0.408],[-78.248,-0.401],[-78.243,-0.391],[-78.243,-0.383],[-78.233,-0.379],[-78.225,-0.368],[-78.224,-0.363],[-78.218,-0.363],[-78.216,-0.361],[-78.208,-0.347],[-78.206,-0.338],[-78.2,-0.33],[-78.195,-0.329],[-78.191,-0.319],[-78.195,-0.306],[-78.192,-0.303],[-78.192,-0.293],[-78.187,-0.288],[-78.191,-0.273],[-78.186,-0.266],[-78.19,-0.257],[-78.188,-0.25],[-78.189,-0.24],[-78.186,-0.237],[-78.189,-0.221],[-78.185,-0.214],[-78.192,-0.205],[-78.192,-0.202],[-78.191,-0.198],[-78.184,-0.194],[-78.179,-0.186],[-78.162,-0.186],[-78.158,-0.182],[-78.159,-0.179],[-78.155,-0.173],[-78.144,-0.171],[-78.14,-0.167],[-78.132,-0.167],[-78.131,-0.176],[-78.124,-0.181],[-78.116,-0.179],[-78.108,-0.18],[-78.106,-0.183],[-78.105,-0.192],[-78.108,-0.193],[-78.103,-0.196],[-78.09,-0.179],[-78.084,-0.19],[-78.078,-0.181],[-78.073,-0.184],[-78.071,-0.182],[-78.07,-0.171],[-78.072,-0.164],[-78.06,-0.167],[-78.054,-0.162],[-78.055,-0.154],[-78.061,-0.149],[-78.055,-0.145],[-78.04,-0.137],[-78.034,-0.14],[-78.028,-0.137],[-78.02,-0.14],[-78.015,-0.139],[-78.012,-0.132],[-78.005,-0.127],[-77.999,-0.128],[-78,-0.119],[-77.997,-0.117],[-77.995,-0.111],[-77.992,-0.11],[-77.977,-0.122],[-77.974,-0.118],[-77.969,-0.122],[-77.966,-0.12],[-77.966,-0.115],[-77.961,-0.109],[-77.953,-0.104],[-77.938,-0.106],[-77.932,-0.1],[-77.931,-0.088],[-77.932,-0.086],[-77.937,-0.085],[-77.938,-0.082],[-77.935,-0.068],[-77.938,-0.058],[-77.942,-0.054],[-77.94,-0.05],[-77.936,-0.049],[-77.937,-0.044],[-77.935,-0.041],[-77.933,-0.041],[-77.92,-0.029],[-77.915,-0.027],[-77.909,-0.028],[-77.903,-0.024],[-77.873,-0.013],[-77.871,-0.009],[-77.868,-0.007],[-77.865,-0.008],[-77.864,-0.005],[-77.852,-0.004],[-77.845,0.004],[-77.846,0.011],[-77.844,0.012],[-77.844,0.016],[-77.841,0.018],[-77.845,0.022],[-77.836,0.03],[-77.832,0.03],[-77.826,0.034],[-77.82,0.034],[-77.814,0.03],[-77.812,0.024],[-77.802,0.024],[-77.799,0.027],[-77.793,0.021],[-77.791,0.022],[-77.785,0.02],[-77.781,0.016],[-77.779,0.011],[-77.785,0.004],[-77.787,0.004],[-77.788,0.002],[-77.786,-0.004],[-77.789,-0.01],[-77.794,-0.013],[-77.795,-0.016],[-77.785,-0.031],[-77.786,-0.038],[-77.783,-0.048],[-77.785,-0.053],[-77.78,-0.07],[-77.78,-0.08],[-77.782,-0.082],[-77.768,-0.085],[-77.765,-0.082],[-77.741,-0.079],[-77.734,-0.072],[-77.734,-0.067],[-77.738,-0.063],[-77.737,-0.057],[-77.733,-0.057],[-77.729,-0.054],[-77.722,-0.056],[-77.719,-0.063],[-77.711,-0.072],[-77.711,-0.079],[-77.698,-0.082],[-77.685,-0.081],[-77.678,-0.078],[-77.661,-0.081],[-77.638,-0.076],[-77.634,-0.076],[-77.632,-0.078],[-77.625,-0.077],[-77.62,-0.081],[-77.613,-0.082],[-77.603,-0.088],[-77.601,-0.093],[-77.596,-0.096],[-77.594,-0.101],[-77.589,-0.105],[-77.59,-0.11],[-77.585,-0.109],[-77.583,-0.108],[-77.581,-0.101],[-77.57,-0.095],[-77.57,-0.092],[-77.566,-0.087],[-77.564,-0.089],[-77.562,-0.086],[-77.559,-0.086],[-77.558,-0.079],[-77.551,-0.076],[-77.549,-0.07],[-77.544,-0.069],[-77.545,-0.066],[-77.538,-0.065],[-77.537,-0.063],[-77.539,-0.06],[-77.536,-0.056],[-77.53,-0.055],[-77.526,-0.057],[-77.524,-0.062],[-77.521,-0.061],[-77.512,-0.065],[-77.509,-0.064],[-77.508,-0.06],[-77.503,-0.056],[-77.505,-0.051],[-77.504,-0.047],[-77.507,-0.041],[-77.487,-0.041],[-77.486,-0.029],[-77.484,-0.026],[-77.474,-0.024],[-77.468,-0.018],[-77.466,-0.02],[-77.459,-0.019],[-77.455,-0.025],[-77.455,-0.033],[-77.452,-0.038],[-77.452,-0.043],[-77.456,-0.048],[-77.449,-0.054],[-77.451,-0.058],[-77.45,-0.061],[-77.444,-0.062],[-77.443,-0.06],[-77.44,-0.06],[-77.437,-0.063],[-77.439,-0.068],[-77.448,-0.07],[-77.449,-0.072],[-77.447,-0.077],[-77.456,-0.083],[-77.456,-0.085],[-77.449,-0.089],[-77.45,-0.092],[-77.448,-0.095],[-77.446,-0.094],[-77.444,-0.096],[-77.45,-0.113],[-77.455,-0.116],[-77.451,-0.121],[-77.451,-0.124],[-77.454,-0.127],[-77.454,-0.136],[-77.452,-0.138],[-77.449,-0.138],[-77.437,-0.129],[-77.434,-0.132],[-77.428,-0.131],[-77.413,-0.136],[-77.393,-0.139],[-77.387,-0.143],[-77.386,-0.149],[-77.383,-0.152],[-77.377,-0.152],[-77.375,-0.149],[-77.353,-0.136],[-77.34,-0.122],[-77.336,-0.105],[-77.329,-0.095],[-77.306,-0.073],[-77.301,-0.058],[-77.298,-0.06],[-77.297,-0.067],[-77.301,-0.071],[-77.3,-0.074],[-77.296,-0.076],[-77.294,-0.092],[-77.285,-0.106],[-77.285,-0.123],[-77.278,-0.134],[-77.281,-0.139],[-77.293,-0.139],[-77.296,-0.144],[-77.298,-0.152],[-77.294,-0.155],[-77.293,-0.161],[-77.296,-0.16],[-77.295,-0.175],[-77.299,-0.184],[-77.297,-0.192],[-77.298,-0.203],[-77.297,-0.205],[-77.292,-0.204],[-77.292,-0.206],[-77.287,-0.205],[-77.282,-0.21],[-77.279,-0.21],[-77.28,-0.213],[-77.275,-0.216],[-77.277,-0.219],[-77.275,-0.219],[-77.275,-0.226],[-77.268,-0.236],[-77.269,-0.239],[-77.264,-0.239],[-77.262,-0.236],[-77.261,-0.24],[-77.263,-0.246],[-77.265,-0.247],[-77.264,-0.256],[-77.27,-0.254],[-77.271,-0.251],[-77.273,-0.252],[-77.275,-0.262],[-77.273,-0.265],[-77.267,-0.266],[-77.259,-0.271],[-77.258,-0.27],[-77.258,-0.281],[-77.262,-0.286],[-77.262,-0.293],[-77.257,-0.298],[-77.257,-0.309],[-77.263,-0.311],[-77.263,-0.313],[-77.268,-0.312],[-77.27,-0.316],[-77.267,-0.321],[-77.268,-0.325],[-77.276,-0.332],[-77.278,-0.341],[-77.284,-0.341],[-77.288,-0.344],[-77.294,-0.34],[-77.301,-0.346],[-77.306,-0.354],[-77.312,-0.352],[-77.315,-0.355],[-77.32,-0.367],[-77.323,-0.369],[-77.337,-0.367],[-77.326,-0.382],[-77.325,-0.394],[-77.328,-0.398],[-77.324,-0.406],[-77.326,-0.412],[-77.325,-0.415],[-77.327,-0.417],[-77.326,-0.423],[-77.331,-0.426],[-77.343,-0.42],[-77.349,-0.419],[-77.356,-0.421],[-77.359,-0.428],[-77.365,-0.429],[-77.366,-0.436],[-77.362,-0.442],[-77.367,-0.442],[-77.37,-0.444],[-77.372,-0.45],[-77.371,-0.455],[-77.375,-0.46],[-77.381,-0.463],[-77.384,-0.473],[-77.384,-0.485],[-77.39,-0.49],[-77.391,-0.495],[-77.399,-0.496],[-77.403,-0.499],[-77.406,-0.498],[-77.408,-0.501],[-77.409,-0.5],[-77.416,-0.505],[-77.421,-0.514],[-77.427,-0.518],[-77.427,-0.522],[-77.432,-0.521],[-77.439,-0.513],[-77.45,-0.513],[-77.457,-0.511],[-77.462,-0.506],[-77.467,-0.505],[-77.481,-0.496],[-77.507,-0.488],[-77.52,-0.477],[-77.529,-0.476],[-77.534,-0.47],[-77.536,-0.463],[-77.553,-0.456],[-77.572,-0.465],[-77.568,-0.468],[-77.566,-0.476],[-77.566,-0.484],[-77.568,-0.485],[-77.562,-0.489],[-77.56,-0.494],[-77.561,-0.497],[-77.562,-0.498],[-77.564,-0.496],[-77.572,-0.501],[-77.575,-0.5],[-77.583,-0.507],[-77.586,-0.507],[-77.597,-0.516],[-77.598,-0.519],[-77.601,-0.52],[-77.602,-0.525],[-77.615,-0.524],[-77.622,-0.535],[-77.628,-0.54],[-77.626,-0.557],[-77.616,-0.564],[-77.612,-0.564],[-77.607,-0.56],[-77.595,-0.568],[-77.589,-0.588],[-77.59,-0.596],[-77.582,-0.603],[-77.58,-0.61],[-77.573,-0.615],[-77.544,-0.621],[-77.537,-0.62],[-77.532,-0.624],[-77.532,-0.641],[-77.53,-0.651],[-77.527,-0.663],[-77.521,-0.671],[-77.519,-0.685],[-77.498,-0.705],[-77.51,-0.719],[-77.515,-0.729],[-77.52,-0.733],[-77.527,-0.752],[-77.531,-0.759],[-77.535,-0.762],[-77.534,-0.77],[-77.537,-0.777],[-77.536,-0.782],[-77.543,-0.792],[-77.542,-0.795],[-77.534,-0.8],[-77.533,-0.807],[-77.53,-0.809],[-77.528,-0.814],[-77.529,-0.829],[-77.532,-0.836],[-77.531,-0.841],[-77.538,-0.85],[-77.535,-0.86],[-77.539,-0.868],[-77.539,-0.875],[-77.55,-0.88],[-77.553,-0.887],[-77.552,-0.894],[-77.554,-0.904],[-77.58,-0.915],[-77.589,-0.917],[-77.593,-0.923],[-77.587,-0.93],[-77.568,-0.933],[-77.567,-0.942],[-77.56,-0.942],[-77.556,-0.939],[-77.553,-0.942],[-77.546,-0.941],[-77.536,-0.943],[-77.53,-0.95],[-77.52,-0.948],[-77.515,-0.951],[-77.511,-0.944],[-77.508,-0.946],[-77.503,-0.942],[-77.5,-0.944],[-77.496,-0.941],[-77.492,-0.941],[-77.474,-0.926],[-77.47,-0.925],[-77.47,-0.919],[-77.464,-0.912],[-77.458,-0.917],[-77.455,-0.917],[-77.454,-0.91],[-77.456,-0.909],[-77.456,-0.904],[-77.453,-0.9],[-77.446,-0.898],[-77.445,-0.896],[-77.441,-0.896],[-77.43,-0.902],[-77.426,-0.902],[-77.423,-0.897],[-77.421,-0.898],[-77.421,-0.89],[-77.414,-0.89],[-77.411,-0.893],[-77.402,-0.892],[-77.4,-0.896],[-77.394,-0.895],[-77.391,-0.889],[-77.386,-0.892],[-77.383,-0.889],[-77.378,-0.888],[-77.38,-0.883],[-77.374,-0.883],[-77.372,-0.882],[-77.372,-0.879],[-77.365,-0.88],[-77.369,-0.876],[-77.369,-0.871],[-77.366,-0.869],[-77.361,-0.87],[-77.356,-0.874],[-77.352,-0.871],[-77.354,-0.865],[-77.35,-0.864],[-77.352,-0.863],[-77.35,-0.861],[-77.335,-0.861],[-77.331,-0.858],[-77.333,-0.854],[-77.328,-0.851],[-77.326,-0.852],[-77.324,-0.847],[-77.319,-0.848],[-77.309,-0.84],[-77.304,-0.845],[-77.295,-0.837],[-77.294,-0.839],[-77.286,-0.839],[-77.285,-0.837],[-77.281,-0.839],[-77.279,-0.836],[-77.278,-0.838],[-77.274,-0.831],[-77.271,-0.831],[-77.272,-0.828],[-77.266,-0.828],[-77.261,-0.824],[-77.262,-0.813],[-77.26,-0.81],[-77.255,-0.81],[-77.257,-0.807],[-77.253,-0.802],[-77.253,-0.794],[-77.25,-0.795],[-77.246,-0.791],[-77.244,-0.792],[-77.243,-0.79],[-77.238,-0.79],[-77.236,-0.786],[-77.237,-0.784],[-77.234,-0.78],[-77.227,-0.779],[-77.228,-0.777],[-77.224,-0.774],[-77.216,-0.772],[-77.21,-0.773],[-77.209,-0.771],[-77.207,-0.772],[-77.202,-0.765],[-77.202,-0.761],[-77.194,-0.758],[-77.187,-0.749],[-77.188,-0.747],[-77.185,-0.744],[-77.185,-0.738],[-77.178,-0.734],[-77.175,-0.735],[-77.164,-0.708],[-77.156,-0.708],[-77.145,-0.696],[-77.132,-0.694],[-77.127,-0.699],[-77.119,-0.696],[-77.115,-0.7],[-77.115,-0.708],[-77.119,-0.712],[-77.119,-0.724],[-77.122,-0.728],[-77.131,-0.733],[-77.135,-0.738],[-77.137,-0.745],[-77.142,-0.75],[-77.152,-0.753],[-77.154,-0.756],[-77.154,-0.762],[-77.158,-0.764],[-77.17,-0.762],[-77.185,-0.773],[-77.191,-0.788],[-77.194,-0.791],[-77.196,-0.79],[-77.206,-0.802],[-77.203,-0.815],[-77.191,-0.84],[-77.192,-0.848],[-77.197,-0.854],[-77.194,-0.855],[-77.193,-0.858],[-77.183,-0.855],[-77.178,-0.858],[-77.173,-0.862],[-77.173,-0.869],[-77.17,-0.869],[-77.167,-0.872],[-77.165,-0.877],[-77.162,-0.878],[-77.158,-0.875],[-77.148,-0.878],[-77.144,-0.883],[-77.142,-0.897],[-77.136,-0.901],[-77.118,-0.9],[-77.102,-0.91],[-77.096,-0.91],[-77.09,-0.913],[-77.063,-0.909],[-77.051,-0.91],[-77.041,-0.916],[-77.027,-0.921],[-77.029,-0.924],[-77.037,-0.924],[-77.037,-0.927],[-77.042,-0.931],[-77.047,-0.932],[-77.047,-0.934],[-77.052,-0.936],[-77.055,-0.947],[-77.071,-0.952],[-77.072,-0.951],[-77.073,-0.954],[-77.072,-0.971],[-77.069,-0.976],[-77.06,-0.978],[-77.056,-0.983],[-77.056,-0.986],[-77.038,-0.987],[-77.036,-0.991],[-77.053,-0.996],[-77.055,-1],[-77.052,-1.008],[-77.056,-1.006],[-77.06,-1.008],[-77.062,-1.004],[-77.066,-1.004],[-77.076,-1.011],[-77.084,-1.014],[-77.091,-1.014],[-77.095,-1.011],[-77.098,-1.014],[-77.1,-1.011],[-77.108,-1.008],[-77.122,-1.014],[-77.126,-1.011],[-77.128,-1.014],[-77.133,-1.014],[-77.136,-1.019],[-77.141,-1.018],[-77.141,-1.02],[-77.146,-1.018],[-77.155,-1.021],[-77.162,-1.02],[-77.163,-1.018],[-77.166,-1.018],[-77.167,-1.02],[-77.173,-1.017],[-77.175,-1.02],[-77.18,-1.022],[-77.184,-1.019],[-77.186,-1.023],[-77.193,-1.021],[-77.197,-1.023],[-77.197,-1.025],[-77.205,-1.025],[-77.207,-1.023],[-77.214,-1.026],[-77.216,-1.024],[-77.224,-1.024],[-77.23,-1.027],[-77.231,-1.031],[-77.229,-1.035],[-77.235,-1.046],[-77.235,-1.052],[-77.238,-1.054],[-77.246,-1.055],[-77.249,-1.053],[-77.26,-1.054],[-77.272,-1.052],[-77.274,-1.054],[-77.282,-1.055],[-77.283,-1.058],[-77.285,-1.056],[-77.294,-1.056],[-77.301,-1.062],[-77.302,-1.065],[-77.309,-1.065],[-77.322,-1.072],[-77.334,-1.068],[-77.35,-1.069],[-77.355,-1.067],[-77.357,-1.07],[-77.356,-1.078],[-77.348,-1.084],[-77.342,-1.104],[-77.348,-1.1],[-77.35,-1.1],[-77.351,-1.103],[-77.353,-1.103],[-77.354,-1.1],[-77.363,-1.101],[-77.362,-1.097],[-77.367,-1.095],[-77.369,-1.098],[-77.373,-1.091],[-77.383,-1.095],[-77.39,-1.089],[-77.391,-1.084],[-77.402,-1.091],[-77.4,-1.082],[-77.405,-1.079],[-77.412,-1.084],[-77.418,-1.084],[-77.423,-1.079],[-77.427,-1.082],[-77.428,-1.08],[-77.432,-1.081],[-77.432,-1.084],[-77.436,-1.085],[-77.44,-1.079],[-77.444,-1.077],[-77.451,-1.078],[-77.451,-1.082],[-77.446,-1.082],[-77.448,-1.085],[-77.45,-1.084],[-77.45,-1.088],[-77.444,-1.092],[-77.445,-1.094],[-77.45,-1.096],[-77.452,-1.095],[-77.454,-1.096],[-77.454,-1.099],[-77.463,-1.102],[-77.465,-1.101],[-77.469,-1.104],[-77.474,-1.102],[-77.48,-1.106],[-77.485,-1.105],[-77.488,-1.111],[-77.496,-1.112],[-77.497,-1.115],[-77.499,-1.114],[-77.507,-1.121],[-77.514,-1.12],[-77.518,-1.123],[-77.522,-1.122],[-77.523,-1.124],[-77.526,-1.124],[-77.533,-1.132],[-77.537,-1.134],[-77.536,-1.135],[-77.539,-1.139],[-77.544,-1.142],[-77.546,-1.147],[-77.551,-1.149],[-77.551,-1.152],[-77.563,-1.158],[-77.571,-1.149],[-77.58,-1.143],[-77.581,-1.138],[-77.583,-1.138],[-77.595,-1.124],[-77.602,-1.136],[-77.61,-1.139],[-77.616,-1.147],[-77.628,-1.143],[-77.638,-1.146],[-77.64,-1.142],[-77.643,-1.141],[-77.645,-1.134],[-77.655,-1.135],[-77.659,-1.142],[-77.663,-1.142],[-77.666,-1.146],[-77.67,-1.146],[-77.673,-1.143],[-77.682,-1.14],[-77.69,-1.141],[-77.697,-1.145],[-77.713,-1.172],[-77.716,-1.175],[-77.723,-1.177],[-77.729,-1.177],[-77.731,-1.171],[-77.724,-1.153],[-77.725,-1.151],[-77.73,-1.151],[-77.73,-1.148],[-77.735,-1.148],[-77.741,-1.155],[-77.747,-1.154],[-77.747,-1.158],[-77.75,-1.156],[-77.754,-1.161],[-77.76,-1.164],[-77.763,-1.163],[-77.763,-1.171],[-77.76,-1.173],[-77.76,-1.175],[-77.771,-1.179],[-77.773,-1.183],[-77.779,-1.185],[-77.786,-1.192],[-77.791,-1.192],[-77.804,-1.202],[-77.816,-1.205],[-77.82,-1.204],[-77.823,-1.21],[-77.832,-1.22],[-77.846,-1.218],[-77.855,-1.203],[-77.862,-1.199],[-77.864,-1.201],[-77.869,-1.201],[-77.877,-1.195],[-77.879,-1.197],[-77.88,-1.206],[-77.889,-1.222],[-77.889,-1.229],[-77.882,-1.235],[-77.882,-1.238],[-77.889,-1.245],[-77.904,-1.242],[-77.904,-1.24],[-77.916,-1.234],[-77.915,-1.232],[-77.919,-1.227],[-77.924,-1.225],[-77.926,-1.227],[-77.932,-1.225],[-77.936,-1.229],[-77.944,-1.224],[-77.945,-1.221],[-77.941,-1.213],[-77.943,-1.212],[-77.945,-1.206],[-77.951,-1.205],[-77.964,-1.213],[-77.968,-1.225],[-77.972,-1.224],[-77.977,-1.226],[-77.98,-1.223],[-77.99,-1.225],[-78,-1.224],[-78.001,-1.222],[-78.005,-1.221],[-78.009,-1.224],[-78.015,-1.224],[-78.019,-1.229],[-78.019,-1.233],[-78.024,-1.236],[-78.052,-1.248],[-78.061,-1.245],[-78.07,-1.238],[-78.075,-1.237],[-78.082,-1.23],[-78.086,-1.232],[-78.088,-1.229],[-78.09,-1.229],[-78.092,-1.233],[-78.095,-1.226],[-78.12,-1.215],[-78.117,-1.201],[-78.119,-1.194],[-78.127,-1.194],[-78.133,-1.188],[-78.135,-1.183],[-78.14,-1.181],[-78.145,-1.184],[-78.154,-1.18],[-78.163,-1.187],[-78.167,-1.188],[-78.177,-1.186],[-78.181,-1.182],[-78.188,-1.182],[-78.189,-1.178],[-78.186,-1.167],[-78.189,-1.16],[-78.191,-1.158],[-78.2,-1.157],[-78.221,-1.141],[-78.236,-1.145],[-78.251,-1.157],[-78.258,-1.154],[-78.263,-1.156],[-78.265,-1.154],[-78.266,-1.142],[-78.269,-1.141],[-78.275,-1.145],[-78.282,-1.142],[-78.307,-1.143],[-78.315,-1.148],[-78.317,-1.157],[-78.321,-1.164],[-78.336,-1.164],[-78.34,-1.167],[-78.343,-1.174],[-78.35,-1.174],[-78.355,-1.159],[-78.348,-1.15],[-78.347,-1.141],[-78.342,-1.14],[-78.337,-1.136],[-78.337,-1.116],[-78.334,-1.111],[-78.342,-1.099],[-78.342,-1.096],[-78.333,-1.083],[-78.335,-1.077],[-78.332,-1.067],[-78.332,-1.055],[-78.324,-1.045],[-78.323,-1.041],[-78.324,-1.039],[-78.329,-1.038],[-78.331,-1.034],[-78.344,-1.028],[-78.346,-1.022],[-78.36,-1.002],[-78.368,-1],[-78.378,-1.007],[-78.389,-1.008],[-78.398,-1.002],[-78.403,-0.996],[-78.405,-0.989],[-78.406,-0.975],[-78.402,-0.958],[-78.411,-0.943],[-78.41,-0.935],[-78.414,-0.927],[-78.411,-0.924],[-78.427,-0.89],[-78.427,-0.886],[-78.42,-0.878],[-78.403,-0.87],[-78.395,-0.869],[-78.383,-0.86],[-78.399,-0.842],[-78.394,-0.838],[-78.383,-0.838],[-78.383,-0.833],[-78.387,-0.83],[-78.389,-0.824],[-78.383,-0.817],[-78.381,-0.817],[-78.388,-0.811],[-78.395,-0.783],[-78.401,-0.771],[-78.4,-0.764],[-78.393,-0.76],[-78.394,-0.746],[-78.4,-0.736],[-78.405,-0.732],[-78.406,-0.726],[-78.41,-0.721]]]}},{"type":"Feature","properties":{"provincia":"Orellana"},"geometry":{"type":"Polygon","coordinates":[[[-77.301,-0.058],[-77.295,-0.052],[-77.288,-0.038],[-77.278,-0.045],[-77.272,-0.055],[-77.236,-0.07],[-77.226,-0.079],[-77.209,-0.086],[-77.206,-0.098],[-77.204,-0.099],[-77.2,-0.099],[-77.197,-0.094],[-77.188,-0.097],[-77.165,-0.099],[-77.16,-0.102],[-77.157,-0.098],[-77.159,-0.087],[-77.154,-0.09],[-77.15,-0.088],[-77.141,-0.088],[-77.119,-0.093],[-77.099,-0.109],[-77.094,-0.111],[-77.081,-0.109],[-77.065,-0.115],[-77.053,-0.114],[-77.042,-0.107],[-77.031,-0.107],[-77.026,-0.105],[-77.026,-0.103],[-77.022,-0.101],[-77.016,-0.1],[-77.007,-0.088],[-77,-0.085],[-76.998,-0.082],[-76.988,-0.082],[-76.979,-0.072],[-76.971,-0.071],[-76.962,-0.065],[-76.943,-0.063],[-76.936,-0.059],[-76.935,-0.086],[-76.927,-0.079],[-76.924,-0.081],[-76.909,-0.081],[-76.904,-0.108],[-76.901,-0.107],[-76.896,-0.109],[-76.893,-0.112],[-76.893,-0.117],[-76.879,-0.124],[-76.875,-0.128],[-76.876,-0.133],[-76.873,-0.139],[-76.871,-0.139],[-76.857,-0.161],[-76.856,-0.167],[-76.853,-0.169],[-76.85,-0.174],[-76.851,-0.175],[-76.847,-0.177],[-76.845,-0.182],[-76.842,-0.182],[-76.83,-0.19],[-76.826,-0.203],[-76.819,-0.207],[-76.818,-0.21],[-76.813,-0.212],[-76.812,-0.217],[-76.807,-0.222],[-76.801,-0.234],[-76.793,-0.238],[-76.79,-0.243],[-76.787,-0.243],[-76.785,-0.249],[-76.778,-0.25],[-76.777,-0.253],[-76.771,-0.257],[-76.765,-0.258],[-76.762,-0.262],[-76.764,-0.264],[-76.761,-0.271],[-76.765,-0.281],[-76.761,-0.282],[-76.756,-0.287],[-76.753,-0.287],[-76.753,-0.3],[-76.746,-0.305],[-76.744,-0.312],[-76.739,-0.313],[-76.74,-0.314],[-76.736,-0.32],[-76.728,-0.326],[-76.722,-0.333],[-76.724,-0.334],[-76.719,-0.338],[-76.728,-0.344],[-76.727,-0.346],[-76.722,-0.35],[-76.716,-0.349],[-76.714,-0.351],[-76.702,-0.352],[-76.699,-0.355],[-76.698,-0.36],[-76.689,-0.364],[-76.687,-0.371],[-76.674,-0.373],[-76.659,-0.39],[-76.654,-0.393],[-76.648,-0.393],[-76.646,-0.391],[-76.636,-0.398],[-76.633,-0.402],[-76.638,-0.41],[-76.64,-0.419],[-76.637,-0.42],[-76.633,-0.426],[-76.63,-0.426],[-76.628,-0.429],[-76.624,-0.43],[-76.607,-0.426],[-76.601,-0.432],[-76.596,-0.424],[-76.568,-0.41],[-76.55,-0.41],[-76.543,-0.417],[-76.536,-0.432],[-76.525,-0.439],[-76.503,-0.445],[-76.49,-0.468],[-76.471,-0.483],[-76.449,-0.488],[-76.431,-0.484],[-76.42,-0.487],[-76.404,-0.5],[-76.397,-0.512],[-76.385,-0.522],[-76.375,-0.521],[-76.365,-0.516],[-76.353,-0.503],[-76.329,-0.483],[-76.316,-0.482],[-76.289,-0.475],[-76.271,-0.456],[-76.256,-0.447],[-76.245,-0.447],[-76.231,-0.451],[-76.216,-0.447],[-76.169,-0.442],[-76.148,-0.445],[-76.128,-0.452],[-76.118,-0.449],[-76.096,-0.438],[-76.09,-0.438],[-76.08,-0.443],[-76.077,-0.448],[-76.072,-0.462],[-76.069,-0.482],[-76.053,-0.51],[-76.031,-0.525],[-76.006,-0.539],[-76.002,-0.545],[-75.985,-0.555],[-75.927,-0.571],[-75.925,-0.562],[-75.926,-0.557],[-75.933,-0.555],[-75.938,-0.549],[-75.941,-0.535],[-75.935,-0.412],[-75.932,-0.408],[-75.9,-0.405],[-75.893,-0.41],[-75.87,-0.414],[-75.869,-0.417],[-75.867,-0.415],[-75.862,-0.415],[-75.854,-0.423],[-75.851,-0.43],[-75.838,-0.437],[-75.836,-0.434],[-75.829,-0.437],[-75.822,-0.436],[-75.808,-0.429],[-75.802,-0.429],[-75.799,-0.431],[-75.79,-0.424],[-75.786,-0.425],[-75.781,-0.423],[-75.778,-0.419],[-75.769,-0.423],[-75.758,-0.423],[-75.757,-0.421],[-75.754,-0.422],[-75.749,-0.42],[-75.744,-0.421],[-75.74,-0.424],[-75.731,-0.437],[-75.727,-0.438],[-75.723,-0.443],[-75.723,-0.448],[-75.717,-0.457],[-75.719,-0.466],[-75.715,-0.465],[-75.703,-0.473],[-75.695,-0.47],[-75.693,-0.467],[-75.688,-0.466],[-75.684,-0.468],[-75.683,-0.465],[-75.677,-0.464],[-75.672,-0.46],[-75.669,-0.461],[-75.664,-0.457],[-75.658,-0.456],[-75.658,-0.453],[-75.653,-0.452],[-75.648,-0.455],[-75.647,-0.466],[-75.637,-0.469],[-75.637,-0.472],[-75.634,-0.475],[-75.632,-0.473],[-75.628,-0.475],[-75.626,-0.474],[-75.617,-0.477],[-75.613,-0.483],[-75.6,-0.484],[-75.597,-0.486],[-75.592,-0.496],[-75.591,-0.505],[-75.584,-0.507],[-75.583,-0.504],[-75.585,-0.498],[-75.581,-0.493],[-75.576,-0.492],[-75.573,-0.494],[-75.569,-0.5],[-75.569,-0.506],[-75.574,-0.519],[-75.571,-0.521],[-75.561,-0.521],[-75.559,-0.523],[-75.563,-0.543],[-75.561,-0.547],[-75.557,-0.549],[-75.548,-0.549],[-75.538,-0.542],[-75.534,-0.542],[-75.528,-0.548],[-75.514,-0.556],[-75.507,-0.557],[-75.501,-0.552],[-75.496,-0.544],[-75.492,-0.544],[-75.487,-0.55],[-75.485,-0.556],[-75.481,-0.557],[-75.468,-0.546],[-75.463,-0.546],[-75.447,-0.553],[-75.442,-0.553],[-75.435,-0.557],[-75.43,-0.563],[-75.421,-0.567],[-75.411,-0.563],[-75.404,-0.564],[-75.396,-0.576],[-75.395,-0.593],[-75.39,-0.598],[-75.387,-0.606],[-75.378,-0.61],[-75.37,-0.602],[-75.368,-0.602],[-75.364,-0.606],[-75.357,-0.608],[-75.35,-0.614],[-75.348,-0.619],[-75.343,-0.622],[-75.337,-0.622],[-75.321,-0.615],[-75.316,-0.617],[-75.313,-0.624],[-75.306,-0.631],[-75.298,-0.629],[-75.286,-0.619],[-75.284,-0.621],[-75.284,-0.642],[-75.287,-0.645],[-75.288,-0.655],[-75.282,-0.655],[-75.272,-0.644],[-75.266,-0.644],[-75.261,-0.647],[-75.26,-0.652],[-75.274,-0.665],[-75.274,-0.674],[-75.249,-0.695],[-75.249,-0.7],[-75.27,-0.71],[-75.276,-0.724],[-75.276,-0.731],[-75.268,-0.747],[-75.253,-0.764],[-75.257,-0.773],[-75.265,-0.778],[-75.269,-0.786],[-75.268,-0.788],[-75.259,-0.792],[-75.243,-0.797],[-75.242,-0.801],[-75.242,-0.813],[-75.251,-0.829],[-75.252,-0.834],[-75.24,-0.855],[-75.225,-0.862],[-75.221,-0.869],[-75.224,-0.884],[-75.224,-0.909],[-75.233,-0.928],[-75.234,-0.934],[-75.231,-0.939],[-75.216,-0.953],[-75.201,-0.959],[-75.193,-0.971],[-75.22,-0.971],[-75.237,-0.976],[-75.243,-0.983],[-75.26,-0.989],[-75.283,-0.984],[-75.314,-0.984],[-75.336,-0.96],[-75.356,-0.951],[-75.372,-0.941],[-75.38,-0.931],[-75.384,-0.934],[-75.405,-1.004],[-75.555,-1.547],[-75.559,-1.55],[-75.557,-1.56],[-75.559,-1.563],[-75.564,-1.564],[-75.567,-1.557],[-75.575,-1.553],[-75.578,-1.547],[-75.587,-1.55],[-75.596,-1.541],[-75.593,-1.533],[-75.588,-1.532],[-75.591,-1.526],[-75.595,-1.527],[-75.596,-1.525],[-75.588,-1.511],[-75.59,-1.51],[-75.591,-1.516],[-75.594,-1.515],[-75.596,-1.51],[-75.595,-1.506],[-75.598,-1.504],[-75.601,-1.497],[-75.609,-1.493],[-75.613,-1.502],[-75.616,-1.5],[-75.613,-1.499],[-75.614,-1.496],[-75.623,-1.502],[-75.634,-1.5],[-75.636,-1.498],[-75.631,-1.492],[-75.636,-1.493],[-75.638,-1.496],[-75.641,-1.495],[-75.64,-1.488],[-75.636,-1.487],[-75.636,-1.482],[-75.641,-1.485],[-75.641,-1.489],[-75.646,-1.489],[-75.647,-1.492],[-75.65,-1.493],[-75.653,-1.491],[-75.652,-1.489],[-75.648,-1.488],[-75.652,-1.481],[-75.649,-1.478],[-75.65,-1.476],[-75.657,-1.476],[-75.659,-1.478],[-75.661,-1.488],[-75.664,-1.486],[-75.666,-1.479],[-75.67,-1.477],[-75.675,-1.468],[-75.677,-1.467],[-75.684,-1.47],[-75.689,-1.466],[-75.699,-1.465],[-75.698,-1.451],[-75.701,-1.447],[-75.71,-1.453],[-75.712,-1.463],[-75.717,-1.463],[-75.72,-1.461],[-75.721,-1.456],[-75.717,-1.454],[-75.715,-1.45],[-75.723,-1.445],[-75.725,-1.44],[-75.732,-1.438],[-75.737,-1.439],[-75.739,-1.436],[-75.738,-1.426],[-75.74,-1.424],[-75.74,-1.416],[-75.744,-1.417],[-75.747,-1.422],[-75.75,-1.423],[-75.751,-1.42],[-75.745,-1.414],[-75.744,-1.409],[-75.748,-1.405],[-75.754,-1.406],[-75.757,-1.401],[-75.759,-1.402],[-75.757,-1.408],[-75.758,-1.414],[-75.76,-1.415],[-75.761,-1.412],[-75.77,-1.406],[-75.778,-1.395],[-75.785,-1.403],[-75.794,-1.404],[-75.801,-1.403],[-75.804,-1.398],[-75.808,-1.397],[-75.821,-1.383],[-75.824,-1.384],[-75.826,-1.388],[-75.833,-1.391],[-75.836,-1.39],[-75.831,-1.382],[-75.832,-1.379],[-75.837,-1.376],[-75.845,-1.374],[-75.844,-1.366],[-75.841,-1.363],[-75.845,-1.355],[-75.848,-1.355],[-75.855,-1.361],[-75.868,-1.355],[-75.879,-1.356],[-75.882,-1.352],[-75.882,-1.34],[-75.875,-1.335],[-75.875,-1.332],[-75.877,-1.331],[-75.885,-1.335],[-75.885,-1.338],[-75.887,-1.339],[-75.891,-1.339],[-75.895,-1.334],[-75.899,-1.333],[-75.901,-1.337],[-75.893,-1.347],[-75.894,-1.349],[-75.901,-1.351],[-75.905,-1.349],[-75.911,-1.359],[-75.915,-1.361],[-75.918,-1.36],[-75.919,-1.357],[-75.917,-1.351],[-75.919,-1.346],[-75.921,-1.347],[-75.919,-1.352],[-75.926,-1.35],[-75.926,-1.354],[-75.931,-1.358],[-75.939,-1.36],[-75.938,-1.351],[-75.94,-1.35],[-75.948,-1.357],[-75.951,-1.354],[-75.954,-1.355],[-75.958,-1.353],[-75.959,-1.346],[-75.968,-1.346],[-75.969,-1.34],[-75.974,-1.336],[-75.97,-1.332],[-75.972,-1.329],[-75.981,-1.335],[-75.986,-1.333],[-75.986,-1.336],[-75.988,-1.337],[-75.996,-1.335],[-75.998,-1.329],[-75.994,-1.329],[-75.994,-1.327],[-75.997,-1.326],[-75.997,-1.315],[-76,-1.313],[-76.001,-1.309],[-76.005,-1.31],[-76.006,-1.316],[-76.009,-1.314],[-76.011,-1.307],[-76.013,-1.306],[-76.015,-1.309],[-76.024,-1.309],[-76.024,-1.315],[-76.027,-1.316],[-76.026,-1.311],[-76.029,-1.309],[-76.033,-1.31],[-76.036,-1.314],[-76.04,-1.31],[-76.039,-1.305],[-76.046,-1.304],[-76.044,-1.298],[-76.049,-1.297],[-76.057,-1.299],[-76.054,-1.305],[-76.057,-1.307],[-76.062,-1.307],[-76.064,-1.305],[-76.063,-1.297],[-76.061,-1.292],[-76.057,-1.289],[-76.057,-1.286],[-76.058,-1.285],[-76.065,-1.288],[-76.068,-1.287],[-76.063,-1.278],[-76.071,-1.28],[-76.073,-1.282],[-76.075,-1.292],[-76.082,-1.296],[-76.088,-1.291],[-76.089,-1.281],[-76.098,-1.279],[-76.101,-1.282],[-76.106,-1.279],[-76.11,-1.28],[-76.112,-1.273],[-76.119,-1.273],[-76.122,-1.275],[-76.125,-1.283],[-76.128,-1.285],[-76.13,-1.283],[-76.13,-1.277],[-76.133,-1.275],[-76.136,-1.276],[-76.143,-1.29],[-76.145,-1.29],[-76.147,-1.285],[-76.15,-1.283],[-76.151,-1.284],[-76.153,-1.292],[-76.159,-1.303],[-76.163,-1.302],[-76.163,-1.298],[-76.166,-1.295],[-76.169,-1.294],[-76.174,-1.298],[-76.176,-1.297],[-76.179,-1.287],[-76.186,-1.288],[-76.193,-1.294],[-76.204,-1.295],[-76.22,-1.286],[-76.228,-1.291],[-76.226,-1.293],[-76.235,-1.3],[-76.24,-1.298],[-76.245,-1.287],[-76.248,-1.288],[-76.25,-1.293],[-76.249,-1.301],[-76.252,-1.306],[-76.255,-1.306],[-76.255,-1.303],[-76.26,-1.301],[-76.262,-1.297],[-76.267,-1.295],[-76.271,-1.296],[-76.267,-1.3],[-76.266,-1.305],[-76.274,-1.305],[-76.285,-1.309],[-76.282,-1.315],[-76.286,-1.318],[-76.288,-1.316],[-76.29,-1.306],[-76.292,-1.306],[-76.294,-1.31],[-76.303,-1.306],[-76.306,-1.301],[-76.31,-1.307],[-76.316,-1.304],[-76.322,-1.306],[-76.328,-1.305],[-76.337,-1.3],[-76.341,-1.3],[-76.342,-1.296],[-76.346,-1.292],[-76.353,-1.291],[-76.364,-1.293],[-76.366,-1.291],[-76.365,-1.288],[-76.357,-1.286],[-76.355,-1.281],[-76.362,-1.278],[-76.364,-1.278],[-76.366,-1.281],[-76.37,-1.281],[-76.364,-1.273],[-76.365,-1.269],[-76.368,-1.267],[-76.372,-1.267],[-76.37,-1.271],[-76.371,-1.274],[-76.375,-1.271],[-76.384,-1.271],[-76.391,-1.268],[-76.395,-1.254],[-76.409,-1.26],[-76.409,-1.262],[-76.418,-1.272],[-76.427,-1.264],[-76.43,-1.255],[-76.432,-1.254],[-76.438,-1.256],[-76.439,-1.261],[-76.436,-1.266],[-76.441,-1.265],[-76.442,-1.267],[-76.445,-1.266],[-76.445,-1.263],[-76.452,-1.263],[-76.457,-1.257],[-76.456,-1.248],[-76.459,-1.248],[-76.463,-1.259],[-76.466,-1.262],[-76.467,-1.257],[-76.475,-1.256],[-76.476,-1.25],[-76.479,-1.248],[-76.482,-1.249],[-76.482,-1.245],[-76.476,-1.245],[-76.475,-1.242],[-76.477,-1.239],[-76.477,-1.23],[-76.481,-1.231],[-76.485,-1.236],[-76.488,-1.235],[-76.489,-1.231],[-76.486,-1.228],[-76.492,-1.225],[-76.492,-1.223],[-76.489,-1.223],[-76.489,-1.221],[-76.497,-1.22],[-76.497,-1.215],[-76.5,-1.215],[-76.499,-1.219],[-76.501,-1.219],[-76.503,-1.212],[-76.506,-1.212],[-76.506,-1.207],[-76.512,-1.212],[-76.514,-1.211],[-76.514,-1.208],[-76.516,-1.209],[-76.519,-1.203],[-76.516,-1.203],[-76.515,-1.198],[-76.521,-1.199],[-76.525,-1.195],[-76.527,-1.197],[-76.529,-1.192],[-76.528,-1.187],[-76.526,-1.186],[-76.527,-1.183],[-76.523,-1.182],[-76.521,-1.176],[-76.526,-1.176],[-76.523,-1.175],[-76.523,-1.173],[-76.525,-1.173],[-76.525,-1.169],[-76.529,-1.167],[-76.526,-1.165],[-76.529,-1.161],[-76.526,-1.157],[-76.528,-1.156],[-76.525,-1.153],[-76.526,-1.151],[-76.52,-1.146],[-76.523,-1.144],[-76.523,-1.142],[-76.521,-1.142],[-76.522,-1.132],[-76.52,-1.13],[-76.522,-1.129],[-76.521,-1.126],[-76.517,-1.126],[-76.516,-1.12],[-76.522,-1.12],[-76.524,-1.115],[-76.521,-1.114],[-76.521,-1.11],[-76.523,-1.108],[-76.522,-1.104],[-76.517,-1.104],[-76.518,-1.1],[-76.514,-1.094],[-76.518,-1.087],[-76.513,-1.075],[-76.515,-1.067],[-76.519,-1.067],[-76.52,-1.065],[-76.517,-1.064],[-76.517,-1.06],[-76.521,-1.058],[-76.523,-1.053],[-76.538,-1.053],[-76.538,-1.059],[-76.54,-1.059],[-76.54,-1.062],[-76.544,-1.067],[-76.548,-1.068],[-76.555,-1.063],[-76.559,-1.063],[-76.559,-1.06],[-76.563,-1.06],[-76.571,-1.061],[-76.582,-1.068],[-76.586,-1.067],[-76.6,-1.072],[-76.602,-1.069],[-76.605,-1.071],[-76.613,-1.07],[-76.615,-1.065],[-76.619,-1.067],[-76.625,-1.065],[-76.63,-1.066],[-76.638,-1.06],[-76.66,-1.074],[-76.689,-1.084],[-76.709,-1.096],[-76.724,-1.1],[-76.726,-1.106],[-76.736,-1.101],[-76.74,-1.101],[-76.74,-1.099],[-76.748,-1.094],[-76.749,-1.096],[-76.764,-1.097],[-76.765,-1.094],[-76.768,-1.095],[-76.772,-1.09],[-76.774,-1.091],[-76.775,-1.096],[-76.781,-1.093],[-76.793,-1.098],[-76.796,-1.103],[-76.807,-1.111],[-76.817,-1.108],[-76.823,-1.11],[-76.831,-1.109],[-76.836,-1.134],[-76.833,-1.146],[-76.835,-1.151],[-76.835,-1.159],[-76.837,-1.16],[-76.839,-1.158],[-76.841,-1.16],[-76.842,-1.158],[-76.854,-1.163],[-76.859,-1.163],[-76.864,-1.158],[-76.871,-1.156],[-76.874,-1.152],[-76.879,-1.152],[-76.877,-1.147],[-76.883,-1.145],[-76.889,-1.14],[-76.889,-1.135],[-76.892,-1.131],[-76.898,-1.131],[-76.897,-1.128],[-76.899,-1.127],[-76.913,-1.127],[-76.92,-1.121],[-76.924,-1.124],[-76.932,-1.121],[-76.936,-1.121],[-76.938,-1.124],[-76.94,-1.121],[-76.951,-1.123],[-76.952,-1.12],[-76.963,-1.119],[-76.964,-1.111],[-76.967,-1.106],[-76.973,-1.107],[-76.978,-1.105],[-76.985,-1.107],[-76.991,-1.101],[-76.993,-1.103],[-76.998,-1.103],[-77.003,-1.101],[-77.008,-1.093],[-77.011,-1.097],[-77.016,-1.099],[-77.018,-1.097],[-77.017,-1.095],[-77.02,-1.094],[-77.034,-1.098],[-77.044,-1.082],[-77.063,-1.068],[-77.065,-1.061],[-77.074,-1.051],[-77.09,-1.044],[-77.102,-1.035],[-77.103,-1.022],[-77.082,-1.021],[-77.075,-1.019],[-77.065,-1.013],[-77.061,-1.007],[-77.056,-1.006],[-77.052,-1.008],[-77.055,-1],[-77.053,-0.996],[-77.036,-0.991],[-77.038,-0.987],[-77.056,-0.986],[-77.056,-0.983],[-77.06,-0.978],[-77.069,-0.976],[-77.072,-0.971],[-77.073,-0.954],[-77.072,-0.951],[-77.071,-0.952],[-77.055,-0.947],[-77.052,-0.936],[-77.047,-0.934],[-77.047,-0.932],[-77.042,-0.931],[-77.037,-0.927],[-77.037,-0.924],[-77.029,-0.924],[-77.027,-0.921],[-77.041,-0.916],[-77.051,-0.91],[-77.063,-0.909],[-77.09,-0.913],[-77.096,-0.91],[-77.102,-0.91],[-77.118,-0.9],[-77.136,-0.901],[-77.142,-0.897],[-77.144,-0.883],[-77.148,-0.878],[-77.158,-0.875],[-77.162,-0.878],[-77.165,-0.877],[-77.167,-0.872],[-77.17,-0.869],[-77.173,-0.869],[-77.173,-0.862],[-77.178,-0.858],[-77.183,-0.855],[-77.193,-0.858],[-77.194,-0.855],[-77.197,-0.854],[-77.192,-0.848],[-77.191,-0.84],[-77.203,-0.815],[-77.206,-0.802],[-77.196,-0.79],[-77.194,-0.791],[-77.191,-0.788],[-77.185,-0.773],[-77.17,-0.762],[-77.158,-0.764],[-77.154,-0.762],[-77.154,-0.756],[-77.152,-0.753],[-77.142,-0.75],[-77.137,-0.745],[-77.135,-0.738],[-77.131,-0.733],[-77.122,-0.728],[-77.118,-0.719],[-77.119,-0.712],[-77.115,-0.708],[-77.114,-0.704],[-77.116,-0.698],[-77.119,-0.696],[-77.127,-0.699],[-77.132,-0.694],[-77.142,-0.695],[-77.145,-0.696],[-77.156,-0.708],[-77.164,-0.708],[-77.175,-0.735],[-77.178,-0.734],[-77.185,-0.738],[-77.185,-0.744],[-77.191,-0.755],[-77.202,-0.761],[-77.202,-0.765],[-77.207,-0.772],[-77.209,-0.771],[-77.21,-0.773],[-77.216,-0.772],[-77.224,-0.774],[-77.228,-0.777],[-77.227,-0.779],[-77.234,-0.78],[-77.237,-0.784],[-77.236,-0.786],[-77.238,-0.79],[-77.24,-0.789],[-77.244,-0.792],[-77.246,-0.791],[-77.25,-0.795],[-77.253,-0.794],[-77.253,-0.802],[-77.257,-0.807],[-77.255,-0.81],[-77.26,-0.81],[-77.262,-0.813],[-77.261,-0.824],[-77.266,-0.828],[-77.272,-0.828],[-77.271,-0.831],[-77.274,-0.831],[-77.278,-0.838],[-77.279,-0.836],[-77.281,-0.839],[-77.285,-0.837],[-77.286,-0.839],[-77.294,-0.839],[-77.295,-0.837],[-77.304,-0.845],[-77.309,-0.84],[-77.319,-0.848],[-77.324,-0.847],[-77.326,-0.852],[-77.328,-0.851],[-77.333,-0.854],[-77.331,-0.858],[-77.335,-0.861],[-77.35,-0.861],[-77.352,-0.863],[-77.35,-0.864],[-77.354,-0.865],[-77.352,-0.871],[-77.356,-0.874],[-77.361,-0.87],[-77.366,-0.869],[-77.369,-0.871],[-77.369,-0.876],[-77.365,-0.88],[-77.372,-0.879],[-77.372,-0.882],[-77.374,-0.883],[-77.38,-0.883],[-77.378,-0.888],[-77.383,-0.889],[-77.386,-0.892],[-77.391,-0.889],[-77.394,-0.895],[-77.4,-0.896],[-77.402,-0.892],[-77.411,-0.893],[-77.414,-0.89],[-77.421,-0.89],[-77.421,-0.898],[-77.423,-0.897],[-77.426,-0.902],[-77.43,-0.902],[-77.441,-0.896],[-77.445,-0.896],[-77.446,-0.898],[-77.453,-0.9],[-77.456,-0.904],[-77.456,-0.909],[-77.454,-0.91],[-77.455,-0.917],[-77.458,-0.917],[-77.464,-0.912],[-77.47,-0.919],[-77.47,-0.925],[-77.474,-0.926],[-77.492,-0.941],[-77.496,-0.941],[-77.5,-0.944],[-77.503,-0.942],[-77.508,-0.946],[-77.511,-0.944],[-77.515,-0.951],[-77.52,-0.948],[-77.53,-0.95],[-77.536,-0.943],[-77.546,-0.941],[-77.553,-0.942],[-77.556,-0.939],[-77.564,-0.943],[-77.567,-0.942],[-77.568,-0.933],[-77.587,-0.93],[-77.593,-0.923],[-77.589,-0.917],[-77.58,-0.915],[-77.554,-0.904],[-77.552,-0.894],[-77.553,-0.887],[-77.55,-0.88],[-77.539,-0.875],[-77.539,-0.868],[-77.535,-0.86],[-77.538,-0.85],[-77.531,-0.841],[-77.532,-0.836],[-77.529,-0.829],[-77.528,-0.814],[-77.53,-0.809],[-77.533,-0.807],[-77.534,-0.8],[-77.542,-0.795],[-77.543,-0.792],[-77.536,-0.782],[-77.537,-0.777],[-77.534,-0.77],[-77.535,-0.762],[-77.531,-0.759],[-77.527,-0.752],[-77.52,-0.733],[-77.515,-0.729],[-77.51,-0.719],[-77.498,-0.705],[-77.519,-0.685],[-77.521,-0.671],[-77.527,-0.663],[-77.53,-0.651],[-77.532,-0.641],[-77.532,-0.624],[-77.537,-0.62],[-77.544,-0.621],[-77.573,-0.615],[-77.58,-0.61],[-77.582,-0.603],[-77.59,-0.596],[-77.589,-0.588],[-77.595,-0.568],[-77.607,-0.56],[-77.612,-0.564],[-77.616,-0.564],[-77.626,-0.557],[-77.628,-0.54],[-77.622,-0.535],[-77.615,-0.524],[-77.602,-0.525],[-77.601,-0.52],[-77.598,-0.519],[-77.597,-0.516],[-77.586,-0.507],[-77.583,-0.507],[-77.575,-0.5],[-77.572,-0.501],[-77.564,-0.496],[-77.562,-0.498],[-77.561,-0.497],[-77.56,-0.494],[-77.562,-0.489],[-77.568,-0.485],[-77.566,-0.484],[-77.568,-0.468],[-77.572,-0.465],[-77.553,-0.456],[-77.536,-0.463],[-77.534,-0.47],[-77.529,-0.476],[-77.52,-0.477],[-77.507,-0.488],[-77.481,-0.496],[-77.467,-0.505],[-77.462,-0.506],[-77.457,-0.511],[-77.45,-0.513],[-77.439,-0.513],[-77.432,-0.521],[-77.427,-0.522],[-77.427,-0.518],[-77.421,-0.514],[-77.416,-0.505],[-77.409,-0.5],[-77.408,-0.501],[-77.406,-0.498],[-77.403,-0.499],[-77.399,-0.496],[-77.391,-0.495],[-77.39,-0.49],[-77.384,-0.485],[-77.384,-0.473],[-77.381,-0.463],[-77.375,-0.46],[-77.371,-0.455],[-77.372,-0.45],[-77.37,-0.444],[-77.367,-0.442],[-77.362,-0.442],[-77.366,-0.436],[-77.365,-0.429],[-77.359,-0.428],[-77.356,-0.421],[-77.349,-0.419],[-77.343,-0.42],[-77.331,-0.426],[-77.326,-0.423],[-77.327,-0.417],[-77.325,-0.415],[-77.326,-0.412],[-77.324,-0.406],[-77.328,-0.398],[-77.325,-0.394],[-77.326,-0.382],[-77.337,-0.367],[-77.323,-0.369],[-77.32,-0.367],[-77.315,-0.355],[-77.312,-0.352],[-77.306,-0.354],[-77.301,-0.346],[-77.294,-0.34],[-77.288,-0.344],[-77.284,-0.341],[-77.278,-0.341],[-77.276,-0.332],[-77.268,-0.325],[-77.267,-0.321],[-77.27,-0.316],[-77.268,-0.312],[-77.263,-0.313],[-77.263,-0.311],[-77.257,-0.309],[-77.257,-0.298],[-77.262,-0.293],[-77.262,-0.286],[-77.258,-0.281],[-77.258,-0.27],[-77.259,-0.271],[-77.267,-0.266],[-77.273,-0.265],[-77.275,-0.262],[-77.273,-0.252],[-77.271,-0.251],[-77.27,-0.254],[-77.264,-0.256],[-77.265,-0.247],[-77.263,-0.246],[-77.261,-0.24],[-77.262,-0.236],[-77.264,-0.239],[-77.269,-0.239],[-77.268,-0.236],[-77.275,-0.226],[-77.275,-0.219],[-77.277,-0.219],[-77.275,-0.216],[-77.28,-0.213],[-77.279,-0.21],[-77.282,-0.21],[-77.287,-0.205],[-77.292,-0.206],[-77.292,-0.204],[-77.297,-0.205],[-77.298,-0.203],[-77.297,-0.192],[-77.299,-0.184],[-77.295,-0.175],[-77.296,-0.16],[-77.293,-0.161],[-77.294,-0.155],[-77.298,-0.152],[-77.296,-0.144],[-77.293,-0.139],[-77.281,-0.139],[-77.278,-0.134],[-77.285,-0.123],[-77.285,-0.106],[-77.294,-0.092],[-77.296,-0.076],[-77.3,-0.074],[-77.301,-0.071],[-77.297,-0.067],[-77.298,-0.06],[-77.301,-0.058]]]}},{"type":"Feature","properties":{"provincia":"Pastaza"},"geometry":{"type":"Polygon","coordinates":[[[-78.18,-1.448],[-78.161,-1.435],[-78.152,-1.431],[-78.15,-1.42],[-78.144,-1.415],[-78.144,-1.411],[-78.15,-1.407],[-78.148,-1.404],[-78.148,-1.397],[-78.139,-1.395],[-78.132,-1.386],[-78.128,-1.384],[-78.126,-1.381],[-78.127,-1.365],[-78.12,-1.363],[-78.119,-1.344],[-78.122,-1.335],[-78.115,-1.322],[-78.118,-1.306],[-78.113,-1.299],[-78.113,-1.285],[-78.11,-1.279],[-78.115,-1.275],[-78.119,-1.266],[-78.117,-1.249],[-78.12,-1.228],[-78.123,-1.224],[-78.12,-1.215],[-78.095,-1.226],[-78.092,-1.233],[-78.09,-1.229],[-78.088,-1.229],[-78.086,-1.232],[-78.082,-1.23],[-78.075,-1.237],[-78.07,-1.238],[-78.061,-1.245],[-78.052,-1.248],[-78.024,-1.236],[-78.019,-1.233],[-78.019,-1.229],[-78.015,-1.224],[-78.009,-1.224],[-78.005,-1.221],[-78.001,-1.222],[-78,-1.224],[-77.99,-1.225],[-77.98,-1.223],[-77.977,-1.226],[-77.972,-1.224],[-77.968,-1.225],[-77.964,-1.213],[-77.951,-1.205],[-77.945,-1.206],[-77.943,-1.212],[-77.941,-1.213],[-77.945,-1.221],[-77.944,-1.224],[-77.936,-1.229],[-77.932,-1.225],[-77.926,-1.227],[-77.924,-1.225],[-77.919,-1.227],[-77.915,-1.232],[-77.916,-1.234],[-77.904,-1.24],[-77.904,-1.242],[-77.889,-1.245],[-77.882,-1.238],[-77.882,-1.235],[-77.889,-1.229],[-77.889,-1.222],[-77.88,-1.206],[-77.879,-1.197],[-77.877,-1.195],[-77.869,-1.201],[-77.864,-1.201],[-77.862,-1.199],[-77.855,-1.203],[-77.846,-1.218],[-77.832,-1.22],[-77.823,-1.21],[-77.82,-1.204],[-77.816,-1.205],[-77.804,-1.202],[-77.791,-1.192],[-77.786,-1.192],[-77.779,-1.185],[-77.773,-1.183],[-77.771,-1.179],[-77.76,-1.175],[-77.76,-1.173],[-77.763,-1.171],[-77.763,-1.163],[-77.76,-1.164],[-77.754,-1.161],[-77.75,-1.156],[-77.747,-1.158],[-77.747,-1.154],[-77.741,-1.155],[-77.735,-1.148],[-77.73,-1.148],[-77.73,-1.151],[-77.725,-1.151],[-77.724,-1.153],[-77.731,-1.171],[-77.729,-1.177],[-77.723,-1.177],[-77.716,-1.175],[-77.713,-1.172],[-77.697,-1.145],[-77.69,-1.141],[-77.682,-1.14],[-77.673,-1.143],[-77.67,-1.146],[-77.666,-1.146],[-77.663,-1.142],[-77.659,-1.142],[-77.655,-1.135],[-77.645,-1.134],[-77.643,-1.141],[-77.64,-1.142],[-77.638,-1.146],[-77.628,-1.143],[-77.616,-1.147],[-77.61,-1.139],[-77.602,-1.136],[-77.595,-1.124],[-77.583,-1.138],[-77.581,-1.138],[-77.58,-1.143],[-77.571,-1.149],[-77.563,-1.158],[-77.551,-1.152],[-77.551,-1.149],[-77.546,-1.147],[-77.544,-1.142],[-77.539,-1.139],[-77.536,-1.135],[-77.537,-1.134],[-77.533,-1.132],[-77.526,-1.124],[-77.523,-1.124],[-77.522,-1.122],[-77.518,-1.123],[-77.514,-1.12],[-77.507,-1.121],[-77.499,-1.114],[-77.497,-1.115],[-77.496,-1.112],[-77.488,-1.111],[-77.485,-1.105],[-77.48,-1.106],[-77.474,-1.102],[-77.469,-1.104],[-77.468,-1.102],[-77.454,-1.099],[-77.454,-1.096],[-77.452,-1.095],[-77.45,-1.096],[-77.445,-1.094],[-77.444,-1.092],[-77.45,-1.088],[-77.45,-1.084],[-77.448,-1.085],[-77.446,-1.082],[-77.451,-1.082],[-77.451,-1.078],[-77.444,-1.077],[-77.44,-1.079],[-77.436,-1.085],[-77.432,-1.084],[-77.432,-1.081],[-77.428,-1.08],[-77.427,-1.082],[-77.423,-1.079],[-77.418,-1.084],[-77.412,-1.084],[-77.405,-1.079],[-77.4,-1.082],[-77.402,-1.091],[-77.391,-1.084],[-77.39,-1.089],[-77.383,-1.095],[-77.373,-1.091],[-77.369,-1.098],[-77.367,-1.095],[-77.362,-1.097],[-77.363,-1.101],[-77.354,-1.1],[-77.353,-1.103],[-77.351,-1.103],[-77.35,-1.1],[-77.348,-1.1],[-77.342,-1.104],[-77.348,-1.084],[-77.356,-1.078],[-77.357,-1.07],[-77.355,-1.067],[-77.35,-1.069],[-77.334,-1.068],[-77.322,-1.072],[-77.309,-1.065],[-77.302,-1.065],[-77.301,-1.062],[-77.294,-1.056],[-77.285,-1.056],[-77.283,-1.058],[-77.282,-1.055],[-77.274,-1.054],[-77.272,-1.052],[-77.26,-1.054],[-77.249,-1.053],[-77.246,-1.055],[-77.238,-1.054],[-77.235,-1.052],[-77.235,-1.046],[-77.229,-1.035],[-77.231,-1.031],[-77.23,-1.027],[-77.224,-1.024],[-77.216,-1.024],[-77.214,-1.026],[-77.207,-1.023],[-77.205,-1.025],[-77.197,-1.025],[-77.197,-1.023],[-77.193,-1.021],[-77.186,-1.023],[-77.184,-1.019],[-77.18,-1.022],[-77.175,-1.02],[-77.173,-1.017],[-77.167,-1.02],[-77.166,-1.018],[-77.155,-1.021],[-77.148,-1.018],[-77.141,-1.02],[-77.141,-1.018],[-77.136,-1.019],[-77.133,-1.014],[-77.128,-1.014],[-77.126,-1.011],[-77.122,-1.014],[-77.108,-1.008],[-77.1,-1.011],[-77.098,-1.014],[-77.095,-1.011],[-77.091,-1.014],[-77.084,-1.014],[-77.076,-1.011],[-77.066,-1.004],[-77.062,-1.004],[-77.061,-1.007],[-77.065,-1.013],[-77.075,-1.019],[-77.082,-1.021],[-77.103,-1.022],[-77.102,-1.035],[-77.09,-1.044],[-77.074,-1.051],[-77.065,-1.061],[-77.063,-1.068],[-77.044,-1.082],[-77.034,-1.098],[-77.02,-1.094],[-77.017,-1.095],[-77.018,-1.097],[-77.016,-1.099],[-77.011,-1.097],[-77.008,-1.093],[-77.003,-1.101],[-76.998,-1.103],[-76.993,-1.103],[-76.991,-1.101],[-76.985,-1.107],[-76.978,-1.105],[-76.973,-1.107],[-76.967,-1.106],[-76.964,-1.111],[-76.963,-1.119],[-76.952,-1.12],[-76.951,-1.123],[-76.94,-1.121],[-76.938,-1.124],[-76.936,-1.121],[-76.932,-1.121],[-76.924,-1.124],[-76.92,-1.121],[-76.913,-1.127],[-76.899,-1.127],[-76.897,-1.128],[-76.898,-1.131],[-76.892,-1.131],[-76.889,-1.135],[-76.889,-1.14],[-76.883,-1.145],[-76.877,-1.147],[-76.879,-1.152],[-76.874,-1.152],[-76.871,-1.156],[-76.864,-1.158],[-76.859,-1.163],[-76.854,-1.163],[-76.842,-1.158],[-76.841,-1.16],[-76.839,-1.158],[-76.837,-1.16],[-76.835,-1.159],[-76.835,-1.151],[-76.833,-1.146],[-76.836,-1.134],[-76.831,-1.109],[-76.823,-1.11],[-76.817,-1.108],[-76.807,-1.111],[-76.796,-1.103],[-76.793,-1.098],[-76.781,-1.093],[-76.775,-1.096],[-76.774,-1.091],[-76.772,-1.09],[-76.768,-1.095],[-76.765,-1.094],[-76.764,-1.097],[-76.749,-1.096],[-76.748,-1.094],[-76.74,-1.099],[-76.74,-1.101],[-76.736,-1.101],[-76.726,-1.106],[-76.724,-1.1],[-76.709,-1.096],[-76.689,-1.084],[-76.66,-1.074],[-76.638,-1.06],[-76.63,-1.066],[-76.625,-1.065],[-76.619,-1.067],[-76.615,-1.065],[-76.613,-1.07],[-76.605,-1.071],[-76.602,-1.069],[-76.6,-1.072],[-76.586,-1.067],[-76.582,-1.068],[-76.571,-1.061],[-76.563,-1.06],[-76.559,-1.06],[-76.559,-1.063],[-76.555,-1.063],[-76.548,-1.068],[-76.544,-1.067],[-76.54,-1.062],[-76.54,-1.059],[-76.538,-1.059],[-76.538,-1.053],[-76.523,-1.053],[-76.521,-1.058],[-76.517,-1.06],[-76.517,-1.064],[-76.52,-1.065],[-76.519,-1.067],[-76.515,-1.067],[-76.513,-1.075],[-76.518,-1.087],[-76.514,-1.094],[-76.518,-1.1],[-76.517,-1.104],[-76.522,-1.104],[-76.523,-1.108],[-76.521,-1.11],[-76.521,-1.114],[-76.524,-1.115],[-76.522,-1.12],[-76.516,-1.12],[-76.517,-1.126],[-76.521,-1.126],[-76.522,-1.129],[-76.52,-1.13],[-76.522,-1.132],[-76.521,-1.142],[-76.523,-1.142],[-76.523,-1.144],[-76.52,-1.146],[-76.526,-1.151],[-76.525,-1.153],[-76.528,-1.156],[-76.526,-1.157],[-76.529,-1.161],[-76.526,-1.164],[-76.529,-1.167],[-76.525,-1.169],[-76.525,-1.173],[-76.523,-1.173],[-76.523,-1.175],[-76.526,-1.176],[-76.521,-1.176],[-76.523,-1.182],[-76.527,-1.183],[-76.526,-1.186],[-76.528,-1.187],[-76.529,-1.192],[-76.527,-1.197],[-76.525,-1.195],[-76.521,-1.199],[-76.515,-1.198],[-76.516,-1.203],[-76.519,-1.203],[-76.516,-1.209],[-76.514,-1.208],[-76.514,-1.211],[-76.512,-1.212],[-76.506,-1.207],[-76.506,-1.212],[-76.503,-1.212],[-76.501,-1.219],[-76.499,-1.219],[-76.5,-1.215],[-76.497,-1.215],[-76.497,-1.22],[-76.489,-1.221],[-76.489,-1.223],[-76.492,-1.223],[-76.492,-1.225],[-76.486,-1.228],[-76.489,-1.231],[-76.488,-1.235],[-76.485,-1.236],[-76.481,-1.231],[-76.477,-1.23],[-76.477,-1.239],[-76.475,-1.242],[-76.476,-1.245],[-76.482,-1.245],[-76.482,-1.249],[-76.479,-1.248],[-76.476,-1.25],[-76.475,-1.256],[-76.467,-1.257],[-76.466,-1.262],[-76.463,-1.259],[-76.459,-1.248],[-76.456,-1.248],[-76.457,-1.257],[-76.452,-1.263],[-76.445,-1.263],[-76.445,-1.266],[-76.442,-1.267],[-76.441,-1.265],[-76.436,-1.266],[-76.439,-1.261],[-76.438,-1.256],[-76.432,-1.254],[-76.43,-1.255],[-76.427,-1.264],[-76.418,-1.272],[-76.415,-1.27],[-76.409,-1.26],[-76.395,-1.254],[-76.391,-1.268],[-76.384,-1.271],[-76.375,-1.271],[-76.371,-1.274],[-76.37,-1.271],[-76.372,-1.267],[-76.368,-1.267],[-76.365,-1.269],[-76.364,-1.273],[-76.37,-1.281],[-76.366,-1.281],[-76.364,-1.278],[-76.355,-1.281],[-76.357,-1.286],[-76.365,-1.288],[-76.366,-1.291],[-76.364,-1.293],[-76.353,-1.291],[-76.346,-1.292],[-76.342,-1.296],[-76.341,-1.3],[-76.337,-1.3],[-76.328,-1.305],[-76.322,-1.306],[-76.316,-1.304],[-76.31,-1.307],[-76.306,-1.301],[-76.303,-1.306],[-76.294,-1.31],[-76.292,-1.306],[-76.29,-1.306],[-76.288,-1.316],[-76.286,-1.318],[-76.282,-1.315],[-76.285,-1.309],[-76.274,-1.305],[-76.266,-1.305],[-76.267,-1.3],[-76.271,-1.296],[-76.267,-1.295],[-76.262,-1.297],[-76.26,-1.301],[-76.255,-1.303],[-76.255,-1.306],[-76.252,-1.306],[-76.249,-1.301],[-76.25,-1.293],[-76.248,-1.288],[-76.245,-1.287],[-76.24,-1.298],[-76.237,-1.3],[-76.226,-1.293],[-76.228,-1.291],[-76.22,-1.286],[-76.204,-1.295],[-76.193,-1.294],[-76.186,-1.288],[-76.179,-1.287],[-76.176,-1.297],[-76.174,-1.298],[-76.169,-1.294],[-76.166,-1.295],[-76.163,-1.298],[-76.163,-1.302],[-76.159,-1.303],[-76.153,-1.292],[-76.151,-1.284],[-76.15,-1.283],[-76.147,-1.285],[-76.145,-1.29],[-76.143,-1.29],[-76.136,-1.276],[-76.133,-1.275],[-76.13,-1.277],[-76.13,-1.283],[-76.128,-1.285],[-76.125,-1.283],[-76.122,-1.275],[-76.119,-1.273],[-76.112,-1.273],[-76.11,-1.28],[-76.106,-1.279],[-76.101,-1.282],[-76.098,-1.279],[-76.089,-1.281],[-76.088,-1.291],[-76.082,-1.296],[-76.075,-1.292],[-76.073,-1.282],[-76.071,-1.28],[-76.063,-1.278],[-76.068,-1.287],[-76.065,-1.288],[-76.058,-1.285],[-76.057,-1.286],[-76.057,-1.289],[-76.061,-1.292],[-76.063,-1.297],[-76.064,-1.305],[-76.062,-1.307],[-76.057,-1.307],[-76.054,-1.305],[-76.057,-1.299],[-76.049,-1.297],[-76.044,-1.298],[-76.046,-1.304],[-76.039,-1.305],[-76.04,-1.31],[-76.036,-1.314],[-76.033,-1.31],[-76.029,-1.309],[-76.026,-1.311],[-76.027,-1.316],[-76.024,-1.315],[-76.024,-1.309],[-76.015,-1.309],[-76.013,-1.306],[-76.011,-1.307],[-76.009,-1.314],[-76.006,-1.316],[-76.005,-1.31],[-76.001,-1.309],[-76,-1.313],[-75.997,-1.315],[-75.997,-1.326],[-75.994,-1.327],[-75.994,-1.329],[-75.998,-1.329],[-75.996,-1.335],[-75.988,-1.337],[-75.986,-1.336],[-75.986,-1.333],[-75.981,-1.335],[-75.972,-1.329],[-75.97,-1.332],[-75.974,-1.336],[-75.969,-1.34],[-75.968,-1.346],[-75.959,-1.346],[-75.958,-1.353],[-75.954,-1.355],[-75.951,-1.354],[-75.948,-1.357],[-75.94,-1.35],[-75.938,-1.351],[-75.939,-1.36],[-75.931,-1.358],[-75.926,-1.354],[-75.926,-1.35],[-75.919,-1.352],[-75.921,-1.347],[-75.919,-1.346],[-75.917,-1.349],[-75.919,-1.357],[-75.918,-1.36],[-75.915,-1.361],[-75.911,-1.359],[-75.905,-1.349],[-75.901,-1.351],[-75.894,-1.349],[-75.893,-1.347],[-75.901,-1.337],[-75.899,-1.333],[-75.895,-1.334],[-75.891,-1.339],[-75.887,-1.339],[-75.885,-1.338],[-75.885,-1.335],[-75.877,-1.331],[-75.875,-1.332],[-75.875,-1.335],[-75.882,-1.34],[-75.882,-1.352],[-75.879,-1.356],[-75.868,-1.355],[-75.855,-1.361],[-75.848,-1.355],[-75.845,-1.355],[-75.841,-1.363],[-75.844,-1.366],[-75.845,-1.374],[-75.837,-1.376],[-75.832,-1.379],[-75.831,-1.382],[-75.836,-1.39],[-75.833,-1.391],[-75.826,-1.388],[-75.824,-1.384],[-75.821,-1.383],[-75.808,-1.397],[-75.804,-1.398],[-75.801,-1.403],[-75.794,-1.404],[-75.785,-1.403],[-75.778,-1.395],[-75.77,-1.406],[-75.761,-1.412],[-75.76,-1.415],[-75.758,-1.414],[-75.757,-1.408],[-75.759,-1.402],[-75.757,-1.401],[-75.754,-1.406],[-75.748,-1.405],[-75.744,-1.409],[-75.745,-1.414],[-75.751,-1.42],[-75.75,-1.423],[-75.747,-1.422],[-75.744,-1.417],[-75.74,-1.416],[-75.74,-1.424],[-75.738,-1.426],[-75.739,-1.436],[-75.737,-1.439],[-75.732,-1.438],[-75.725,-1.44],[-75.723,-1.445],[-75.715,-1.45],[-75.717,-1.454],[-75.721,-1.456],[-75.72,-1.461],[-75.717,-1.463],[-75.712,-1.463],[-75.71,-1.453],[-75.701,-1.447],[-75.698,-1.451],[-75.699,-1.465],[-75.689,-1.466],[-75.684,-1.47],[-75.677,-1.467],[-75.675,-1.468],[-75.67,-1.477],[-75.666,-1.479],[-75.664,-1.486],[-75.661,-1.488],[-75.659,-1.478],[-75.657,-1.476],[-75.65,-1.476],[-75.649,-1.478],[-75.652,-1.481],[-75.648,-1.488],[-75.652,-1.489],[-75.653,-1.491],[-75.65,-1.493],[-75.647,-1.492],[-75.646,-1.489],[-75.641,-1.489],[-75.641,-1.485],[-75.636,-1.482],[-75.636,-1.487],[-75.64,-1.488],[-75.641,-1.495],[-75.638,-1.496],[-75.636,-1.493],[-75.631,-1.492],[-75.636,-1.498],[-75.634,-1.5],[-75.623,-1.502],[-75.614,-1.496],[-75.613,-1.499],[-75.616,-1.5],[-75.613,-1.502],[-75.609,-1.493],[-75.601,-1.497],[-75.598,-1.504],[-75.595,-1.506],[-75.596,-1.51],[-75.594,-1.515],[-75.591,-1.516],[-75.59,-1.51],[-75.588,-1.511],[-75.596,-1.525],[-75.595,-1.527],[-75.591,-1.526],[-75.588,-1.532],[-75.593,-1.533],[-75.596,-1.541],[-75.591,-1.547],[-75.585,-1.55],[-75.778,-1.794],[-75.949,-2.004],[-76.044,-2.125],[-76.633,-2.591],[-76.693,-2.609],[-76.702,-2.603],[-76.709,-2.595],[-76.715,-2.594],[-76.721,-2.589],[-76.73,-2.569],[-76.739,-2.555],[-76.746,-2.558],[-76.747,-2.563],[-76.755,-2.564],[-76.764,-2.56],[-76.77,-2.555],[-76.778,-2.554],[-76.785,-2.558],[-76.791,-2.566],[-76.798,-2.571],[-76.812,-2.565],[-76.815,-2.554],[-76.814,-2.547],[-76.818,-2.544],[-76.832,-2.545],[-76.836,-2.547],[-76.84,-2.554],[-76.845,-2.558],[-76.875,-2.561],[-76.883,-2.568],[-76.895,-2.554],[-76.899,-2.554],[-76.907,-2.562],[-76.913,-2.565],[-76.917,-2.564],[-76.923,-2.558],[-76.926,-2.548],[-76.93,-2.544],[-76.938,-2.554],[-76.943,-2.556],[-76.951,-2.545],[-76.961,-2.522],[-76.966,-2.516],[-76.972,-2.512],[-76.979,-2.512],[-76.985,-2.516],[-76.995,-2.517],[-76.999,-2.512],[-76.994,-2.492],[-76.999,-2.476],[-77,-2.465],[-77.003,-2.459],[-77.009,-2.456],[-77.027,-2.456],[-77.033,-2.449],[-77.042,-2.419],[-77.051,-2.403],[-77.063,-2.393],[-77.064,-2.385],[-77.066,-2.383],[-77.082,-2.374],[-77.083,-2.367],[-77.081,-2.362],[-77.086,-2.354],[-77.093,-2.333],[-77.109,-2.326],[-77.114,-2.318],[-77.127,-2.313],[-77.136,-2.307],[-77.171,-2.297],[-77.18,-2.288],[-77.183,-2.278],[-77.19,-2.273],[-77.21,-2.266],[-77.232,-2.261],[-77.239,-2.25],[-77.255,-2.239],[-77.275,-2.21],[-77.286,-2.203],[-77.303,-2.186],[-77.312,-2.185],[-77.348,-2.168],[-77.407,-2.149],[-77.415,-2.145],[-77.42,-2.13],[-77.427,-2.125],[-77.45,-2.116],[-77.46,-2.107],[-77.465,-2.106],[-77.468,-2.108],[-77.482,-2.106],[-77.493,-2.101],[-77.507,-2.089],[-77.523,-2.087],[-77.54,-2.074],[-77.554,-2.075],[-77.561,-2.08],[-77.568,-2.08],[-77.577,-2.077],[-77.583,-2.072],[-77.587,-2.06],[-77.592,-2.056],[-77.597,-2.057],[-77.607,-2.052],[-77.616,-2.042],[-77.636,-2.045],[-77.646,-2.049],[-77.651,-2.048],[-77.658,-2.052],[-77.662,-2.052],[-77.675,-2.048],[-77.687,-2.032],[-77.695,-2.026],[-77.701,-2.024],[-77.708,-2.028],[-77.714,-2.026],[-77.728,-2.013],[-77.731,-2.002],[-77.73,-1.988],[-77.733,-1.984],[-77.744,-1.98],[-77.75,-1.986],[-77.754,-1.985],[-77.757,-1.979],[-77.778,-1.971],[-77.782,-1.967],[-77.782,-1.962],[-77.793,-1.955],[-77.794,-1.934],[-77.808,-1.933],[-77.821,-1.925],[-77.825,-1.92],[-77.826,-1.908],[-77.824,-1.901],[-77.827,-1.896],[-77.827,-1.868],[-77.831,-1.865],[-77.832,-1.859],[-77.843,-1.849],[-77.848,-1.847],[-77.855,-1.848],[-77.856,-1.843],[-77.852,-1.839],[-77.848,-1.84],[-77.846,-1.838],[-77.856,-1.818],[-77.861,-1.815],[-77.856,-1.808],[-77.859,-1.798],[-77.864,-1.798],[-77.865,-1.796],[-77.862,-1.79],[-77.867,-1.79],[-77.87,-1.787],[-77.866,-1.779],[-77.865,-1.772],[-77.871,-1.771],[-77.872,-1.769],[-77.871,-1.763],[-77.868,-1.759],[-77.869,-1.756],[-77.871,-1.755],[-77.88,-1.765],[-77.883,-1.765],[-77.885,-1.762],[-77.887,-1.754],[-77.879,-1.743],[-77.883,-1.732],[-77.883,-1.712],[-77.889,-1.691],[-77.895,-1.689],[-77.9,-1.69],[-77.906,-1.686],[-77.907,-1.682],[-77.913,-1.675],[-77.916,-1.661],[-77.918,-1.658],[-77.925,-1.655],[-77.938,-1.658],[-77.943,-1.663],[-77.951,-1.663],[-77.96,-1.659],[-77.97,-1.67],[-77.976,-1.672],[-77.98,-1.671],[-77.986,-1.673],[-77.991,-1.671],[-77.993,-1.674],[-78.003,-1.677],[-78.018,-1.678],[-78.021,-1.676],[-78.02,-1.674],[-78.042,-1.612],[-78.042,-1.604],[-78.052,-1.574],[-78.059,-1.565],[-78.057,-1.556],[-78.061,-1.543],[-78.06,-1.536],[-78.072,-1.52],[-78.08,-1.503],[-78.085,-1.496],[-78.096,-1.488],[-78.114,-1.464],[-78.126,-1.452],[-78.144,-1.452],[-78.152,-1.454],[-78.156,-1.451],[-78.159,-1.453],[-78.161,-1.449],[-78.166,-1.448],[-78.174,-1.453],[-78.175,-1.45],[-78.18,-1.448]]]}},{"type":"Feature","properties":{"provincia":"Pichincha"},"geometry":{"type":"Polygon","coordinates":[[[-79.361,0.062],[-79.355,0.067],[-79.355,0.076],[-79.345,0.099],[-79.338,0.109],[-79.331,0.115],[-79.329,0.12],[-79.327,0.132],[-79.33,0.139],[-79.324,0.156],[-79.321,0.158],[-79.313,0.158],[-79.31,0.161],[-79.305,0.172],[-79.304,0.18],[-79.312,0.188],[-79.315,0.194],[-79.323,0.196],[-79.33,0.206],[-79.34,0.206],[-79.346,0.208],[-79.35,0.215],[-79.349,0.217],[-79.352,0.226],[-79.36,0.232],[-79.364,0.244],[-79.362,0.249],[-79.352,0.246],[-79.345,0.247],[-79.342,0.25],[-79.341,0.248],[-79.334,0.25],[-79.331,0.253],[-79.327,0.252],[-79.326,0.255],[-79.319,0.255],[-79.313,0.263],[-79.309,0.261],[-79.305,0.263],[-79.298,0.261],[-79.302,0.265],[-79.301,0.267],[-79.295,0.269],[-79.292,0.338],[-79.286,0.334],[-79.281,0.337],[-79.276,0.331],[-79.271,0.331],[-79.269,0.329],[-79.273,0.323],[-79.271,0.319],[-79.266,0.318],[-79.254,0.32],[-79.249,0.323],[-79.243,0.32],[-79.234,0.327],[-79.23,0.327],[-79.225,0.322],[-79.217,0.325],[-79.214,0.319],[-79.205,0.322],[-79.182,0.315],[-79.179,0.312],[-79.163,0.318],[-79.161,0.317],[-79.152,0.322],[-79.15,0.316],[-79.141,0.322],[-79.133,0.321],[-79.129,0.319],[-79.127,0.315],[-79.118,0.31],[-79.117,0.304],[-79.113,0.299],[-79.109,0.299],[-79.108,0.302],[-79.112,0.307],[-79.105,0.305],[-79.102,0.306],[-79.095,0.301],[-79.087,0.3],[-79.083,0.3],[-79.069,0.31],[-79.068,0.308],[-79.062,0.306],[-79.059,0.307],[-79.055,0.294],[-79.052,0.294],[-79.049,0.291],[-79.041,0.295],[-79.03,0.292],[-79.029,0.289],[-79.031,0.283],[-79.028,0.28],[-79.022,0.28],[-79.017,0.276],[-79.018,0.272],[-79.014,0.27],[-79.017,0.253],[-79.017,0.247],[-79.014,0.241],[-79.016,0.24],[-79.009,0.226],[-79.002,0.224],[-78.998,0.219],[-78.993,0.217],[-78.99,0.212],[-78.983,0.217],[-78.98,0.211],[-78.971,0.222],[-78.967,0.224],[-78.965,0.222],[-78.964,0.215],[-78.959,0.215],[-78.958,0.211],[-78.955,0.211],[-78.954,0.207],[-78.951,0.208],[-78.948,0.204],[-78.94,0.207],[-78.933,0.216],[-78.923,0.222],[-78.919,0.215],[-78.914,0.216],[-78.91,0.214],[-78.88,0.223],[-78.877,0.229],[-78.87,0.234],[-78.865,0.232],[-78.856,0.238],[-78.849,0.238],[-78.846,0.24],[-78.841,0.239],[-78.833,0.242],[-78.832,0.239],[-78.826,0.238],[-78.823,0.233],[-78.812,0.23],[-78.777,0.243],[-78.773,0.241],[-78.768,0.242],[-78.766,0.238],[-78.755,0.24],[-78.751,0.235],[-78.744,0.235],[-78.734,0.226],[-78.711,0.219],[-78.709,0.216],[-78.705,0.218],[-78.699,0.217],[-78.698,0.221],[-78.689,0.223],[-78.685,0.222],[-78.682,0.224],[-78.682,0.216],[-78.678,0.212],[-78.669,0.212],[-78.666,0.215],[-78.662,0.214],[-78.661,0.216],[-78.657,0.216],[-78.655,0.214],[-78.65,0.215],[-78.648,0.21],[-78.636,0.207],[-78.631,0.21],[-78.625,0.218],[-78.622,0.216],[-78.612,0.22],[-78.605,0.217],[-78.603,0.218],[-78.605,0.22],[-78.601,0.222],[-78.584,0.225],[-78.576,0.225],[-78.567,0.222],[-78.563,0.224],[-78.559,0.223],[-78.553,0.225],[-78.552,0.228],[-78.545,0.231],[-78.541,0.238],[-78.539,0.234],[-78.531,0.232],[-78.528,0.229],[-78.51,0.226],[-78.504,0.239],[-78.497,0.244],[-78.494,0.251],[-78.488,0.254],[-78.482,0.252],[-78.476,0.247],[-78.473,0.248],[-78.467,0.256],[-78.465,0.256],[-78.463,0.249],[-78.458,0.246],[-78.456,0.24],[-78.449,0.237],[-78.431,0.243],[-78.42,0.252],[-78.416,0.252],[-78.405,0.247],[-78.401,0.242],[-78.398,0.243],[-78.398,0.25],[-78.395,0.246],[-78.39,0.245],[-78.385,0.248],[-78.384,0.251],[-78.382,0.25],[-78.379,0.239],[-78.379,0.232],[-78.373,0.224],[-78.357,0.218],[-78.364,0.209],[-78.357,0.203],[-78.359,0.195],[-78.364,0.187],[-78.367,0.176],[-78.376,0.168],[-78.375,0.161],[-78.368,0.163],[-78.368,0.165],[-78.362,0.167],[-78.355,0.174],[-78.338,0.203],[-78.332,0.202],[-78.332,0.191],[-78.323,0.19],[-78.311,0.185],[-78.308,0.179],[-78.301,0.174],[-78.303,0.171],[-78.302,0.166],[-78.297,0.164],[-78.297,0.161],[-78.299,0.161],[-78.296,0.155],[-78.287,0.15],[-78.286,0.147],[-78.293,0.134],[-78.281,0.139],[-78.258,0.136],[-78.253,0.129],[-78.248,0.127],[-78.248,0.125],[-78.245,0.123],[-78.233,0.123],[-78.224,0.13],[-78.215,0.127],[-78.206,0.129],[-78.201,0.128],[-78.197,0.132],[-78.197,0.138],[-78.195,0.14],[-78.187,0.14],[-78.186,0.136],[-78.178,0.135],[-78.176,0.137],[-78.169,0.138],[-78.164,0.142],[-78.155,0.141],[-78.146,0.151],[-78.148,0.157],[-78.141,0.158],[-78.125,0.155],[-78.112,0.157],[-78.108,0.159],[-78.101,0.169],[-78.097,0.171],[-78.092,0.187],[-78.091,0.182],[-78.086,0.179],[-78.085,0.181],[-78.082,0.179],[-78.078,0.18],[-78.069,0.177],[-78.056,0.183],[-78.049,0.182],[-78.035,0.175],[-78.03,0.188],[-78.014,0.181],[-78.001,0.172],[-77.985,0.173],[-77.979,0.17],[-77.966,0.168],[-77.965,0.152],[-77.971,0.147],[-77.973,0.14],[-77.971,0.138],[-77.976,0.13],[-77.974,0.123],[-77.976,0.123],[-77.975,0.117],[-77.98,0.108],[-77.977,0.107],[-77.971,0.113],[-77.968,0.111],[-77.954,0.111],[-77.95,0.102],[-77.946,0.099],[-77.938,0.104],[-77.936,0.103],[-77.919,0.082],[-77.914,0.081],[-77.912,0.083],[-77.904,0.083],[-77.902,0.085],[-77.889,0.082],[-77.884,0.076],[-77.882,0.077],[-77.879,0.075],[-77.877,0.07],[-77.873,0.07],[-77.867,0.067],[-77.864,0.063],[-77.861,0.063],[-77.858,0.054],[-77.858,0.033],[-77.855,0.025],[-77.849,0.024],[-77.845,0.028],[-77.84,0.026],[-77.845,0.022],[-77.841,0.018],[-77.844,0.016],[-77.844,0.012],[-77.846,0.011],[-77.845,0.004],[-77.852,-0.004],[-77.864,-0.005],[-77.865,-0.008],[-77.868,-0.007],[-77.871,-0.009],[-77.873,-0.013],[-77.879,-0.014],[-77.909,-0.028],[-77.915,-0.027],[-77.92,-0.029],[-77.933,-0.041],[-77.935,-0.041],[-77.937,-0.044],[-77.936,-0.049],[-77.94,-0.05],[-77.942,-0.054],[-77.938,-0.058],[-77.935,-0.068],[-77.938,-0.082],[-77.937,-0.085],[-77.932,-0.086],[-77.931,-0.088],[-77.932,-0.1],[-77.938,-0.106],[-77.953,-0.104],[-77.961,-0.109],[-77.966,-0.115],[-77.966,-0.12],[-77.969,-0.122],[-77.974,-0.118],[-77.977,-0.122],[-77.992,-0.11],[-77.995,-0.111],[-77.997,-0.117],[-78,-0.119],[-77.999,-0.128],[-78.005,-0.127],[-78.012,-0.132],[-78.015,-0.139],[-78.02,-0.14],[-78.028,-0.137],[-78.034,-0.14],[-78.04,-0.137],[-78.055,-0.145],[-78.061,-0.149],[-78.055,-0.154],[-78.054,-0.162],[-78.06,-0.167],[-78.072,-0.164],[-78.07,-0.171],[-78.071,-0.182],[-78.073,-0.184],[-78.078,-0.181],[-78.084,-0.19],[-78.09,-0.179],[-78.103,-0.196],[-78.108,-0.193],[-78.105,-0.192],[-78.106,-0.183],[-78.108,-0.18],[-78.116,-0.179],[-78.124,-0.181],[-78.131,-0.176],[-78.132,-0.167],[-78.14,-0.167],[-78.144,-0.171],[-78.155,-0.173],[-78.159,-0.179],[-78.158,-0.182],[-78.162,-0.186],[-78.179,-0.186],[-78.184,-0.194],[-78.191,-0.198],[-78.192,-0.205],[-78.185,-0.214],[-78.189,-0.221],[-78.186,-0.237],[-78.189,-0.24],[-78.188,-0.25],[-78.19,-0.257],[-78.186,-0.266],[-78.191,-0.273],[-78.187,-0.288],[-78.192,-0.293],[-78.192,-0.303],[-78.195,-0.306],[-78.191,-0.319],[-78.195,-0.329],[-78.2,-0.33],[-78.206,-0.338],[-78.208,-0.347],[-78.216,-0.361],[-78.218,-0.363],[-78.224,-0.363],[-78.225,-0.368],[-78.233,-0.379],[-78.243,-0.383],[-78.243,-0.391],[-78.248,-0.401],[-78.256,-0.408],[-78.252,-0.413],[-78.248,-0.426],[-78.236,-0.437],[-78.237,-0.441],[-78.235,-0.449],[-78.236,-0.455],[-78.248,-0.472],[-78.255,-0.503],[-78.264,-0.506],[-78.27,-0.515],[-78.268,-0.527],[-78.266,-0.529],[-78.275,-0.553],[-78.279,-0.558],[-78.277,-0.564],[-78.283,-0.571],[-78.305,-0.579],[-78.31,-0.589],[-78.321,-0.596],[-78.326,-0.613],[-78.323,-0.616],[-78.322,-0.633],[-78.326,-0.639],[-78.327,-0.655],[-78.33,-0.661],[-78.338,-0.661],[-78.359,-0.666],[-78.369,-0.666],[-78.387,-0.675],[-78.397,-0.688],[-78.399,-0.711],[-78.404,-0.713],[-78.406,-0.712],[-78.407,-0.714],[-78.404,-0.716],[-78.41,-0.721],[-78.427,-0.699],[-78.438,-0.689],[-78.446,-0.676],[-78.456,-0.67],[-78.462,-0.658],[-78.496,-0.638],[-78.493,-0.619],[-78.49,-0.616],[-78.487,-0.607],[-78.489,-0.601],[-78.497,-0.595],[-78.511,-0.593],[-78.522,-0.602],[-78.545,-0.608],[-78.554,-0.606],[-78.57,-0.614],[-78.573,-0.613],[-78.58,-0.616],[-78.587,-0.61],[-78.591,-0.611],[-78.593,-0.608],[-78.599,-0.608],[-78.61,-0.6],[-78.611,-0.597],[-78.617,-0.601],[-78.618,-0.608],[-78.645,-0.626],[-78.642,-0.637],[-78.646,-0.641],[-78.652,-0.643],[-78.653,-0.651],[-78.663,-0.662],[-78.668,-0.661],[-78.676,-0.663],[-78.684,-0.66],[-78.691,-0.662],[-78.694,-0.658],[-78.698,-0.658],[-78.716,-0.663],[-78.72,-0.65],[-78.735,-0.634],[-78.734,-0.629],[-78.739,-0.622],[-78.735,-0.599],[-78.731,-0.597],[-78.729,-0.589],[-78.731,-0.582],[-78.73,-0.572],[-78.734,-0.56],[-78.744,-0.557],[-78.745,-0.554],[-78.749,-0.554],[-78.751,-0.55],[-78.755,-0.548],[-78.766,-0.545],[-78.77,-0.546],[-78.779,-0.538],[-78.782,-0.541],[-78.786,-0.54],[-78.79,-0.543],[-78.795,-0.543],[-78.804,-0.54],[-78.807,-0.537],[-78.811,-0.537],[-78.832,-0.525],[-78.834,-0.521],[-78.834,-0.507],[-78.836,-0.505],[-78.833,-0.5],[-78.837,-0.494],[-78.839,-0.478],[-78.845,-0.471],[-78.857,-0.465],[-78.858,-0.457],[-78.862,-0.448],[-78.862,-0.442],[-78.864,-0.441],[-78.862,-0.434],[-78.866,-0.429],[-78.869,-0.43],[-78.869,-0.427],[-78.871,-0.427],[-78.871,-0.417],[-78.873,-0.418],[-78.875,-0.414],[-78.878,-0.417],[-78.88,-0.413],[-78.882,-0.416],[-78.885,-0.413],[-78.89,-0.415],[-78.893,-0.413],[-78.893,-0.411],[-78.889,-0.411],[-78.889,-0.409],[-78.899,-0.392],[-78.9,-0.385],[-78.916,-0.372],[-78.916,-0.367],[-78.912,-0.366],[-78.907,-0.361],[-78.907,-0.359],[-78.914,-0.354],[-78.913,-0.344],[-78.915,-0.341],[-78.916,-0.344],[-78.926,-0.337],[-78.934,-0.336],[-78.934,-0.334],[-78.948,-0.327],[-78.954,-0.317],[-78.949,-0.313],[-78.945,-0.312],[-78.943,-0.314],[-78.935,-0.312],[-78.919,-0.321],[-78.919,-0.323],[-78.913,-0.329],[-78.899,-0.336],[-78.894,-0.332],[-78.889,-0.334],[-78.889,-0.337],[-78.884,-0.337],[-78.875,-0.33],[-78.872,-0.33],[-78.867,-0.332],[-78.865,-0.335],[-78.866,-0.337],[-78.864,-0.339],[-78.866,-0.34],[-78.866,-0.343],[-78.861,-0.348],[-78.856,-0.349],[-78.851,-0.346],[-78.849,-0.348],[-78.845,-0.348],[-78.835,-0.345],[-78.834,-0.343],[-78.831,-0.346],[-78.824,-0.343],[-78.823,-0.346],[-78.819,-0.345],[-78.818,-0.343],[-78.817,-0.334],[-78.811,-0.334],[-78.808,-0.332],[-78.807,-0.324],[-78.793,-0.315],[-78.788,-0.315],[-78.786,-0.313],[-78.787,-0.306],[-78.775,-0.299],[-78.773,-0.28],[-78.771,-0.279],[-78.769,-0.281],[-78.759,-0.283],[-78.754,-0.276],[-78.746,-0.277],[-78.756,-0.253],[-78.754,-0.247],[-78.758,-0.238],[-78.762,-0.237],[-78.769,-0.23],[-78.778,-0.225],[-78.784,-0.212],[-78.787,-0.211],[-78.789,-0.215],[-78.795,-0.214],[-78.802,-0.206],[-78.804,-0.207],[-78.805,-0.205],[-78.811,-0.204],[-78.829,-0.19],[-78.833,-0.189],[-78.835,-0.184],[-78.83,-0.179],[-78.839,-0.171],[-78.839,-0.168],[-78.843,-0.166],[-78.84,-0.161],[-78.838,-0.162],[-78.833,-0.16],[-78.834,-0.156],[-78.836,-0.155],[-78.834,-0.143],[-78.838,-0.135],[-78.856,-0.135],[-78.871,-0.118],[-78.883,-0.11],[-78.908,-0.108],[-78.918,-0.117],[-78.922,-0.117],[-78.93,-0.121],[-78.947,-0.111],[-78.952,-0.112],[-78.963,-0.107],[-78.967,-0.102],[-78.97,-0.103],[-78.975,-0.109],[-78.986,-0.111],[-78.992,-0.108],[-78.995,-0.113],[-79.005,-0.11],[-79.008,-0.114],[-79.012,-0.11],[-79.014,-0.111],[-79.015,-0.118],[-79.02,-0.115],[-79.027,-0.118],[-79.031,-0.114],[-79.031,-0.11],[-79.034,-0.111],[-79.035,-0.108],[-79.04,-0.106],[-79.045,-0.107],[-79.046,-0.101],[-79.049,-0.103],[-79.051,-0.102],[-79.053,-0.105],[-79.061,-0.096],[-79.064,-0.097],[-79.074,-0.092],[-79.076,-0.095],[-79.08,-0.094],[-79.082,-0.089],[-79.086,-0.093],[-79.091,-0.09],[-79.094,-0.092],[-79.103,-0.083],[-79.105,-0.085],[-79.104,-0.088],[-79.113,-0.086],[-79.115,-0.091],[-79.118,-0.091],[-79.116,-0.087],[-79.123,-0.085],[-79.127,-0.091],[-79.134,-0.089],[-79.136,-0.094],[-79.139,-0.095],[-79.141,-0.091],[-79.144,-0.093],[-79.149,-0.092],[-79.147,-0.083],[-79.142,-0.08],[-79.141,-0.074],[-79.133,-0.064],[-79.132,-0.059],[-79.128,-0.056],[-79.13,-0.055],[-79.128,-0.05],[-79.122,-0.045],[-79.118,-0.038],[-79.108,-0.033],[-79.104,-0.028],[-79.109,-0.026],[-79.111,-0.023],[-79.123,-0.019],[-79.125,-0.016],[-79.131,-0.017],[-79.132,-0.015],[-79.135,-0.016],[-79.142,-0.013],[-79.146,-0.015],[-79.158,-0.016],[-79.162,-0.013],[-79.169,-0.016],[-79.172,-0.014],[-79.172,-0.012],[-79.175,-0.014],[-79.177,-0.012],[-79.185,-0.014],[-79.186,-0.009],[-79.192,-0.011],[-79.196,-0.008],[-79.195,-0.006],[-79.199,-0.002],[-79.202,-0.003],[-79.21,0],[-79.211,0.003],[-79.224,0.002],[-79.226,0.007],[-79.233,0.004],[-79.238,0.01],[-79.244,0.011],[-79.245,0.007],[-79.25,0.006],[-79.259,0.011],[-79.268,0.011],[-79.283,0.015],[-79.287,0.018],[-79.293,0.016],[-79.305,0.02],[-79.31,0.019],[-79.313,0.011],[-79.315,0.012],[-79.314,0.014],[-79.317,0.014],[-79.322,0.018],[-79.324,0.021],[-79.323,0.023],[-79.325,0.024],[-79.328,0.022],[-79.33,0.023],[-79.331,0.021],[-79.334,0.021],[-79.335,0.023],[-79.339,0.021],[-79.347,0.024],[-79.348,0.022],[-79.351,0.022],[-79.35,0.018],[-79.355,0.02],[-79.357,0.018],[-79.36,0.018],[-79.36,0.02],[-79.366,0.02],[-79.371,0.035],[-79.367,0.042],[-79.368,0.053],[-79.361,0.062]]]}},{"type":"Feature","properties":{"provincia":"Santa Elena"},"geometry":{"type":"Polygon","coordinates":[[[-80.756,-1.982],[-80.759,-1.983],[-80.762,-1.98],[-80.763,-1.976],[-80.76,-1.972],[-80.748,-1.968],[-80.744,-1.97],[-80.737,-1.965],[-80.73,-1.955],[-80.727,-1.931],[-80.73,-1.906],[-80.734,-1.887],[-80.745,-1.859],[-80.751,-1.835],[-80.76,-1.817],[-80.757,-1.815],[-80.757,-1.812],[-80.772,-1.755],[-80.782,-1.735],[-80.796,-1.715],[-80.8,-1.715],[-80.802,-1.711],[-80.791,-1.704],[-80.789,-1.7],[-80.78,-1.698],[-80.773,-1.688],[-80.763,-1.684],[-80.758,-1.675],[-80.754,-1.673],[-80.754,-1.677],[-80.749,-1.675],[-80.75,-1.673],[-80.747,-1.67],[-80.742,-1.672],[-80.744,-1.675],[-80.739,-1.681],[-80.731,-1.683],[-80.73,-1.686],[-80.726,-1.684],[-80.723,-1.686],[-80.722,-1.682],[-80.713,-1.679],[-80.713,-1.677],[-80.709,-1.674],[-80.705,-1.676],[-80.705,-1.674],[-80.698,-1.676],[-80.696,-1.672],[-80.687,-1.676],[-80.686,-1.674],[-80.678,-1.674],[-80.678,-1.677],[-80.675,-1.676],[-80.672,-1.679],[-80.654,-1.674],[-80.654,-1.67],[-80.651,-1.669],[-80.647,-1.671],[-80.645,-1.681],[-80.637,-1.689],[-80.634,-1.694],[-80.636,-1.695],[-80.634,-1.699],[-80.632,-1.698],[-80.63,-1.702],[-80.626,-1.703],[-80.622,-1.707],[-80.62,-1.706],[-80.616,-1.712],[-80.618,-1.713],[-80.617,-1.716],[-80.614,-1.717],[-80.61,-1.726],[-80.587,-1.728],[-80.583,-1.743],[-80.58,-1.744],[-80.573,-1.756],[-80.576,-1.77],[-80.576,-1.78],[-80.574,-1.785],[-80.576,-1.794],[-80.581,-1.8],[-80.577,-1.814],[-80.574,-1.815],[-80.566,-1.824],[-80.563,-1.838],[-80.547,-1.858],[-80.532,-1.885],[-80.523,-1.896],[-80.511,-1.92],[-80.508,-1.923],[-80.5,-1.925],[-80.48,-1.924],[-80.459,-1.929],[-80.451,-1.937],[-80.449,-1.947],[-80.442,-1.952],[-80.442,-1.956],[-80.436,-1.956],[-80.43,-1.963],[-80.427,-1.963],[-80.418,-1.97],[-80.418,-1.975],[-80.414,-1.977],[-80.415,-1.981],[-80.403,-1.984],[-80.395,-1.984],[-80.392,-1.981],[-80.381,-1.986],[-80.377,-1.985],[-80.372,-1.988],[-80.371,-1.991],[-80.37,-1.99],[-80.368,-1.995],[-80.364,-1.994],[-80.351,-1.998],[-80.345,-1.998],[-80.343,-2.001],[-80.343,-2.025],[-80.34,-2.026],[-80.34,-2.029],[-80.337,-2.031],[-80.333,-2.03],[-80.33,-2.04],[-80.324,-2.041],[-80.32,-2.048],[-80.315,-2.051],[-80.312,-2.056],[-80.303,-2.062],[-80.303,-2.067],[-80.311,-2.068],[-80.31,-2.073],[-80.304,-2.081],[-80.294,-2.089],[-80.287,-2.092],[-80.282,-2.091],[-80.276,-2.082],[-80.272,-2.081],[-80.265,-2.083],[-80.262,-2.093],[-80.25,-2.102],[-80.247,-2.107],[-80.245,-2.107],[-80.244,-2.115],[-80.246,-2.12],[-80.244,-2.129],[-80.247,-2.142],[-80.252,-2.151],[-80.249,-2.158],[-80.241,-2.166],[-80.237,-2.186],[-80.239,-2.192],[-80.231,-2.195],[-80.226,-2.192],[-80.218,-2.197],[-80.215,-2.202],[-80.201,-2.209],[-80.2,-2.211],[-80.207,-2.213],[-80.21,-2.216],[-80.21,-2.225],[-80.218,-2.233],[-80.222,-2.231],[-80.233,-2.235],[-80.232,-2.243],[-80.235,-2.253],[-80.24,-2.251],[-80.247,-2.24],[-80.255,-2.241],[-80.263,-2.253],[-80.266,-2.266],[-80.285,-2.275],[-80.285,-2.279],[-80.281,-2.283],[-80.285,-2.285],[-80.28,-2.286],[-80.283,-2.293],[-80.281,-2.294],[-80.282,-2.3],[-80.289,-2.304],[-80.287,-2.308],[-80.288,-2.312],[-80.285,-2.313],[-80.284,-2.319],[-80.28,-2.319],[-80.279,-2.321],[-80.284,-2.322],[-80.284,-2.331],[-80.286,-2.334],[-80.283,-2.337],[-80.28,-2.347],[-80.281,-2.35],[-80.285,-2.351],[-80.285,-2.354],[-80.29,-2.357],[-80.293,-2.356],[-80.296,-2.359],[-80.303,-2.355],[-80.307,-2.356],[-80.319,-2.349],[-80.325,-2.355],[-80.341,-2.356],[-80.346,-2.36],[-80.351,-2.359],[-80.368,-2.361],[-80.369,-2.368],[-80.373,-2.371],[-80.375,-2.376],[-80.379,-2.378],[-80.383,-2.379],[-80.403,-2.376],[-80.409,-2.377],[-80.41,-2.381],[-80.419,-2.384],[-80.427,-2.382],[-80.432,-2.386],[-80.438,-2.387],[-80.464,-2.415],[-80.456,-2.433],[-80.453,-2.446],[-80.455,-2.456],[-80.453,-2.458],[-80.462,-2.465],[-80.465,-2.474],[-80.466,-2.479],[-80.461,-2.486],[-80.463,-2.488],[-80.467,-2.491],[-80.476,-2.492],[-80.482,-2.497],[-80.491,-2.499],[-80.492,-2.501],[-80.5,-2.496],[-80.506,-2.496],[-80.509,-2.494],[-80.515,-2.495],[-80.521,-2.49],[-80.529,-2.491],[-80.531,-2.489],[-80.534,-2.492],[-80.542,-2.49],[-80.543,-2.492],[-80.544,-2.491],[-80.552,-2.495],[-80.563,-2.508],[-80.626,-2.448],[-80.642,-2.436],[-80.656,-2.422],[-80.683,-2.403],[-80.689,-2.402],[-80.694,-2.406],[-80.707,-2.397],[-80.718,-2.392],[-80.724,-2.391],[-80.725,-2.394],[-80.736,-2.391],[-80.744,-2.393],[-80.76,-2.388],[-80.776,-2.389],[-80.798,-2.378],[-80.802,-2.379],[-80.848,-2.338],[-80.871,-2.324],[-80.882,-2.323],[-80.889,-2.327],[-80.891,-2.338],[-80.894,-2.334],[-80.899,-2.333],[-80.9,-2.329],[-80.896,-2.316],[-80.909,-2.299],[-80.915,-2.294],[-80.914,-2.288],[-80.917,-2.282],[-80.933,-2.263],[-80.985,-2.211],[-80.996,-2.203],[-80.998,-2.199],[-81.002,-2.197],[-81.005,-2.19],[-81.008,-2.189],[-81.005,-2.186],[-80.998,-2.184],[-80.988,-2.185],[-80.987,-2.188],[-80.984,-2.189],[-80.986,-2.194],[-80.972,-2.205],[-80.954,-2.202],[-80.949,-2.206],[-80.95,-2.209],[-80.946,-2.211],[-80.943,-2.218],[-80.929,-2.221],[-80.919,-2.219],[-80.91,-2.221],[-80.889,-2.212],[-80.882,-2.206],[-80.877,-2.207],[-80.872,-2.2],[-80.858,-2.198],[-80.847,-2.192],[-80.838,-2.184],[-80.828,-2.167],[-80.825,-2.167],[-80.817,-2.156],[-80.816,-2.158],[-80.81,-2.156],[-80.808,-2.159],[-80.806,-2.159],[-80.79,-2.151],[-80.766,-2.13],[-80.751,-2.11],[-80.736,-2.062],[-80.737,-2.026],[-80.739,-2.02],[-80.743,-2.021],[-80.746,-2.015],[-80.75,-2.012],[-80.752,-1.998],[-80.757,-1.993],[-80.757,-1.989],[-80.752,-1.982],[-80.754,-1.98],[-80.756,-1.982]]]}},{"type":"Feature","properties":{"provincia":"Santo Domingo"},"geometry":{"type":"Polygon","coordinates":[[[-79.569,0.115],[-79.559,0.112],[-79.559,0.106],[-79.552,0.11],[-79.541,0.11],[-79.536,0.109],[-79.533,0.104],[-79.529,0.102],[-79.521,0.103],[-79.519,0.101],[-79.511,0.101],[-79.507,0.099],[-79.509,0.095],[-79.506,0.094],[-79.504,0.085],[-79.502,0.084],[-79.5,0.086],[-79.493,0.086],[-79.482,0.083],[-79.481,0.091],[-79.474,0.097],[-79.462,0.097],[-79.457,0.095],[-79.456,0.1],[-79.451,0.096],[-79.446,0.097],[-79.44,0.095],[-79.441,0.093],[-79.438,0.093],[-79.435,0.09],[-79.429,0.089],[-79.421,0.08],[-79.417,0.078],[-79.417,0.075],[-79.414,0.074],[-79.409,0.075],[-79.406,0.082],[-79.376,0.079],[-79.366,0.075],[-79.358,0.076],[-79.361,0.062],[-79.368,0.053],[-79.367,0.042],[-79.371,0.035],[-79.368,0.023],[-79.366,0.02],[-79.36,0.02],[-79.36,0.018],[-79.355,0.02],[-79.35,0.018],[-79.351,0.022],[-79.348,0.022],[-79.347,0.024],[-79.339,0.021],[-79.335,0.023],[-79.334,0.021],[-79.331,0.021],[-79.33,0.023],[-79.328,0.022],[-79.325,0.024],[-79.323,0.023],[-79.324,0.021],[-79.322,0.018],[-79.317,0.014],[-79.314,0.014],[-79.315,0.012],[-79.313,0.011],[-79.31,0.019],[-79.305,0.02],[-79.293,0.016],[-79.287,0.018],[-79.283,0.015],[-79.268,0.011],[-79.259,0.011],[-79.25,0.006],[-79.245,0.007],[-79.244,0.011],[-79.238,0.01],[-79.233,0.004],[-79.226,0.007],[-79.224,0.002],[-79.211,0.003],[-79.21,0],[-79.202,-0.003],[-79.199,-0.002],[-79.195,-0.006],[-79.196,-0.008],[-79.192,-0.011],[-79.186,-0.009],[-79.185,-0.014],[-79.177,-0.012],[-79.175,-0.014],[-79.172,-0.012],[-79.172,-0.014],[-79.169,-0.016],[-79.162,-0.013],[-79.158,-0.016],[-79.146,-0.015],[-79.142,-0.013],[-79.14,-0.015],[-79.132,-0.015],[-79.131,-0.017],[-79.125,-0.016],[-79.123,-0.019],[-79.111,-0.023],[-79.109,-0.026],[-79.104,-0.028],[-79.108,-0.033],[-79.118,-0.038],[-79.122,-0.045],[-79.128,-0.05],[-79.13,-0.055],[-79.128,-0.056],[-79.132,-0.059],[-79.133,-0.064],[-79.141,-0.074],[-79.142,-0.08],[-79.147,-0.083],[-79.149,-0.092],[-79.144,-0.093],[-79.141,-0.091],[-79.139,-0.095],[-79.136,-0.094],[-79.134,-0.089],[-79.127,-0.091],[-79.123,-0.085],[-79.116,-0.087],[-79.118,-0.091],[-79.115,-0.091],[-79.113,-0.086],[-79.104,-0.088],[-79.105,-0.085],[-79.103,-0.083],[-79.094,-0.092],[-79.091,-0.09],[-79.086,-0.093],[-79.082,-0.089],[-79.08,-0.094],[-79.076,-0.095],[-79.074,-0.092],[-79.064,-0.097],[-79.061,-0.096],[-79.053,-0.105],[-79.051,-0.102],[-79.049,-0.103],[-79.046,-0.101],[-79.045,-0.107],[-79.04,-0.106],[-79.035,-0.108],[-79.034,-0.111],[-79.031,-0.11],[-79.031,-0.114],[-79.027,-0.118],[-79.02,-0.115],[-79.015,-0.118],[-79.014,-0.111],[-79.012,-0.11],[-79.008,-0.114],[-79.005,-0.11],[-78.995,-0.113],[-78.992,-0.108],[-78.986,-0.111],[-78.975,-0.109],[-78.97,-0.103],[-78.967,-0.102],[-78.963,-0.107],[-78.952,-0.112],[-78.947,-0.111],[-78.93,-0.121],[-78.922,-0.117],[-78.918,-0.117],[-78.908,-0.108],[-78.883,-0.11],[-78.871,-0.118],[-78.856,-0.135],[-78.852,-0.136],[-78.843,-0.134],[-78.836,-0.137],[-78.834,-0.143],[-78.836,-0.155],[-78.834,-0.156],[-78.833,-0.16],[-78.838,-0.162],[-78.84,-0.161],[-78.843,-0.166],[-78.839,-0.168],[-78.839,-0.171],[-78.83,-0.179],[-78.835,-0.184],[-78.833,-0.189],[-78.829,-0.19],[-78.811,-0.204],[-78.805,-0.205],[-78.804,-0.207],[-78.802,-0.206],[-78.795,-0.214],[-78.789,-0.215],[-78.787,-0.211],[-78.784,-0.212],[-78.778,-0.225],[-78.769,-0.23],[-78.762,-0.237],[-78.758,-0.238],[-78.754,-0.247],[-78.756,-0.253],[-78.746,-0.277],[-78.754,-0.276],[-78.759,-0.283],[-78.769,-0.281],[-78.771,-0.279],[-78.773,-0.28],[-78.775,-0.299],[-78.787,-0.306],[-78.786,-0.313],[-78.788,-0.315],[-78.793,-0.315],[-78.807,-0.324],[-78.808,-0.332],[-78.811,-0.334],[-78.817,-0.334],[-78.818,-0.343],[-78.819,-0.345],[-78.823,-0.346],[-78.824,-0.343],[-78.831,-0.346],[-78.834,-0.343],[-78.835,-0.345],[-78.845,-0.348],[-78.849,-0.348],[-78.851,-0.346],[-78.856,-0.349],[-78.861,-0.348],[-78.866,-0.343],[-78.866,-0.34],[-78.864,-0.339],[-78.866,-0.337],[-78.865,-0.335],[-78.867,-0.332],[-78.872,-0.33],[-78.875,-0.33],[-78.884,-0.337],[-78.889,-0.337],[-78.889,-0.334],[-78.894,-0.332],[-78.899,-0.336],[-78.913,-0.329],[-78.919,-0.323],[-78.919,-0.321],[-78.923,-0.32],[-78.93,-0.314],[-78.935,-0.312],[-78.952,-0.314],[-78.954,-0.317],[-78.952,-0.322],[-78.948,-0.327],[-78.941,-0.331],[-78.938,-0.344],[-78.935,-0.347],[-78.933,-0.362],[-78.938,-0.368],[-78.945,-0.37],[-78.951,-0.375],[-78.955,-0.386],[-78.965,-0.397],[-78.968,-0.406],[-78.977,-0.41],[-78.984,-0.409],[-78.998,-0.417],[-79.005,-0.416],[-79.011,-0.418],[-79.016,-0.426],[-79.02,-0.44],[-79.019,-0.442],[-78.993,-0.446],[-78.981,-0.451],[-78.981,-0.457],[-78.987,-0.462],[-78.986,-0.465],[-78.984,-0.465],[-78.983,-0.47],[-78.987,-0.504],[-78.984,-0.516],[-78.986,-0.537],[-78.989,-0.544],[-78.997,-0.547],[-79.01,-0.563],[-79.011,-0.565],[-79.009,-0.567],[-79.012,-0.574],[-79.02,-0.577],[-79.082,-0.565],[-79.085,-0.564],[-79.088,-0.555],[-79.106,-0.547],[-79.107,-0.544],[-79.12,-0.541],[-79.137,-0.55],[-79.142,-0.559],[-79.147,-0.563],[-79.146,-0.566],[-79.16,-0.586],[-79.196,-0.608],[-79.196,-0.617],[-79.201,-0.621],[-79.2,-0.624],[-79.202,-0.629],[-79.214,-0.637],[-79.215,-0.64],[-79.224,-0.641],[-79.23,-0.644],[-79.235,-0.643],[-79.236,-0.645],[-79.242,-0.647],[-79.244,-0.651],[-79.249,-0.652],[-79.253,-0.657],[-79.263,-0.661],[-79.27,-0.674],[-79.275,-0.676],[-79.285,-0.687],[-79.284,-0.693],[-79.286,-0.696],[-79.29,-0.694],[-79.297,-0.699],[-79.309,-0.692],[-79.313,-0.696],[-79.323,-0.697],[-79.329,-0.692],[-79.337,-0.693],[-79.349,-0.69],[-79.35,-0.685],[-79.36,-0.678],[-79.361,-0.671],[-79.359,-0.67],[-79.361,-0.665],[-79.367,-0.661],[-79.37,-0.652],[-79.366,-0.651],[-79.364,-0.655],[-79.362,-0.655],[-79.36,-0.648],[-79.361,-0.64],[-79.353,-0.633],[-79.35,-0.635],[-79.348,-0.633],[-79.349,-0.63],[-79.347,-0.626],[-79.348,-0.621],[-79.35,-0.62],[-79.348,-0.615],[-79.353,-0.612],[-79.353,-0.604],[-79.358,-0.598],[-79.357,-0.589],[-79.364,-0.587],[-79.367,-0.582],[-79.362,-0.573],[-79.353,-0.573],[-79.35,-0.571],[-79.355,-0.558],[-79.35,-0.555],[-79.345,-0.555],[-79.345,-0.546],[-79.352,-0.541],[-79.37,-0.539],[-79.377,-0.543],[-79.398,-0.544],[-79.409,-0.541],[-79.418,-0.544],[-79.424,-0.538],[-79.428,-0.542],[-79.439,-0.543],[-79.445,-0.548],[-79.452,-0.55],[-79.454,-0.56],[-79.46,-0.564],[-79.464,-0.563],[-79.465,-0.56],[-79.464,-0.549],[-79.467,-0.547],[-79.479,-0.549],[-79.482,-0.548],[-79.484,-0.544],[-79.48,-0.543],[-79.478,-0.539],[-79.474,-0.538],[-79.472,-0.532],[-79.467,-0.532],[-79.465,-0.517],[-79.459,-0.511],[-79.461,-0.506],[-79.461,-0.497],[-79.459,-0.496],[-79.457,-0.487],[-79.45,-0.481],[-79.455,-0.477],[-79.459,-0.478],[-79.46,-0.474],[-79.462,-0.472],[-79.464,-0.473],[-79.463,-0.468],[-79.459,-0.469],[-79.456,-0.467],[-79.459,-0.461],[-79.457,-0.456],[-79.455,-0.458],[-79.45,-0.456],[-79.449,-0.452],[-79.443,-0.45],[-79.438,-0.441],[-79.429,-0.439],[-79.426,-0.431],[-79.421,-0.427],[-79.423,-0.426],[-79.423,-0.422],[-79.417,-0.415],[-79.409,-0.41],[-79.409,-0.407],[-79.404,-0.403],[-79.403,-0.399],[-79.402,-0.386],[-79.405,-0.361],[-79.407,-0.315],[-79.406,-0.302],[-79.409,-0.261],[-79.407,-0.242],[-79.413,-0.231],[-79.411,-0.218],[-79.413,-0.206],[-79.412,-0.187],[-79.418,-0.182],[-79.428,-0.18],[-79.43,-0.176],[-79.437,-0.178],[-79.441,-0.176],[-79.441,-0.178],[-79.45,-0.18],[-79.45,-0.176],[-79.455,-0.179],[-79.462,-0.172],[-79.466,-0.171],[-79.471,-0.171],[-79.469,-0.175],[-79.474,-0.175],[-79.473,-0.173],[-79.478,-0.172],[-79.479,-0.17],[-79.487,-0.171],[-79.492,-0.168],[-79.494,-0.17],[-79.496,-0.168],[-79.5,-0.17],[-79.509,-0.169],[-79.51,-0.166],[-79.52,-0.164],[-79.522,-0.161],[-79.52,-0.152],[-79.523,-0.15],[-79.525,-0.142],[-79.527,-0.142],[-79.527,-0.138],[-79.541,-0.131],[-79.541,-0.126],[-79.544,-0.123],[-79.543,-0.115],[-79.549,-0.099],[-79.555,-0.096],[-79.558,-0.09],[-79.565,-0.091],[-79.566,-0.088],[-79.579,-0.079],[-79.581,-0.077],[-79.581,-0.07],[-79.585,-0.071],[-79.595,-0.067],[-79.596,-0.063],[-79.603,-0.059],[-79.603,-0.055],[-79.609,-0.053],[-79.61,-0.05],[-79.608,-0.042],[-79.614,-0.041],[-79.616,-0.037],[-79.609,-0.028],[-79.607,-0.022],[-79.603,-0.02],[-79.607,-0.006],[-79.612,-0.005],[-79.613,0.012],[-79.623,0.014],[-79.625,0.019],[-79.624,0.023],[-79.621,0.026],[-79.618,0.026],[-79.614,0.031],[-79.615,0.033],[-79.623,0.034],[-79.625,0.036],[-79.625,0.042],[-79.622,0.048],[-79.617,0.052],[-79.62,0.057],[-79.619,0.059],[-79.616,0.057],[-79.611,0.057],[-79.608,0.06],[-79.602,0.06],[-79.598,0.063],[-79.597,0.065],[-79.599,0.068],[-79.603,0.069],[-79.603,0.082],[-79.592,0.086],[-79.588,0.091],[-79.587,0.098],[-79.582,0.102],[-79.578,0.109],[-79.574,0.11],[-79.569,0.115]]]}},{"type":"Feature","properties":{"provincia":"Sucumbíos"},"geometry":{"type":"Polygon","coordinates":[[[-77.965,0.158],[-77.959,0.159],[-77.956,0.157],[-77.946,0.17],[-77.941,0.18],[-77.938,0.181],[-77.934,0.178],[-77.928,0.178],[-77.925,0.195],[-77.912,0.205],[-77.905,0.206],[-77.886,0.201],[-77.874,0.206],[-77.871,0.209],[-77.873,0.215],[-77.867,0.232],[-77.851,0.242],[-77.847,0.26],[-77.83,0.27],[-77.829,0.273],[-77.831,0.274],[-77.846,0.275],[-77.847,0.29],[-77.845,0.295],[-77.851,0.299],[-77.851,0.303],[-77.84,0.307],[-77.837,0.314],[-77.826,0.322],[-77.825,0.326],[-77.827,0.329],[-77.819,0.34],[-77.82,0.343],[-77.817,0.348],[-77.81,0.354],[-77.813,0.357],[-77.807,0.363],[-77.797,0.368],[-77.798,0.377],[-77.796,0.382],[-77.803,0.398],[-77.813,0.404],[-77.812,0.409],[-77.807,0.414],[-77.805,0.42],[-77.807,0.426],[-77.794,0.436],[-77.795,0.441],[-77.792,0.446],[-77.787,0.448],[-77.782,0.454],[-77.78,0.461],[-77.772,0.465],[-77.774,0.47],[-77.771,0.474],[-77.761,0.48],[-77.754,0.492],[-77.756,0.496],[-77.752,0.505],[-77.741,0.513],[-77.736,0.522],[-77.732,0.523],[-77.728,0.534],[-77.725,0.535],[-77.72,0.533],[-77.711,0.547],[-77.679,0.562],[-77.663,0.595],[-77.656,0.604],[-77.678,0.616],[-77.685,0.616],[-77.69,0.621],[-77.686,0.641],[-77.673,0.649],[-77.668,0.645],[-77.655,0.647],[-77.637,0.636],[-77.632,0.639],[-77.618,0.642],[-77.602,0.636],[-77.593,0.629],[-77.584,0.633],[-77.571,0.63],[-77.569,0.632],[-77.563,0.627],[-77.562,0.63],[-77.559,0.628],[-77.553,0.631],[-77.55,0.636],[-77.536,0.638],[-77.532,0.642],[-77.526,0.643],[-77.529,0.653],[-77.525,0.656],[-77.51,0.657],[-77.506,0.655],[-77.503,0.658],[-77.497,0.658],[-77.491,0.662],[-77.487,0.657],[-77.479,0.655],[-77.483,0.649],[-77.48,0.641],[-77.478,0.64],[-77.478,0.631],[-77.48,0.629],[-77.479,0.613],[-77.481,0.605],[-77.487,0.594],[-77.488,0.585],[-77.491,0.582],[-77.498,0.58],[-77.502,0.575],[-77.503,0.568],[-77.506,0.565],[-77.508,0.566],[-77.51,0.563],[-77.509,0.559],[-77.511,0.551],[-77.517,0.541],[-77.518,0.533],[-77.521,0.531],[-77.52,0.525],[-77.522,0.52],[-77.518,0.51],[-77.516,0.494],[-77.518,0.493],[-77.524,0.477],[-77.523,0.473],[-77.525,0.471],[-77.525,0.467],[-77.522,0.466],[-77.519,0.458],[-77.518,0.453],[-77.522,0.444],[-77.52,0.442],[-77.52,0.438],[-77.518,0.437],[-77.522,0.43],[-77.519,0.424],[-77.521,0.416],[-77.527,0.412],[-77.529,0.408],[-77.526,0.401],[-77.45,0.432],[-77.446,0.437],[-77.443,0.438],[-77.434,0.435],[-77.431,0.439],[-77.42,0.436],[-77.42,0.429],[-77.422,0.426],[-77.42,0.421],[-77.416,0.42],[-77.413,0.413],[-77.411,0.413],[-77.412,0.409],[-77.405,0.406],[-77.404,0.403],[-77.398,0.401],[-77.391,0.394],[-77.392,0.391],[-77.388,0.388],[-77.379,0.385],[-77.378,0.389],[-77.383,0.394],[-77.382,0.397],[-77.374,0.397],[-77.373,0.401],[-77.362,0.396],[-77.361,0.393],[-77.359,0.393],[-77.357,0.396],[-77.35,0.391],[-77.34,0.391],[-77.336,0.388],[-77.326,0.389],[-77.325,0.386],[-77.319,0.383],[-77.317,0.379],[-77.312,0.381],[-77.309,0.372],[-77.297,0.367],[-77.296,0.365],[-77.292,0.366],[-77.287,0.363],[-77.279,0.363],[-77.277,0.365],[-77.269,0.364],[-77.269,0.367],[-77.261,0.37],[-77.255,0.364],[-77.249,0.365],[-77.245,0.362],[-77.239,0.366],[-77.233,0.362],[-77.226,0.363],[-77.224,0.365],[-77.218,0.362],[-77.21,0.365],[-77.209,0.367],[-77.2,0.368],[-77.199,0.374],[-77.196,0.374],[-77.192,0.38],[-77.187,0.38],[-77.185,0.383],[-77.185,0.388],[-77.178,0.39],[-77.171,0.387],[-77.166,0.39],[-77.16,0.383],[-77.152,0.379],[-77.15,0.376],[-77.135,0.375],[-77.128,0.379],[-77.125,0.377],[-77.125,0.374],[-77.113,0.372],[-77.112,0.366],[-77.106,0.355],[-77.108,0.35],[-77.105,0.341],[-77.098,0.336],[-77.097,0.329],[-77.094,0.325],[-77.082,0.318],[-77.08,0.312],[-77.089,0.303],[-77.089,0.3],[-77.083,0.298],[-77.078,0.285],[-77.072,0.284],[-77.065,0.287],[-77.056,0.284],[-77.052,0.286],[-77.05,0.291],[-77.045,0.291],[-77.039,0.285],[-77.035,0.284],[-77.032,0.278],[-77.029,0.277],[-77.026,0.278],[-77.015,0.291],[-77.008,0.295],[-76.998,0.289],[-76.996,0.279],[-76.985,0.266],[-76.968,0.272],[-76.955,0.268],[-76.947,0.268],[-76.944,0.269],[-76.938,0.276],[-76.933,0.277],[-76.928,0.271],[-76.936,0.265],[-76.935,0.262],[-76.908,0.246],[-76.894,0.248],[-76.889,0.246],[-76.884,0.247],[-76.878,0.252],[-76.859,0.246],[-76.848,0.239],[-76.844,0.239],[-76.828,0.25],[-76.825,0.254],[-76.818,0.257],[-76.811,0.256],[-76.807,0.261],[-76.798,0.264],[-76.79,0.264],[-76.779,0.257],[-76.774,0.251],[-76.773,0.245],[-76.769,0.243],[-76.756,0.248],[-76.752,0.253],[-76.754,0.258],[-76.766,0.259],[-76.767,0.264],[-76.753,0.275],[-76.744,0.277],[-76.733,0.289],[-76.727,0.285],[-76.719,0.274],[-76.713,0.269],[-76.711,0.269],[-76.708,0.275],[-76.703,0.279],[-76.691,0.276],[-76.679,0.27],[-76.666,0.272],[-76.656,0.271],[-76.654,0.269],[-76.656,0.254],[-76.653,0.251],[-76.638,0.26],[-76.626,0.262],[-76.618,0.254],[-76.613,0.242],[-76.605,0.231],[-76.594,0.227],[-76.589,0.219],[-76.583,0.22],[-76.58,0.223],[-76.582,0.229],[-76.568,0.244],[-76.533,0.259],[-76.523,0.252],[-76.515,0.242],[-76.504,0.236],[-76.49,0.242],[-76.477,0.239],[-76.447,0.239],[-76.442,0.244],[-76.446,0.254],[-76.435,0.258],[-76.426,0.255],[-76.424,0.252],[-76.425,0.246],[-76.43,0.241],[-76.427,0.234],[-76.423,0.235],[-76.411,0.242],[-76.412,0.38],[-76.397,0.383],[-76.38,0.392],[-76.37,0.395],[-76.361,0.392],[-76.355,0.38],[-76.347,0.38],[-76.334,0.387],[-76.335,0.402],[-76.332,0.414],[-76.313,0.435],[-76.309,0.433],[-76.304,0.423],[-76.297,0.421],[-76.292,0.423],[-76.28,0.437],[-76.274,0.436],[-76.259,0.424],[-76.261,0.408],[-76.257,0.401],[-76.25,0.398],[-76.239,0.405],[-76.231,0.402],[-76.228,0.379],[-76.226,0.377],[-76.223,0.377],[-76.209,0.386],[-76.205,0.385],[-76.192,0.373],[-76.187,0.371],[-76.179,0.372],[-76.167,0.379],[-76.16,0.388],[-76.157,0.388],[-76.153,0.38],[-76.133,0.371],[-76.129,0.368],[-76.119,0.346],[-76.118,0.339],[-76.121,0.33],[-76.12,0.325],[-76.117,0.319],[-76.113,0.316],[-76.108,0.314],[-76.097,0.318],[-76.086,0.335],[-76.068,0.336],[-76.057,0.333],[-76.053,0.33],[-76.045,0.313],[-76.038,0.307],[-76.019,0.301],[-76.009,0.3],[-76.004,0.296],[-75.996,0.284],[-75.997,0.27],[-75.995,0.265],[-75.985,0.264],[-75.982,0.256],[-75.986,0.253],[-76.003,0.255],[-76.006,0.252],[-76.006,0.249],[-76.004,0.247],[-75.996,0.247],[-75.976,0.24],[-75.959,0.238],[-75.957,0.223],[-75.951,0.221],[-75.951,0.215],[-75.954,0.213],[-75.959,0.213],[-75.959,0.209],[-75.955,0.203],[-75.952,0.201],[-75.943,0.201],[-75.931,0.196],[-75.924,0.187],[-75.921,0.177],[-75.898,0.162],[-75.896,0.159],[-75.897,0.151],[-75.901,0.149],[-75.905,0.143],[-75.903,0.137],[-75.897,0.137],[-75.886,0.142],[-75.882,0.139],[-75.88,0.135],[-75.881,0.121],[-75.878,0.118],[-75.873,0.119],[-75.867,0.13],[-75.862,0.135],[-75.85,0.128],[-75.846,0.114],[-75.841,0.105],[-75.832,0.094],[-75.823,0.088],[-75.814,0.075],[-75.81,0.056],[-75.807,0.051],[-75.802,0.05],[-75.788,0.056],[-75.78,0.051],[-75.775,0.052],[-75.769,0.049],[-75.76,0.04],[-75.753,0.037],[-75.742,0.04],[-75.726,0.039],[-75.71,0.043],[-75.684,0.037],[-75.672,0.042],[-75.658,0.036],[-75.652,0.031],[-75.643,0.035],[-75.639,0.047],[-75.632,0.048],[-75.628,0.043],[-75.63,0.04],[-75.628,0.036],[-75.617,0.029],[-75.61,0.017],[-75.601,0.013],[-75.588,0.017],[-75.582,0.014],[-75.579,0.005],[-75.582,-0.006],[-75.582,-0.018],[-75.575,-0.027],[-75.568,-0.027],[-75.536,-0.018],[-75.53,-0.019],[-75.526,-0.025],[-75.511,-0.037],[-75.49,-0.048],[-75.469,-0.05],[-75.465,-0.052],[-75.458,-0.059],[-75.452,-0.069],[-75.428,-0.086],[-75.393,-0.097],[-75.367,-0.091],[-75.355,-0.092],[-75.346,-0.095],[-75.34,-0.104],[-75.33,-0.107],[-75.298,-0.107],[-75.289,-0.113],[-75.278,-0.124],[-75.273,-0.125],[-75.269,-0.125],[-75.258,-0.116],[-75.259,-0.125],[-75.261,-0.128],[-75.277,-0.133],[-75.281,-0.139],[-75.285,-0.141],[-75.287,-0.151],[-75.29,-0.154],[-75.291,-0.151],[-75.296,-0.148],[-75.302,-0.151],[-75.305,-0.156],[-75.311,-0.156],[-75.316,-0.16],[-75.319,-0.157],[-75.323,-0.159],[-75.339,-0.155],[-75.353,-0.164],[-75.359,-0.159],[-75.355,-0.155],[-75.357,-0.152],[-75.353,-0.148],[-75.355,-0.146],[-75.359,-0.149],[-75.36,-0.146],[-75.365,-0.146],[-75.368,-0.152],[-75.367,-0.156],[-75.369,-0.16],[-75.378,-0.166],[-75.382,-0.166],[-75.382,-0.169],[-75.384,-0.169],[-75.386,-0.165],[-75.397,-0.165],[-75.402,-0.167],[-75.403,-0.17],[-75.406,-0.17],[-75.407,-0.168],[-75.416,-0.164],[-75.418,-0.165],[-75.423,-0.157],[-75.426,-0.158],[-75.431,-0.153],[-75.441,-0.155],[-75.451,-0.153],[-75.45,-0.149],[-75.453,-0.151],[-75.455,-0.15],[-75.456,-0.152],[-75.459,-0.15],[-75.461,-0.151],[-75.466,-0.146],[-75.466,-0.141],[-75.475,-0.138],[-75.478,-0.136],[-75.477,-0.134],[-75.482,-0.132],[-75.484,-0.133],[-75.485,-0.13],[-75.493,-0.13],[-75.496,-0.132],[-75.497,-0.129],[-75.504,-0.127],[-75.503,-0.125],[-75.506,-0.123],[-75.505,-0.119],[-75.507,-0.117],[-75.509,-0.12],[-75.517,-0.114],[-75.526,-0.119],[-75.53,-0.117],[-75.535,-0.118],[-75.536,-0.121],[-75.543,-0.116],[-75.542,-0.121],[-75.549,-0.124],[-75.552,-0.129],[-75.556,-0.129],[-75.558,-0.131],[-75.569,-0.131],[-75.569,-0.128],[-75.573,-0.127],[-75.573,-0.125],[-75.579,-0.12],[-75.581,-0.122],[-75.586,-0.121],[-75.59,-0.123],[-75.601,-0.112],[-75.601,-0.11],[-75.606,-0.109],[-75.61,-0.113],[-75.61,-0.193],[-75.603,-0.19],[-75.59,-0.191],[-75.578,-0.178],[-75.571,-0.185],[-75.563,-0.185],[-75.548,-0.178],[-75.545,-0.18],[-75.538,-0.179],[-75.537,-0.181],[-75.531,-0.181],[-75.53,-0.186],[-75.525,-0.189],[-75.522,-0.194],[-75.518,-0.194],[-75.514,-0.197],[-75.511,-0.212],[-75.507,-0.212],[-75.506,-0.214],[-75.499,-0.216],[-75.496,-0.226],[-75.482,-0.237],[-75.48,-0.264],[-75.479,-0.268],[-75.473,-0.274],[-75.472,-0.279],[-75.474,-0.297],[-75.465,-0.298],[-75.466,-0.307],[-75.463,-0.318],[-75.459,-0.321],[-75.457,-0.329],[-75.451,-0.333],[-75.449,-0.338],[-75.445,-0.34],[-75.442,-0.353],[-75.438,-0.359],[-75.435,-0.359],[-75.432,-0.363],[-75.434,-0.367],[-75.425,-0.373],[-75.426,-0.378],[-75.42,-0.383],[-75.417,-0.388],[-75.418,-0.391],[-75.414,-0.395],[-75.415,-0.396],[-75.409,-0.4],[-75.407,-0.399],[-75.403,-0.401],[-75.4,-0.404],[-75.399,-0.409],[-75.396,-0.409],[-75.392,-0.415],[-75.39,-0.415],[-75.389,-0.419],[-75.391,-0.425],[-75.385,-0.437],[-75.382,-0.436],[-75.38,-0.438],[-75.376,-0.438],[-75.375,-0.442],[-75.372,-0.442],[-75.37,-0.445],[-75.367,-0.446],[-75.365,-0.444],[-75.356,-0.447],[-75.354,-0.458],[-75.349,-0.464],[-75.348,-0.462],[-75.344,-0.464],[-75.343,-0.46],[-75.337,-0.46],[-75.332,-0.452],[-75.326,-0.454],[-75.325,-0.456],[-75.327,-0.46],[-75.319,-0.465],[-75.316,-0.464],[-75.316,-0.467],[-75.311,-0.474],[-75.314,-0.477],[-75.31,-0.48],[-75.313,-0.483],[-75.311,-0.485],[-75.315,-0.488],[-75.313,-0.495],[-75.31,-0.493],[-75.309,-0.495],[-75.307,-0.493],[-75.304,-0.495],[-75.301,-0.492],[-75.295,-0.506],[-75.293,-0.503],[-75.28,-0.497],[-75.275,-0.503],[-75.271,-0.501],[-75.267,-0.508],[-75.273,-0.517],[-75.27,-0.52],[-75.27,-0.523],[-75.264,-0.525],[-75.269,-0.529],[-75.264,-0.534],[-75.262,-0.533],[-75.263,-0.529],[-75.255,-0.523],[-75.254,-0.52],[-75.247,-0.518],[-75.247,-0.522],[-75.242,-0.524],[-75.244,-0.527],[-75.244,-0.533],[-75.24,-0.535],[-75.243,-0.536],[-75.239,-0.539],[-75.242,-0.54],[-75.24,-0.543],[-75.244,-0.545],[-75.241,-0.549],[-75.231,-0.549],[-75.227,-0.56],[-75.23,-0.56],[-75.23,-0.565],[-75.226,-0.572],[-75.234,-0.58],[-75.237,-0.578],[-75.24,-0.579],[-75.239,-0.583],[-75.237,-0.584],[-75.238,-0.589],[-75.24,-0.59],[-75.24,-0.597],[-75.238,-0.599],[-75.24,-0.602],[-75.23,-0.603],[-75.227,-0.607],[-75.231,-0.606],[-75.234,-0.608],[-75.232,-0.612],[-75.233,-0.615],[-75.23,-0.615],[-75.229,-0.619],[-75.226,-0.618],[-75.227,-0.621],[-75.224,-0.622],[-75.224,-0.629],[-75.232,-0.63],[-75.232,-0.633],[-75.234,-0.633],[-75.235,-0.641],[-75.232,-0.647],[-75.234,-0.648],[-75.237,-0.647],[-75.238,-0.643],[-75.241,-0.645],[-75.246,-0.639],[-75.25,-0.641],[-75.248,-0.647],[-75.258,-0.644],[-75.258,-0.656],[-75.263,-0.655],[-75.26,-0.652],[-75.261,-0.647],[-75.266,-0.644],[-75.272,-0.644],[-75.282,-0.655],[-75.285,-0.656],[-75.288,-0.655],[-75.287,-0.645],[-75.284,-0.642],[-75.284,-0.621],[-75.286,-0.619],[-75.298,-0.629],[-75.306,-0.631],[-75.313,-0.624],[-75.316,-0.617],[-75.321,-0.615],[-75.337,-0.622],[-75.343,-0.622],[-75.348,-0.619],[-75.35,-0.614],[-75.357,-0.608],[-75.364,-0.606],[-75.368,-0.602],[-75.37,-0.602],[-75.378,-0.61],[-75.387,-0.606],[-75.39,-0.598],[-75.396,-0.591],[-75.396,-0.576],[-75.4,-0.568],[-75.406,-0.563],[-75.411,-0.563],[-75.421,-0.567],[-75.43,-0.563],[-75.435,-0.557],[-75.442,-0.553],[-75.447,-0.553],[-75.463,-0.546],[-75.468,-0.546],[-75.481,-0.557],[-75.485,-0.556],[-75.487,-0.55],[-75.492,-0.544],[-75.496,-0.544],[-75.501,-0.552],[-75.507,-0.557],[-75.514,-0.556],[-75.528,-0.548],[-75.534,-0.542],[-75.538,-0.542],[-75.548,-0.549],[-75.557,-0.549],[-75.561,-0.547],[-75.563,-0.54],[-75.559,-0.529],[-75.559,-0.523],[-75.561,-0.521],[-75.571,-0.521],[-75.574,-0.519],[-75.569,-0.506],[-75.569,-0.5],[-75.573,-0.494],[-75.576,-0.492],[-75.581,-0.493],[-75.585,-0.498],[-75.583,-0.504],[-75.584,-0.507],[-75.591,-0.505],[-75.592,-0.496],[-75.597,-0.486],[-75.6,-0.484],[-75.613,-0.483],[-75.617,-0.477],[-75.626,-0.474],[-75.628,-0.475],[-75.632,-0.473],[-75.634,-0.475],[-75.637,-0.472],[-75.637,-0.469],[-75.647,-0.466],[-75.648,-0.455],[-75.653,-0.452],[-75.658,-0.453],[-75.658,-0.456],[-75.664,-0.457],[-75.669,-0.461],[-75.672,-0.46],[-75.677,-0.464],[-75.683,-0.465],[-75.684,-0.468],[-75.688,-0.466],[-75.693,-0.467],[-75.695,-0.47],[-75.703,-0.473],[-75.715,-0.465],[-75.719,-0.466],[-75.717,-0.457],[-75.723,-0.448],[-75.723,-0.443],[-75.727,-0.438],[-75.731,-0.437],[-75.74,-0.424],[-75.744,-0.421],[-75.749,-0.42],[-75.754,-0.422],[-75.757,-0.421],[-75.758,-0.423],[-75.769,-0.423],[-75.778,-0.419],[-75.781,-0.423],[-75.786,-0.425],[-75.79,-0.424],[-75.799,-0.431],[-75.802,-0.429],[-75.808,-0.429],[-75.822,-0.436],[-75.829,-0.437],[-75.836,-0.434],[-75.838,-0.437],[-75.851,-0.43],[-75.854,-0.423],[-75.862,-0.415],[-75.867,-0.415],[-75.869,-0.417],[-75.87,-0.414],[-75.893,-0.41],[-75.9,-0.405],[-75.932,-0.408],[-75.935,-0.412],[-75.941,-0.535],[-75.938,-0.549],[-75.933,-0.555],[-75.926,-0.557],[-75.925,-0.562],[-75.927,-0.571],[-75.985,-0.555],[-76.002,-0.545],[-76.006,-0.539],[-76.031,-0.525],[-76.053,-0.51],[-76.069,-0.482],[-76.072,-0.462],[-76.077,-0.448],[-76.08,-0.443],[-76.09,-0.438],[-76.096,-0.438],[-76.118,-0.449],[-76.128,-0.452],[-76.148,-0.445],[-76.169,-0.442],[-76.216,-0.447],[-76.231,-0.451],[-76.245,-0.447],[-76.256,-0.447],[-76.271,-0.456],[-76.289,-0.475],[-76.316,-0.482],[-76.329,-0.483],[-76.353,-0.503],[-76.365,-0.516],[-76.375,-0.521],[-76.385,-0.522],[-76.397,-0.512],[-76.404,-0.5],[-76.42,-0.487],[-76.431,-0.484],[-76.449,-0.488],[-76.471,-0.483],[-76.49,-0.468],[-76.503,-0.445],[-76.525,-0.439],[-76.536,-0.432],[-76.543,-0.417],[-76.55,-0.41],[-76.568,-0.41],[-76.596,-0.424],[-76.601,-0.432],[-76.607,-0.426],[-76.624,-0.43],[-76.628,-0.429],[-76.63,-0.426],[-76.633,-0.426],[-76.637,-0.42],[-76.64,-0.419],[-76.638,-0.41],[-76.633,-0.402],[-76.636,-0.398],[-76.646,-0.391],[-76.648,-0.393],[-76.654,-0.393],[-76.659,-0.39],[-76.674,-0.373],[-76.687,-0.371],[-76.689,-0.364],[-76.698,-0.36],[-76.699,-0.355],[-76.702,-0.352],[-76.714,-0.351],[-76.716,-0.349],[-76.722,-0.35],[-76.727,-0.346],[-76.728,-0.344],[-76.719,-0.338],[-76.724,-0.334],[-76.722,-0.333],[-76.728,-0.326],[-76.736,-0.32],[-76.74,-0.314],[-76.739,-0.313],[-76.744,-0.312],[-76.746,-0.305],[-76.753,-0.3],[-76.753,-0.287],[-76.756,-0.287],[-76.761,-0.282],[-76.765,-0.281],[-76.761,-0.271],[-76.764,-0.264],[-76.762,-0.262],[-76.765,-0.258],[-76.771,-0.257],[-76.777,-0.253],[-76.778,-0.25],[-76.785,-0.249],[-76.787,-0.243],[-76.79,-0.243],[-76.793,-0.238],[-76.801,-0.234],[-76.807,-0.222],[-76.812,-0.217],[-76.813,-0.212],[-76.818,-0.21],[-76.819,-0.207],[-76.826,-0.203],[-76.83,-0.19],[-76.842,-0.182],[-76.845,-0.182],[-76.847,-0.177],[-76.851,-0.175],[-76.85,-0.174],[-76.853,-0.169],[-76.856,-0.167],[-76.857,-0.161],[-76.871,-0.139],[-76.873,-0.139],[-76.876,-0.133],[-76.875,-0.128],[-76.879,-0.124],[-76.893,-0.117],[-76.893,-0.112],[-76.896,-0.109],[-76.901,-0.107],[-76.904,-0.108],[-76.909,-0.081],[-76.924,-0.081],[-76.927,-0.079],[-76.935,-0.086],[-76.936,-0.059],[-76.943,-0.063],[-76.962,-0.065],[-76.971,-0.071],[-76.979,-0.072],[-76.988,-0.082],[-76.998,-0.082],[-77,-0.085],[-77.007,-0.088],[-77.016,-0.1],[-77.022,-0.101],[-77.026,-0.103],[-77.026,-0.105],[-77.031,-0.107],[-77.042,-0.107],[-77.053,-0.114],[-77.065,-0.115],[-77.081,-0.109],[-77.094,-0.111],[-77.099,-0.109],[-77.119,-0.093],[-77.141,-0.088],[-77.15,-0.088],[-77.154,-0.09],[-77.159,-0.087],[-77.157,-0.098],[-77.16,-0.102],[-77.165,-0.099],[-77.188,-0.097],[-77.197,-0.094],[-77.2,-0.099],[-77.204,-0.099],[-77.206,-0.098],[-77.209,-0.086],[-77.226,-0.079],[-77.236,-0.07],[-77.272,-0.055],[-77.278,-0.045],[-77.288,-0.038],[-77.295,-0.052],[-77.301,-0.058],[-77.306,-0.073],[-77.329,-0.095],[-77.336,-0.105],[-77.34,-0.122],[-77.353,-0.136],[-77.375,-0.149],[-77.377,-0.152],[-77.383,-0.152],[-77.386,-0.149],[-77.387,-0.143],[-77.393,-0.139],[-77.413,-0.136],[-77.428,-0.131],[-77.434,-0.132],[-77.437,-0.129],[-77.449,-0.138],[-77.454,-0.136],[-77.454,-0.127],[-77.451,-0.124],[-77.451,-0.121],[-77.455,-0.116],[-77.45,-0.113],[-77.444,-0.096],[-77.446,-0.094],[-77.448,-0.095],[-77.45,-0.092],[-77.449,-0.089],[-77.456,-0.085],[-77.456,-0.083],[-77.447,-0.077],[-77.449,-0.072],[-77.448,-0.07],[-77.439,-0.068],[-77.437,-0.063],[-77.44,-0.06],[-77.443,-0.06],[-77.444,-0.062],[-77.45,-0.061],[-77.451,-0.058],[-77.449,-0.054],[-77.456,-0.048],[-77.452,-0.043],[-77.452,-0.038],[-77.455,-0.033],[-77.455,-0.025],[-77.459,-0.019],[-77.466,-0.02],[-77.468,-0.018],[-77.474,-0.024],[-77.484,-0.026],[-77.486,-0.029],[-77.487,-0.041],[-77.507,-0.041],[-77.504,-0.047],[-77.505,-0.051],[-77.503,-0.056],[-77.508,-0.06],[-77.509,-0.064],[-77.512,-0.065],[-77.521,-0.061],[-77.524,-0.062],[-77.526,-0.057],[-77.53,-0.055],[-77.536,-0.056],[-77.539,-0.06],[-77.537,-0.063],[-77.538,-0.065],[-77.545,-0.066],[-77.544,-0.069],[-77.549,-0.07],[-77.551,-0.076],[-77.558,-0.079],[-77.559,-0.086],[-77.562,-0.086],[-77.564,-0.089],[-77.566,-0.087],[-77.57,-0.092],[-77.57,-0.095],[-77.581,-0.101],[-77.583,-0.108],[-77.59,-0.11],[-77.589,-0.105],[-77.594,-0.101],[-77.596,-0.096],[-77.601,-0.093],[-77.603,-0.088],[-77.613,-0.082],[-77.62,-0.081],[-77.625,-0.077],[-77.632,-0.078],[-77.634,-0.076],[-77.638,-0.076],[-77.661,-0.081],[-77.673,-0.078],[-77.678,-0.078],[-77.685,-0.081],[-77.704,-0.081],[-77.711,-0.079],[-77.711,-0.072],[-77.719,-0.063],[-77.722,-0.056],[-77.729,-0.054],[-77.733,-0.057],[-77.737,-0.057],[-77.738,-0.063],[-77.734,-0.067],[-77.734,-0.072],[-77.741,-0.079],[-77.765,-0.082],[-77.768,-0.085],[-77.777,-0.082],[-77.78,-0.083],[-77.782,-0.082],[-77.78,-0.08],[-77.78,-0.07],[-77.785,-0.053],[-77.783,-0.05],[-77.786,-0.038],[-77.785,-0.031],[-77.795,-0.016],[-77.794,-0.013],[-77.789,-0.01],[-77.786,-0.004],[-77.788,0.002],[-77.787,0.004],[-77.785,0.004],[-77.779,0.011],[-77.781,0.016],[-77.785,0.02],[-77.791,0.022],[-77.793,0.021],[-77.799,0.027],[-77.802,0.024],[-77.812,0.024],[-77.814,0.03],[-77.82,0.034],[-77.826,0.034],[-77.84,0.027],[-77.845,0.028],[-77.849,0.024],[-77.853,0.024],[-77.855,0.025],[-77.858,0.033],[-77.858,0.054],[-77.861,0.063],[-77.864,0.063],[-77.867,0.067],[-77.873,0.07],[-77.877,0.07],[-77.879,0.075],[-77.882,0.077],[-77.884,0.076],[-77.889,0.082],[-77.902,0.085],[-77.904,0.083],[-77.912,0.083],[-77.914,0.081],[-77.919,0.082],[-77.936,0.103],[-77.938,0.104],[-77.946,0.099],[-77.95,0.102],[-77.954,0.111],[-77.968,0.111],[-77.971,0.113],[-77.977,0.107],[-77.98,0.108],[-77.975,0.117],[-77.976,0.123],[-77.974,0.123],[-77.976,0.13],[-77.971,0.138],[-77.973,0.14],[-77.971,0.147],[-77.965,0.152],[-77.965,0.158]]]}},{"type":"Feature","properties":{"provincia":"Tungurahua"},"geometry":{"type":"Polygon","coordinates":[[[-78.866,-1.187],[-78.866,-1.185],[-78.861,-1.182],[-78.861,-1.176],[-78.859,-1.174],[-78.856,-1.174],[-78.849,-1.181],[-78.843,-1.18],[-78.833,-1.174],[-78.832,-1.166],[-78.817,-1.158],[-78.81,-1.158],[-78.799,-1.145],[-78.79,-1.143],[-78.783,-1.147],[-78.779,-1.146],[-78.772,-1.14],[-78.759,-1.136],[-78.751,-1.136],[-78.745,-1.132],[-78.729,-1.143],[-78.724,-1.149],[-78.711,-1.148],[-78.689,-1.151],[-78.686,-1.147],[-78.674,-1.145],[-78.673,-1.15],[-78.668,-1.155],[-78.665,-1.154],[-78.652,-1.138],[-78.646,-1.136],[-78.641,-1.131],[-78.633,-1.131],[-78.618,-1.12],[-78.613,-1.11],[-78.611,-1.11],[-78.609,-1.115],[-78.591,-1.114],[-78.589,-1.12],[-78.582,-1.12],[-78.58,-1.125],[-78.569,-1.127],[-78.572,-1.119],[-78.57,-1.116],[-78.568,-1.121],[-78.566,-1.12],[-78.569,-1.116],[-78.567,-1.115],[-78.568,-1.11],[-78.566,-1.105],[-78.57,-1.097],[-78.563,-1.085],[-78.566,-1.079],[-78.565,-1.077],[-78.573,-1.074],[-78.575,-1.076],[-78.576,-1.072],[-78.57,-1.064],[-78.559,-1.059],[-78.537,-1.061],[-78.528,-1.061],[-78.526,-1.058],[-78.523,-1.059],[-78.522,-1.069],[-78.516,-1.073],[-78.516,-1.079],[-78.512,-1.079],[-78.509,-1.086],[-78.506,-1.086],[-78.5,-1.095],[-78.498,-1.093],[-78.483,-1.093],[-78.469,-1.086],[-78.467,-1.088],[-78.456,-1.081],[-78.46,-1.077],[-78.459,-1.073],[-78.455,-1.072],[-78.453,-1.065],[-78.449,-1.064],[-78.447,-1.061],[-78.447,-1.048],[-78.443,-1.049],[-78.434,-1.046],[-78.435,-1.043],[-78.433,-1.04],[-78.42,-1.03],[-78.422,-1.026],[-78.421,-1.024],[-78.415,-1.024],[-78.408,-1.015],[-78.408,-1.008],[-78.406,-1.004],[-78.408,-0.998],[-78.412,-0.996],[-78.414,-0.992],[-78.411,-0.988],[-78.405,-0.989],[-78.403,-0.996],[-78.398,-1.002],[-78.389,-1.008],[-78.378,-1.007],[-78.368,-1],[-78.36,-1.002],[-78.346,-1.022],[-78.344,-1.028],[-78.331,-1.034],[-78.329,-1.038],[-78.324,-1.039],[-78.323,-1.041],[-78.324,-1.045],[-78.332,-1.055],[-78.332,-1.067],[-78.335,-1.077],[-78.333,-1.083],[-78.342,-1.096],[-78.342,-1.099],[-78.334,-1.111],[-78.337,-1.116],[-78.337,-1.136],[-78.342,-1.14],[-78.347,-1.141],[-78.348,-1.15],[-78.355,-1.159],[-78.35,-1.174],[-78.343,-1.174],[-78.34,-1.167],[-78.336,-1.164],[-78.321,-1.164],[-78.317,-1.157],[-78.315,-1.148],[-78.307,-1.143],[-78.282,-1.142],[-78.275,-1.145],[-78.269,-1.141],[-78.266,-1.142],[-78.265,-1.154],[-78.263,-1.156],[-78.258,-1.154],[-78.251,-1.157],[-78.236,-1.145],[-78.221,-1.141],[-78.2,-1.157],[-78.191,-1.158],[-78.189,-1.16],[-78.186,-1.167],[-78.189,-1.178],[-78.188,-1.182],[-78.181,-1.182],[-78.177,-1.186],[-78.167,-1.188],[-78.163,-1.187],[-78.154,-1.18],[-78.145,-1.184],[-78.14,-1.181],[-78.135,-1.183],[-78.133,-1.188],[-78.127,-1.194],[-78.119,-1.194],[-78.117,-1.201],[-78.118,-1.21],[-78.123,-1.222],[-78.12,-1.228],[-78.117,-1.249],[-78.119,-1.266],[-78.115,-1.275],[-78.11,-1.279],[-78.113,-1.285],[-78.113,-1.299],[-78.118,-1.306],[-78.115,-1.322],[-78.122,-1.335],[-78.119,-1.344],[-78.12,-1.363],[-78.127,-1.365],[-78.126,-1.381],[-78.128,-1.384],[-78.132,-1.386],[-78.139,-1.395],[-78.148,-1.397],[-78.148,-1.404],[-78.15,-1.407],[-78.144,-1.411],[-78.144,-1.415],[-78.15,-1.42],[-78.152,-1.431],[-78.173,-1.443],[-78.183,-1.452],[-78.191,-1.454],[-78.194,-1.457],[-78.197,-1.473],[-78.211,-1.472],[-78.218,-1.474],[-78.222,-1.476],[-78.222,-1.486],[-78.231,-1.492],[-78.245,-1.492],[-78.252,-1.498],[-78.267,-1.502],[-78.279,-1.498],[-78.293,-1.497],[-78.287,-1.481],[-78.298,-1.48],[-78.308,-1.486],[-78.312,-1.491],[-78.312,-1.494],[-78.316,-1.497],[-78.319,-1.498],[-78.327,-1.496],[-78.331,-1.499],[-78.345,-1.503],[-78.35,-1.523],[-78.359,-1.521],[-78.359,-1.517],[-78.363,-1.514],[-78.365,-1.503],[-78.363,-1.501],[-78.364,-1.497],[-78.373,-1.496],[-78.374,-1.493],[-78.378,-1.494],[-78.383,-1.492],[-78.387,-1.494],[-78.392,-1.489],[-78.399,-1.489],[-78.406,-1.485],[-78.412,-1.488],[-78.424,-1.486],[-78.443,-1.471],[-78.474,-1.457],[-78.492,-1.446],[-78.497,-1.441],[-78.497,-1.435],[-78.499,-1.434],[-78.505,-1.438],[-78.506,-1.441],[-78.504,-1.443],[-78.508,-1.449],[-78.509,-1.46],[-78.511,-1.461],[-78.513,-1.472],[-78.528,-1.47],[-78.535,-1.481],[-78.538,-1.481],[-78.547,-1.475],[-78.564,-1.476],[-78.582,-1.486],[-78.587,-1.491],[-78.606,-1.49],[-78.608,-1.495],[-78.616,-1.5],[-78.616,-1.503],[-78.623,-1.508],[-78.628,-1.508],[-78.631,-1.506],[-78.636,-1.493],[-78.651,-1.499],[-78.659,-1.497],[-78.667,-1.5],[-78.67,-1.497],[-78.677,-1.495],[-78.685,-1.497],[-78.7,-1.497],[-78.708,-1.494],[-78.721,-1.481],[-78.726,-1.47],[-78.738,-1.453],[-78.741,-1.454],[-78.746,-1.452],[-78.769,-1.435],[-78.771,-1.43],[-78.777,-1.43],[-78.796,-1.442],[-78.806,-1.443],[-78.81,-1.451],[-78.814,-1.45],[-78.821,-1.454],[-78.825,-1.453],[-78.83,-1.455],[-78.833,-1.457],[-78.836,-1.464],[-78.846,-1.465],[-78.851,-1.47],[-78.856,-1.471],[-78.864,-1.467],[-78.886,-1.461],[-78.891,-1.452],[-78.908,-1.433],[-78.91,-1.423],[-78.914,-1.42],[-78.918,-1.409],[-78.922,-1.409],[-78.931,-1.4],[-78.927,-1.398],[-78.925,-1.393],[-78.931,-1.384],[-78.927,-1.377],[-78.928,-1.373],[-78.938,-1.36],[-78.938,-1.355],[-78.935,-1.352],[-78.933,-1.337],[-78.918,-1.327],[-78.913,-1.319],[-78.913,-1.315],[-78.915,-1.313],[-78.914,-1.308],[-78.905,-1.305],[-78.905,-1.301],[-78.893,-1.284],[-78.894,-1.281],[-78.887,-1.268],[-78.887,-1.262],[-78.886,-1.26],[-78.882,-1.259],[-78.889,-1.254],[-78.894,-1.24],[-78.891,-1.232],[-78.893,-1.222],[-78.881,-1.208],[-78.874,-1.204],[-78.872,-1.2],[-78.865,-1.195],[-78.863,-1.192],[-78.866,-1.187]]]}},{"type":"Feature","properties":{"provincia":"Zamora Chinchipe"},"geometry":{"type":"Polygon","coordinates":[[[-79.428,-4.749],[-79.424,-4.747],[-79.419,-4.728],[-79.414,-4.719],[-79.404,-4.72],[-79.401,-4.718],[-79.397,-4.7],[-79.394,-4.695],[-79.396,-4.69],[-79.395,-4.68],[-79.39,-4.674],[-79.39,-4.671],[-79.385,-4.669],[-79.38,-4.658],[-79.376,-4.654],[-79.371,-4.655],[-79.36,-4.65],[-79.354,-4.637],[-79.352,-4.624],[-79.342,-4.617],[-79.331,-4.599],[-79.331,-4.588],[-79.328,-4.577],[-79.329,-4.568],[-79.334,-4.563],[-79.333,-4.559],[-79.335,-4.556],[-79.336,-4.545],[-79.327,-4.528],[-79.327,-4.51],[-79.324,-4.506],[-79.321,-4.508],[-79.311,-4.505],[-79.305,-4.5],[-79.304,-4.495],[-79.298,-4.493],[-79.294,-4.482],[-79.291,-4.479],[-79.282,-4.474],[-79.273,-4.474],[-79.266,-4.488],[-79.26,-4.488],[-79.257,-4.484],[-79.251,-4.483],[-79.224,-4.494],[-79.222,-4.495],[-79.22,-4.505],[-79.213,-4.511],[-79.21,-4.511],[-79.205,-4.504],[-79.2,-4.491],[-79.201,-4.485],[-79.198,-4.481],[-79.191,-4.475],[-79.182,-4.479],[-79.168,-4.471],[-79.164,-4.466],[-79.159,-4.451],[-79.15,-4.45],[-79.148,-4.448],[-79.144,-4.435],[-79.132,-4.429],[-79.122,-4.427],[-79.118,-4.421],[-79.116,-4.412],[-79.111,-4.405],[-79.115,-4.392],[-79.109,-4.38],[-79.111,-4.376],[-79.11,-4.367],[-79.107,-4.365],[-79.108,-4.359],[-79.111,-4.356],[-79.112,-4.346],[-79.115,-4.342],[-79.109,-4.334],[-79.113,-4.328],[-79.113,-4.321],[-79.121,-4.312],[-79.121,-4.308],[-79.105,-4.288],[-79.109,-4.28],[-79.112,-4.278],[-79.115,-4.27],[-79.114,-4.267],[-79.108,-4.265],[-79.106,-4.259],[-79.105,-4.253],[-79.107,-4.25],[-79.105,-4.245],[-79.109,-4.224],[-79.101,-4.209],[-79.106,-4.206],[-79.106,-4.191],[-79.11,-4.183],[-79.123,-4.177],[-79.126,-4.169],[-79.134,-4.162],[-79.143,-4.164],[-79.151,-4.161],[-79.159,-4.154],[-79.159,-4.126],[-79.163,-4.112],[-79.161,-4.094],[-79.157,-4.088],[-79.155,-4.069],[-79.142,-4.059],[-79.142,-4.048],[-79.137,-4.036],[-79.146,-4.018],[-79.144,-4.01],[-79.148,-3.995],[-79.144,-3.987],[-79.143,-3.974],[-79.151,-3.964],[-79.148,-3.961],[-79.147,-3.956],[-79.14,-3.95],[-79.143,-3.942],[-79.142,-3.937],[-79.148,-3.932],[-79.148,-3.925],[-79.144,-3.915],[-79.144,-3.905],[-79.143,-3.902],[-79.134,-3.896],[-79.129,-3.889],[-79.132,-3.885],[-79.131,-3.876],[-79.133,-3.87],[-79.146,-3.856],[-79.141,-3.848],[-79.14,-3.84],[-79.144,-3.822],[-79.157,-3.819],[-79.161,-3.813],[-79.161,-3.805],[-79.167,-3.804],[-79.175,-3.797],[-79.177,-3.793],[-79.175,-3.792],[-79.179,-3.766],[-79.191,-3.754],[-79.19,-3.749],[-79.195,-3.742],[-79.193,-3.733],[-79.196,-3.731],[-79.196,-3.724],[-79.187,-3.719],[-79.183,-3.714],[-79.176,-3.711],[-79.164,-3.717],[-79.162,-3.714],[-79.161,-3.709],[-79.156,-3.703],[-79.157,-3.699],[-79.154,-3.697],[-79.154,-3.688],[-79.159,-3.677],[-79.157,-3.671],[-79.158,-3.663],[-79.146,-3.66],[-79.144,-3.664],[-79.141,-3.665],[-79.133,-3.661],[-79.131,-3.657],[-79.127,-3.657],[-79.117,-3.65],[-79.106,-3.647],[-79.111,-3.636],[-79.108,-3.631],[-79.097,-3.625],[-79.084,-3.626],[-79.068,-3.618],[-79.065,-3.612],[-79.058,-3.61],[-79.054,-3.596],[-79.054,-3.584],[-79.044,-3.581],[-79.044,-3.578],[-79.052,-3.575],[-79.054,-3.571],[-79.051,-3.566],[-79.052,-3.55],[-79.06,-3.535],[-79.064,-3.521],[-79.07,-3.514],[-79.065,-3.5],[-79.046,-3.485],[-79.041,-3.478],[-79.041,-3.474],[-79.056,-3.455],[-79.055,-3.449],[-79.06,-3.44],[-79.069,-3.438],[-79.055,-3.42],[-79.041,-3.394],[-79.037,-3.389],[-79.028,-3.383],[-79.027,-3.377],[-79.029,-3.372],[-79.013,-3.367],[-79.012,-3.355],[-79.003,-3.362],[-78.994,-3.359],[-78.993,-3.356],[-78.982,-3.353],[-78.98,-3.35],[-78.972,-3.352],[-78.966,-3.35],[-78.957,-3.343],[-78.943,-3.342],[-78.943,-3.346],[-78.939,-3.349],[-78.934,-3.349],[-78.931,-3.353],[-78.932,-3.359],[-78.927,-3.361],[-78.925,-3.365],[-78.921,-3.363],[-78.916,-3.367],[-78.914,-3.378],[-78.912,-3.381],[-78.906,-3.382],[-78.906,-3.389],[-78.902,-3.394],[-78.89,-3.395],[-78.882,-3.402],[-78.883,-3.406],[-78.881,-3.413],[-78.874,-3.422],[-78.879,-3.438],[-78.88,-3.446],[-78.878,-3.447],[-78.88,-3.451],[-78.874,-3.457],[-78.869,-3.459],[-78.867,-3.466],[-78.868,-3.476],[-78.865,-3.489],[-78.87,-3.494],[-78.871,-3.5],[-78.858,-3.515],[-78.848,-3.513],[-78.842,-3.518],[-78.837,-3.541],[-78.832,-3.549],[-78.82,-3.544],[-78.808,-3.543],[-78.795,-3.551],[-78.789,-3.551],[-78.787,-3.554],[-78.777,-3.557],[-78.775,-3.562],[-78.772,-3.563],[-78.768,-3.561],[-78.76,-3.564],[-78.754,-3.569],[-78.75,-3.568],[-78.749,-3.566],[-78.746,-3.567],[-78.744,-3.564],[-78.739,-3.562],[-78.725,-3.564],[-78.72,-3.562],[-78.72,-3.564],[-78.717,-3.565],[-78.715,-3.572],[-78.706,-3.578],[-78.695,-3.581],[-78.684,-3.588],[-78.681,-3.584],[-78.682,-3.582],[-78.677,-3.569],[-78.672,-3.564],[-78.669,-3.551],[-78.658,-3.547],[-78.657,-3.545],[-78.651,-3.545],[-78.646,-3.537],[-78.644,-3.539],[-78.639,-3.539],[-78.631,-3.534],[-78.628,-3.534],[-78.623,-3.538],[-78.615,-3.538],[-78.613,-3.539],[-78.613,-3.542],[-78.609,-3.542],[-78.603,-3.547],[-78.592,-3.55],[-78.59,-3.549],[-78.587,-3.551],[-78.581,-3.548],[-78.577,-3.551],[-78.57,-3.548],[-78.566,-3.544],[-78.56,-3.544],[-78.559,-3.542],[-78.553,-3.545],[-78.551,-3.542],[-78.544,-3.543],[-78.542,-3.539],[-78.534,-3.536],[-78.533,-3.532],[-78.535,-3.531],[-78.535,-3.528],[-78.368,-3.534],[-78.371,-3.542],[-78.376,-3.543],[-78.377,-3.549],[-78.388,-3.555],[-78.391,-3.56],[-78.391,-3.562],[-78.386,-3.565],[-78.386,-3.574],[-78.39,-3.576],[-78.39,-3.58],[-78.395,-3.588],[-78.393,-3.604],[-78.395,-3.606],[-78.399,-3.605],[-78.4,-3.608],[-78.396,-3.616],[-78.398,-3.623],[-78.394,-3.628],[-78.394,-3.632],[-78.386,-3.64],[-78.398,-3.647],[-78.401,-3.651],[-78.396,-3.656],[-78.395,-3.66],[-78.399,-3.671],[-78.393,-3.677],[-78.397,-3.687],[-78.401,-3.69],[-78.41,-3.691],[-78.416,-3.686],[-78.423,-3.691],[-78.423,-3.705],[-78.418,-3.709],[-78.419,-3.713],[-78.417,-3.718],[-78.417,-3.72],[-78.422,-3.723],[-78.41,-3.734],[-78.402,-3.735],[-78.409,-3.751],[-78.409,-3.755],[-78.415,-3.761],[-78.416,-3.765],[-78.416,-3.767],[-78.409,-3.772],[-78.409,-3.782],[-78.412,-3.789],[-78.43,-3.811],[-78.437,-3.815],[-78.437,-3.819],[-78.45,-3.824],[-78.453,-3.827],[-78.463,-3.825],[-78.466,-3.829],[-78.465,-3.832],[-78.461,-3.832],[-78.46,-3.838],[-78.463,-3.841],[-78.462,-3.844],[-78.468,-3.845],[-78.477,-3.859],[-78.479,-3.873],[-78.477,-3.878],[-78.478,-3.882],[-78.48,-3.888],[-78.487,-3.892],[-78.485,-3.897],[-78.48,-3.897],[-78.479,-3.901],[-78.476,-3.901],[-78.476,-3.906],[-78.489,-3.934],[-78.509,-3.934],[-78.519,-3.938],[-78.525,-3.937],[-78.529,-3.95],[-78.532,-3.951],[-78.533,-3.956],[-78.543,-3.965],[-78.542,-3.973],[-78.544,-3.975],[-78.548,-3.975],[-78.555,-3.982],[-78.561,-3.985],[-78.566,-3.993],[-78.566,-3.998],[-78.562,-4.001],[-78.564,-4.005],[-78.565,-4.023],[-78.57,-4.037],[-78.568,-4.04],[-78.568,-4.045],[-78.563,-4.05],[-78.538,-4.061],[-78.541,-4.074],[-78.552,-4.086],[-78.558,-4.089],[-78.563,-4.1],[-78.567,-4.1],[-78.581,-4.135],[-78.578,-4.142],[-78.58,-4.147],[-78.574,-4.171],[-78.579,-4.182],[-78.577,-4.196],[-78.589,-4.203],[-78.593,-4.208],[-78.6,-4.209],[-78.608,-4.22],[-78.609,-4.234],[-78.606,-4.241],[-78.606,-4.247],[-78.602,-4.25],[-78.603,-4.254],[-78.599,-4.258],[-78.603,-4.259],[-78.606,-4.265],[-78.611,-4.267],[-78.614,-4.284],[-78.618,-4.286],[-78.618,-4.294],[-78.634,-4.3],[-78.641,-4.306],[-78.646,-4.316],[-78.646,-4.325],[-78.652,-4.333],[-78.652,-4.339],[-78.648,-4.344],[-78.651,-4.352],[-78.649,-4.359],[-78.642,-4.369],[-78.639,-4.38],[-78.641,-4.401],[-78.637,-4.406],[-78.634,-4.415],[-78.625,-4.418],[-78.622,-4.414],[-78.611,-4.414],[-78.604,-4.412],[-78.6,-4.425],[-78.603,-4.431],[-78.615,-4.438],[-78.62,-4.437],[-78.624,-4.443],[-78.623,-4.445],[-78.627,-4.457],[-78.634,-4.463],[-78.634,-4.475],[-78.637,-4.478],[-78.639,-4.485],[-78.637,-4.488],[-78.638,-4.497],[-78.636,-4.501],[-78.648,-4.509],[-78.65,-4.517],[-78.656,-4.525],[-78.66,-4.527],[-78.663,-4.537],[-78.659,-4.547],[-78.661,-4.552],[-78.658,-4.556],[-78.657,-4.562],[-78.663,-4.57],[-78.66,-4.579],[-78.656,-4.582],[-78.656,-4.585],[-78.661,-4.586],[-78.668,-4.594],[-78.677,-4.592],[-78.681,-4.595],[-78.683,-4.6],[-78.696,-4.607],[-78.703,-4.616],[-78.706,-4.624],[-78.754,-4.63],[-78.764,-4.633],[-78.768,-4.639],[-78.776,-4.643],[-78.785,-4.638],[-78.794,-4.64],[-78.805,-4.638],[-78.822,-4.647],[-78.826,-4.647],[-78.843,-4.654],[-78.845,-4.659],[-78.856,-4.667],[-78.863,-4.679],[-78.864,-4.692],[-78.873,-4.703],[-78.881,-4.707],[-78.883,-4.712],[-78.889,-4.715],[-78.891,-4.722],[-78.889,-4.737],[-78.889,-4.762],[-78.893,-4.77],[-78.904,-4.773],[-78.908,-4.777],[-78.915,-4.78],[-78.912,-4.79],[-78.903,-4.795],[-78.901,-4.8],[-78.896,-4.802],[-78.891,-4.809],[-78.896,-4.812],[-78.898,-4.823],[-78.904,-4.835],[-78.915,-4.847],[-78.913,-4.857],[-78.902,-4.867],[-78.891,-4.872],[-78.893,-4.88],[-78.893,-4.898],[-78.9,-4.9],[-78.903,-4.899],[-78.907,-4.895],[-78.91,-4.895],[-78.914,-4.89],[-78.922,-4.893],[-78.934,-4.893],[-78.94,-4.897],[-78.946,-4.898],[-78.955,-4.893],[-78.972,-4.894],[-78.977,-4.903],[-78.979,-4.91],[-78.978,-4.914],[-78.986,-4.935],[-78.984,-4.942],[-78.987,-4.945],[-78.988,-4.953],[-78.993,-4.957],[-78.992,-4.966],[-79.004,-4.984],[-79.006,-4.998],[-79.009,-5.001],[-79.011,-5.009],[-79.016,-5.014],[-79.035,-5.014],[-79.037,-5.01],[-79.047,-5.002],[-79.051,-4.992],[-79.056,-4.988],[-79.062,-4.986],[-79.07,-4.991],[-79.072,-4.989],[-79.071,-4.98],[-79.073,-4.973],[-79.076,-4.97],[-79.085,-4.973],[-79.097,-4.974],[-79.102,-4.978],[-79.107,-4.977],[-79.11,-4.979],[-79.114,-4.976],[-79.115,-4.978],[-79.126,-4.976],[-79.128,-4.973],[-79.142,-4.965],[-79.17,-4.965],[-79.17,-4.962],[-79.18,-4.96],[-79.19,-4.964],[-79.202,-4.965],[-79.209,-4.963],[-79.212,-4.967],[-79.224,-4.964],[-79.247,-4.965],[-79.26,-4.968],[-79.266,-4.967],[-79.275,-4.955],[-79.282,-4.95],[-79.286,-4.943],[-79.288,-4.943],[-79.291,-4.939],[-79.292,-4.931],[-79.295,-4.93],[-79.3,-4.92],[-79.302,-4.913],[-79.3,-4.912],[-79.306,-4.899],[-79.311,-4.897],[-79.312,-4.901],[-79.32,-4.901],[-79.323,-4.896],[-79.331,-4.892],[-79.333,-4.885],[-79.344,-4.887],[-79.352,-4.88],[-79.353,-4.871],[-79.356,-4.866],[-79.355,-4.864],[-79.362,-4.852],[-79.361,-4.844],[-79.365,-4.841],[-79.368,-4.835],[-79.382,-4.831],[-79.392,-4.833],[-79.399,-4.829],[-79.423,-4.79],[-79.431,-4.756],[-79.428,-4.749]]]}}]}